DateKey,Date,Year,Quarter,QuarterName,MonthNumber,MonthName,MonthYear,YearMonthKey,WeekNumber,Day,DayName,FinancialYear,DaysInMonth,MonthEndDate,IsWeekend,IsMonthStart,IsMonthEnd,IsLeapYear
20160101,2016-01-01,2016,1,Q1,1,January,Jan 2016,201601,53,1,Friday,2016,31,2016-01-31,False,True,False,True
20160102,2016-01-02,2016,1,Q1,1,January,Jan 2016,201601,53,2,Saturday,2016,31,2016-01-31,True,False,False,True
20160103,2016-01-03,2016,1,Q1,1,January,Jan 2016,201601,53,3,Sunday,2016,31,2016-01-31,True,False,False,True
20160104,2016-01-04,2016,1,Q1,1,January,Jan 2016,201601,1,4,Monday,2016,31,2016-01-31,False,False,False,True
20160105,2016-01-05,2016,1,Q1,1,January,Jan 2016,201601,1,5,Tuesday,2016,31,2016-01-31,False,False,False,True
20160106,2016-01-06,2016,1,Q1,1,January,Jan 2016,201601,1,6,Wednesday,2016,31,2016-01-31,False,False,False,True
20160107,2016-01-07,2016,1,Q1,1,January,Jan 2016,201601,1,7,Thursday,2016,31,2016-01-31,False,False,False,True
20160108,2016-01-08,2016,1,Q1,1,January,Jan 2016,201601,1,8,Friday,2016,31,2016-01-31,False,False,False,True
20160109,2016-01-09,2016,1,Q1,1,January,Jan 2016,201601,1,9,Saturday,2016,31,2016-01-31,True,False,False,True
20160110,2016-01-10,2016,1,Q1,1,January,Jan 2016,201601,1,10,Sunday,2016,31,2016-01-31,True,False,False,True
20160111,2016-01-11,2016,1,Q1,1,January,Jan 2016,201601,2,11,Monday,2016,31,2016-01-31,False,False,False,True
20160112,2016-01-12,2016,1,Q1,1,January,Jan 2016,201601,2,12,Tuesday,2016,31,2016-01-31,False,False,False,True
20160113,2016-01-13,2016,1,Q1,1,January,Jan 2016,201601,2,13,Wednesday,2016,31,2016-01-31,False,False,False,True
20160114,2016-01-14,2016,1,Q1,1,January,Jan 2016,201601,2,14,Thursday,2016,31,2016-01-31,False,False,False,True
20160115,2016-01-15,2016,1,Q1,1,January,Jan 2016,201601,2,15,Friday,2016,31,2016-01-31,False,False,False,True
20160116,2016-01-16,2016,1,Q1,1,January,Jan 2016,201601,2,16,Saturday,2016,31,2016-01-31,True,False,False,True
20160117,2016-01-17,2016,1,Q1,1,January,Jan 2016,201601,2,17,Sunday,2016,31,2016-01-31,True,False,False,True
20160118,2016-01-18,2016,1,Q1,1,January,Jan 2016,201601,3,18,Monday,2016,31,2016-01-31,False,False,False,True
20160119,2016-01-19,2016,1,Q1,1,January,Jan 2016,201601,3,19,Tuesday,2016,31,2016-01-31,False,False,False,True
20160120,2016-01-20,2016,1,Q1,1,January,Jan 2016,201601,3,20,Wednesday,2016,31,2016-01-31,False,False,False,True
20160121,2016-01-21,2016,1,Q1,1,January,Jan 2016,201601,3,21,Thursday,2016,31,2016-01-31,False,False,False,True
20160122,2016-01-22,2016,1,Q1,1,January,Jan 2016,201601,3,22,Friday,2016,31,2016-01-31,False,False,False,True
20160123,2016-01-23,2016,1,Q1,1,January,Jan 2016,201601,3,23,Saturday,2016,31,2016-01-31,True,False,False,True
20160124,2016-01-24,2016,1,Q1,1,January,Jan 2016,201601,3,24,Sunday,2016,31,2016-01-31,True,False,False,True
20160125,2016-01-25,2016,1,Q1,1,January,Jan 2016,201601,4,25,Monday,2016,31,2016-01-31,False,False,False,True
20160126,2016-01-26,2016,1,Q1,1,January,Jan 2016,201601,4,26,Tuesday,2016,31,2016-01-31,False,False,False,True
20160127,2016-01-27,2016,1,Q1,1,January,Jan 2016,201601,4,27,Wednesday,2016,31,2016-01-31,False,False,False,True
20160128,2016-01-28,2016,1,Q1,1,January,Jan 2016,201601,4,28,Thursday,2016,31,2016-01-31,False,False,False,True
20160129,2016-01-29,2016,1,Q1,1,January,Jan 2016,201601,4,29,Friday,2016,31,2016-01-31,False,False,False,True
20160130,2016-01-30,2016,1,Q1,1,January,Jan 2016,201601,4,30,Saturday,2016,31,2016-01-31,True,False,False,True
20160131,2016-01-31,2016,1,Q1,1,January,Jan 2016,201601,4,31,Sunday,2016,31,2016-01-31,True,False,True,True
20160201,2016-02-01,2016,1,Q1,2,February,Feb 2016,201602,5,1,Monday,2016,29,2016-02-29,False,True,False,True
20160202,2016-02-02,2016,1,Q1,2,February,Feb 2016,201602,5,2,Tuesday,2016,29,2016-02-29,False,False,False,True
20160203,2016-02-03,2016,1,Q1,2,February,Feb 2016,201602,5,3,Wednesday,2016,29,2016-02-29,False,False,False,True
20160204,2016-02-04,2016,1,Q1,2,February,Feb 2016,201602,5,4,Thursday,2016,29,2016-02-29,False,False,False,True
20160205,2016-02-05,2016,1,Q1,2,February,Feb 2016,201602,5,5,Friday,2016,29,2016-02-29,False,False,False,True
20160206,2016-02-06,2016,1,Q1,2,February,Feb 2016,201602,5,6,Saturday,2016,29,2016-02-29,True,False,False,True
20160207,2016-02-07,2016,1,Q1,2,February,Feb 2016,201602,5,7,Sunday,2016,29,2016-02-29,True,False,False,True
20160208,2016-02-08,2016,1,Q1,2,February,Feb 2016,201602,6,8,Monday,2016,29,2016-02-29,False,False,False,True
20160209,2016-02-09,2016,1,Q1,2,February,Feb 2016,201602,6,9,Tuesday,2016,29,2016-02-29,False,False,False,True
20160210,2016-02-10,2016,1,Q1,2,February,Feb 2016,201602,6,10,Wednesday,2016,29,2016-02-29,False,False,False,True
20160211,2016-02-11,2016,1,Q1,2,February,Feb 2016,201602,6,11,Thursday,2016,29,2016-02-29,False,False,False,True
20160212,2016-02-12,2016,1,Q1,2,February,Feb 2016,201602,6,12,Friday,2016,29,2016-02-29,False,False,False,True
20160213,2016-02-13,2016,1,Q1,2,February,Feb 2016,201602,6,13,Saturday,2016,29,2016-02-29,True,False,False,True
20160214,2016-02-14,2016,1,Q1,2,February,Feb 2016,201602,6,14,Sunday,2016,29,2016-02-29,True,False,False,True
20160215,2016-02-15,2016,1,Q1,2,February,Feb 2016,201602,7,15,Monday,2016,29,2016-02-29,False,False,False,True
20160216,2016-02-16,2016,1,Q1,2,February,Feb 2016,201602,7,16,Tuesday,2016,29,2016-02-29,False,False,False,True
20160217,2016-02-17,2016,1,Q1,2,February,Feb 2016,201602,7,17,Wednesday,2016,29,2016-02-29,False,False,False,True
20160218,2016-02-18,2016,1,Q1,2,February,Feb 2016,201602,7,18,Thursday,2016,29,2016-02-29,False,False,False,True
20160219,2016-02-19,2016,1,Q1,2,February,Feb 2016,201602,7,19,Friday,2016,29,2016-02-29,False,False,False,True
20160220,2016-02-20,2016,1,Q1,2,February,Feb 2016,201602,7,20,Saturday,2016,29,2016-02-29,True,False,False,True
20160221,2016-02-21,2016,1,Q1,2,February,Feb 2016,201602,7,21,Sunday,2016,29,2016-02-29,True,False,False,True
20160222,2016-02-22,2016,1,Q1,2,February,Feb 2016,201602,8,22,Monday,2016,29,2016-02-29,False,False,False,True
20160223,2016-02-23,2016,1,Q1,2,February,Feb 2016,201602,8,23,Tuesday,2016,29,2016-02-29,False,False,False,True
20160224,2016-02-24,2016,1,Q1,2,February,Feb 2016,201602,8,24,Wednesday,2016,29,2016-02-29,False,False,False,True
20160225,2016-02-25,2016,1,Q1,2,February,Feb 2016,201602,8,25,Thursday,2016,29,2016-02-29,False,False,False,True
20160226,2016-02-26,2016,1,Q1,2,February,Feb 2016,201602,8,26,Friday,2016,29,2016-02-29,False,False,False,True
20160227,2016-02-27,2016,1,Q1,2,February,Feb 2016,201602,8,27,Saturday,2016,29,2016-02-29,True,False,False,True
20160228,2016-02-28,2016,1,Q1,2,February,Feb 2016,201602,8,28,Sunday,2016,29,2016-02-29,True,False,False,True
20160229,2016-02-29,2016,1,Q1,2,February,Feb 2016,201602,9,29,Monday,2016,29,2016-02-29,False,False,True,True
20160301,2016-03-01,2016,1,Q1,3,March,Mar 2016,201603,9,1,Tuesday,2016,31,2016-03-31,False,True,False,True
20160302,2016-03-02,2016,1,Q1,3,March,Mar 2016,201603,9,2,Wednesday,2016,31,2016-03-31,False,False,False,True
20160303,2016-03-03,2016,1,Q1,3,March,Mar 2016,201603,9,3,Thursday,2016,31,2016-03-31,False,False,False,True
20160304,2016-03-04,2016,1,Q1,3,March,Mar 2016,201603,9,4,Friday,2016,31,2016-03-31,False,False,False,True
20160305,2016-03-05,2016,1,Q1,3,March,Mar 2016,201603,9,5,Saturday,2016,31,2016-03-31,True,False,False,True
20160306,2016-03-06,2016,1,Q1,3,March,Mar 2016,201603,9,6,Sunday,2016,31,2016-03-31,True,False,False,True
20160307,2016-03-07,2016,1,Q1,3,March,Mar 2016,201603,10,7,Monday,2016,31,2016-03-31,False,False,False,True
20160308,2016-03-08,2016,1,Q1,3,March,Mar 2016,201603,10,8,Tuesday,2016,31,2016-03-31,False,False,False,True
20160309,2016-03-09,2016,1,Q1,3,March,Mar 2016,201603,10,9,Wednesday,2016,31,2016-03-31,False,False,False,True
20160310,2016-03-10,2016,1,Q1,3,March,Mar 2016,201603,10,10,Thursday,2016,31,2016-03-31,False,False,False,True
20160311,2016-03-11,2016,1,Q1,3,March,Mar 2016,201603,10,11,Friday,2016,31,2016-03-31,False,False,False,True
20160312,2016-03-12,2016,1,Q1,3,March,Mar 2016,201603,10,12,Saturday,2016,31,2016-03-31,True,False,False,True
20160313,2016-03-13,2016,1,Q1,3,March,Mar 2016,201603,10,13,Sunday,2016,31,2016-03-31,True,False,False,True
20160314,2016-03-14,2016,1,Q1,3,March,Mar 2016,201603,11,14,Monday,2016,31,2016-03-31,False,False,False,True
20160315,2016-03-15,2016,1,Q1,3,March,Mar 2016,201603,11,15,Tuesday,2016,31,2016-03-31,False,False,False,True
20160316,2016-03-16,2016,1,Q1,3,March,Mar 2016,201603,11,16,Wednesday,2016,31,2016-03-31,False,False,False,True
20160317,2016-03-17,2016,1,Q1,3,March,Mar 2016,201603,11,17,Thursday,2016,31,2016-03-31,False,False,False,True
20160318,2016-03-18,2016,1,Q1,3,March,Mar 2016,201603,11,18,Friday,2016,31,2016-03-31,False,False,False,True
20160319,2016-03-19,2016,1,Q1,3,March,Mar 2016,201603,11,19,Saturday,2016,31,2016-03-31,True,False,False,True
20160320,2016-03-20,2016,1,Q1,3,March,Mar 2016,201603,11,20,Sunday,2016,31,2016-03-31,True,False,False,True
20160321,2016-03-21,2016,1,Q1,3,March,Mar 2016,201603,12,21,Monday,2016,31,2016-03-31,False,False,False,True
20160322,2016-03-22,2016,1,Q1,3,March,Mar 2016,201603,12,22,Tuesday,2016,31,2016-03-31,False,False,False,True
20160323,2016-03-23,2016,1,Q1,3,March,Mar 2016,201603,12,23,Wednesday,2016,31,2016-03-31,False,False,False,True
20160324,2016-03-24,2016,1,Q1,3,March,Mar 2016,201603,12,24,Thursday,2016,31,2016-03-31,False,False,False,True
20160325,2016-03-25,2016,1,Q1,3,March,Mar 2016,201603,12,25,Friday,2016,31,2016-03-31,False,False,False,True
20160326,2016-03-26,2016,1,Q1,3,March,Mar 2016,201603,12,26,Saturday,2016,31,2016-03-31,True,False,False,True
20160327,2016-03-27,2016,1,Q1,3,March,Mar 2016,201603,12,27,Sunday,2016,31,2016-03-31,True,False,False,True
20160328,2016-03-28,2016,1,Q1,3,March,Mar 2016,201603,13,28,Monday,2016,31,2016-03-31,False,False,False,True
20160329,2016-03-29,2016,1,Q1,3,March,Mar 2016,201603,13,29,Tuesday,2016,31,2016-03-31,False,False,False,True
20160330,2016-03-30,2016,1,Q1,3,March,Mar 2016,201603,13,30,Wednesday,2016,31,2016-03-31,False,False,False,True
20160331,2016-03-31,2016,1,Q1,3,March,Mar 2016,201603,13,31,Thursday,2016,31,2016-03-31,False,False,True,True
20160401,2016-04-01,2016,2,Q2,4,April,Apr 2016,201604,13,1,Friday,2016,30,2016-04-30,False,True,False,True
20160402,2016-04-02,2016,2,Q2,4,April,Apr 2016,201604,13,2,Saturday,2016,30,2016-04-30,True,False,False,True
20160403,2016-04-03,2016,2,Q2,4,April,Apr 2016,201604,13,3,Sunday,2016,30,2016-04-30,True,False,False,True
20160404,2016-04-04,2016,2,Q2,4,April,Apr 2016,201604,14,4,Monday,2016,30,2016-04-30,False,False,False,True
20160405,2016-04-05,2016,2,Q2,4,April,Apr 2016,201604,14,5,Tuesday,2016,30,2016-04-30,False,False,False,True
20160406,2016-04-06,2016,2,Q2,4,April,Apr 2016,201604,14,6,Wednesday,2016,30,2016-04-30,False,False,False,True
20160407,2016-04-07,2016,2,Q2,4,April,Apr 2016,201604,14,7,Thursday,2016,30,2016-04-30,False,False,False,True
20160408,2016-04-08,2016,2,Q2,4,April,Apr 2016,201604,14,8,Friday,2016,30,2016-04-30,False,False,False,True
20160409,2016-04-09,2016,2,Q2,4,April,Apr 2016,201604,14,9,Saturday,2016,30,2016-04-30,True,False,False,True
20160410,2016-04-10,2016,2,Q2,4,April,Apr 2016,201604,14,10,Sunday,2016,30,2016-04-30,True,False,False,True
20160411,2016-04-11,2016,2,Q2,4,April,Apr 2016,201604,15,11,Monday,2016,30,2016-04-30,False,False,False,True
20160412,2016-04-12,2016,2,Q2,4,April,Apr 2016,201604,15,12,Tuesday,2016,30,2016-04-30,False,False,False,True
20160413,2016-04-13,2016,2,Q2,4,April,Apr 2016,201604,15,13,Wednesday,2016,30,2016-04-30,False,False,False,True
20160414,2016-04-14,2016,2,Q2,4,April,Apr 2016,201604,15,14,Thursday,2016,30,2016-04-30,False,False,False,True
20160415,2016-04-15,2016,2,Q2,4,April,Apr 2016,201604,15,15,Friday,2016,30,2016-04-30,False,False,False,True
20160416,2016-04-16,2016,2,Q2,4,April,Apr 2016,201604,15,16,Saturday,2016,30,2016-04-30,True,False,False,True
20160417,2016-04-17,2016,2,Q2,4,April,Apr 2016,201604,15,17,Sunday,2016,30,2016-04-30,True,False,False,True
20160418,2016-04-18,2016,2,Q2,4,April,Apr 2016,201604,16,18,Monday,2016,30,2016-04-30,False,False,False,True
20160419,2016-04-19,2016,2,Q2,4,April,Apr 2016,201604,16,19,Tuesday,2016,30,2016-04-30,False,False,False,True
20160420,2016-04-20,2016,2,Q2,4,April,Apr 2016,201604,16,20,Wednesday,2016,30,2016-04-30,False,False,False,True
20160421,2016-04-21,2016,2,Q2,4,April,Apr 2016,201604,16,21,Thursday,2016,30,2016-04-30,False,False,False,True
20160422,2016-04-22,2016,2,Q2,4,April,Apr 2016,201604,16,22,Friday,2016,30,2016-04-30,False,False,False,True
20160423,2016-04-23,2016,2,Q2,4,April,Apr 2016,201604,16,23,Saturday,2016,30,2016-04-30,True,False,False,True
20160424,2016-04-24,2016,2,Q2,4,April,Apr 2016,201604,16,24,Sunday,2016,30,2016-04-30,True,False,False,True
20160425,2016-04-25,2016,2,Q2,4,April,Apr 2016,201604,17,25,Monday,2016,30,2016-04-30,False,False,False,True
20160426,2016-04-26,2016,2,Q2,4,April,Apr 2016,201604,17,26,Tuesday,2016,30,2016-04-30,False,False,False,True
20160427,2016-04-27,2016,2,Q2,4,April,Apr 2016,201604,17,27,Wednesday,2016,30,2016-04-30,False,False,False,True
20160428,2016-04-28,2016,2,Q2,4,April,Apr 2016,201604,17,28,Thursday,2016,30,2016-04-30,False,False,False,True
20160429,2016-04-29,2016,2,Q2,4,April,Apr 2016,201604,17,29,Friday,2016,30,2016-04-30,False,False,False,True
20160430,2016-04-30,2016,2,Q2,4,April,Apr 2016,201604,17,30,Saturday,2016,30,2016-04-30,True,False,True,True
20160501,2016-05-01,2016,2,Q2,5,May,May 2016,201605,17,1,Sunday,2016,31,2016-05-31,True,True,False,True
20160502,2016-05-02,2016,2,Q2,5,May,May 2016,201605,18,2,Monday,2016,31,2016-05-31,False,False,False,True
20160503,2016-05-03,2016,2,Q2,5,May,May 2016,201605,18,3,Tuesday,2016,31,2016-05-31,False,False,False,True
20160504,2016-05-04,2016,2,Q2,5,May,May 2016,201605,18,4,Wednesday,2016,31,2016-05-31,False,False,False,True
20160505,2016-05-05,2016,2,Q2,5,May,May 2016,201605,18,5,Thursday,2016,31,2016-05-31,False,False,False,True
20160506,2016-05-06,2016,2,Q2,5,May,May 2016,201605,18,6,Friday,2016,31,2016-05-31,False,False,False,True
20160507,2016-05-07,2016,2,Q2,5,May,May 2016,201605,18,7,Saturday,2016,31,2016-05-31,True,False,False,True
20160508,2016-05-08,2016,2,Q2,5,May,May 2016,201605,18,8,Sunday,2016,31,2016-05-31,True,False,False,True
20160509,2016-05-09,2016,2,Q2,5,May,May 2016,201605,19,9,Monday,2016,31,2016-05-31,False,False,False,True
20160510,2016-05-10,2016,2,Q2,5,May,May 2016,201605,19,10,Tuesday,2016,31,2016-05-31,False,False,False,True
20160511,2016-05-11,2016,2,Q2,5,May,May 2016,201605,19,11,Wednesday,2016,31,2016-05-31,False,False,False,True
20160512,2016-05-12,2016,2,Q2,5,May,May 2016,201605,19,12,Thursday,2016,31,2016-05-31,False,False,False,True
20160513,2016-05-13,2016,2,Q2,5,May,May 2016,201605,19,13,Friday,2016,31,2016-05-31,False,False,False,True
20160514,2016-05-14,2016,2,Q2,5,May,May 2016,201605,19,14,Saturday,2016,31,2016-05-31,True,False,False,True
20160515,2016-05-15,2016,2,Q2,5,May,May 2016,201605,19,15,Sunday,2016,31,2016-05-31,True,False,False,True
20160516,2016-05-16,2016,2,Q2,5,May,May 2016,201605,20,16,Monday,2016,31,2016-05-31,False,False,False,True
20160517,2016-05-17,2016,2,Q2,5,May,May 2016,201605,20,17,Tuesday,2016,31,2016-05-31,False,False,False,True
20160518,2016-05-18,2016,2,Q2,5,May,May 2016,201605,20,18,Wednesday,2016,31,2016-05-31,False,False,False,True
20160519,2016-05-19,2016,2,Q2,5,May,May 2016,201605,20,19,Thursday,2016,31,2016-05-31,False,False,False,True
20160520,2016-05-20,2016,2,Q2,5,May,May 2016,201605,20,20,Friday,2016,31,2016-05-31,False,False,False,True
20160521,2016-05-21,2016,2,Q2,5,May,May 2016,201605,20,21,Saturday,2016,31,2016-05-31,True,False,False,True
20160522,2016-05-22,2016,2,Q2,5,May,May 2016,201605,20,22,Sunday,2016,31,2016-05-31,True,False,False,True
20160523,2016-05-23,2016,2,Q2,5,May,May 2016,201605,21,23,Monday,2016,31,2016-05-31,False,False,False,True
20160524,2016-05-24,2016,2,Q2,5,May,May 2016,201605,21,24,Tuesday,2016,31,2016-05-31,False,False,False,True
20160525,2016-05-25,2016,2,Q2,5,May,May 2016,201605,21,25,Wednesday,2016,31,2016-05-31,False,False,False,True
20160526,2016-05-26,2016,2,Q2,5,May,May 2016,201605,21,26,Thursday,2016,31,2016-05-31,False,False,False,True
20160527,2016-05-27,2016,2,Q2,5,May,May 2016,201605,21,27,Friday,2016,31,2016-05-31,False,False,False,True
20160528,2016-05-28,2016,2,Q2,5,May,May 2016,201605,21,28,Saturday,2016,31,2016-05-31,True,False,False,True
20160529,2016-05-29,2016,2,Q2,5,May,May 2016,201605,21,29,Sunday,2016,31,2016-05-31,True,False,False,True
20160530,2016-05-30,2016,2,Q2,5,May,May 2016,201605,22,30,Monday,2016,31,2016-05-31,False,False,False,True
20160531,2016-05-31,2016,2,Q2,5,May,May 2016,201605,22,31,Tuesday,2016,31,2016-05-31,False,False,True,True
20160601,2016-06-01,2016,2,Q2,6,June,Jun 2016,201606,22,1,Wednesday,2016,30,2016-06-30,False,True,False,True
20160602,2016-06-02,2016,2,Q2,6,June,Jun 2016,201606,22,2,Thursday,2016,30,2016-06-30,False,False,False,True
20160603,2016-06-03,2016,2,Q2,6,June,Jun 2016,201606,22,3,Friday,2016,30,2016-06-30,False,False,False,True
20160604,2016-06-04,2016,2,Q2,6,June,Jun 2016,201606,22,4,Saturday,2016,30,2016-06-30,True,False,False,True
20160605,2016-06-05,2016,2,Q2,6,June,Jun 2016,201606,22,5,Sunday,2016,30,2016-06-30,True,False,False,True
20160606,2016-06-06,2016,2,Q2,6,June,Jun 2016,201606,23,6,Monday,2016,30,2016-06-30,False,False,False,True
20160607,2016-06-07,2016,2,Q2,6,June,Jun 2016,201606,23,7,Tuesday,2016,30,2016-06-30,False,False,False,True
20160608,2016-06-08,2016,2,Q2,6,June,Jun 2016,201606,23,8,Wednesday,2016,30,2016-06-30,False,False,False,True
20160609,2016-06-09,2016,2,Q2,6,June,Jun 2016,201606,23,9,Thursday,2016,30,2016-06-30,False,False,False,True
20160610,2016-06-10,2016,2,Q2,6,June,Jun 2016,201606,23,10,Friday,2016,30,2016-06-30,False,False,False,True
20160611,2016-06-11,2016,2,Q2,6,June,Jun 2016,201606,23,11,Saturday,2016,30,2016-06-30,True,False,False,True
20160612,2016-06-12,2016,2,Q2,6,June,Jun 2016,201606,23,12,Sunday,2016,30,2016-06-30,True,False,False,True
20160613,2016-06-13,2016,2,Q2,6,June,Jun 2016,201606,24,13,Monday,2016,30,2016-06-30,False,False,False,True
20160614,2016-06-14,2016,2,Q2,6,June,Jun 2016,201606,24,14,Tuesday,2016,30,2016-06-30,False,False,False,True
20160615,2016-06-15,2016,2,Q2,6,June,Jun 2016,201606,24,15,Wednesday,2016,30,2016-06-30,False,False,False,True
20160616,2016-06-16,2016,2,Q2,6,June,Jun 2016,201606,24,16,Thursday,2016,30,2016-06-30,False,False,False,True
20160617,2016-06-17,2016,2,Q2,6,June,Jun 2016,201606,24,17,Friday,2016,30,2016-06-30,False,False,False,True
20160618,2016-06-18,2016,2,Q2,6,June,Jun 2016,201606,24,18,Saturday,2016,30,2016-06-30,True,False,False,True
20160619,2016-06-19,2016,2,Q2,6,June,Jun 2016,201606,24,19,Sunday,2016,30,2016-06-30,True,False,False,True
20160620,2016-06-20,2016,2,Q2,6,June,Jun 2016,201606,25,20,Monday,2016,30,2016-06-30,False,False,False,True
20160621,2016-06-21,2016,2,Q2,6,June,Jun 2016,201606,25,21,Tuesday,2016,30,2016-06-30,False,False,False,True
20160622,2016-06-22,2016,2,Q2,6,June,Jun 2016,201606,25,22,Wednesday,2016,30,2016-06-30,False,False,False,True
20160623,2016-06-23,2016,2,Q2,6,June,Jun 2016,201606,25,23,Thursday,2016,30,2016-06-30,False,False,False,True
20160624,2016-06-24,2016,2,Q2,6,June,Jun 2016,201606,25,24,Friday,2016,30,2016-06-30,False,False,False,True
20160625,2016-06-25,2016,2,Q2,6,June,Jun 2016,201606,25,25,Saturday,2016,30,2016-06-30,True,False,False,True
20160626,2016-06-26,2016,2,Q2,6,June,Jun 2016,201606,25,26,Sunday,2016,30,2016-06-30,True,False,False,True
20160627,2016-06-27,2016,2,Q2,6,June,Jun 2016,201606,26,27,Monday,2016,30,2016-06-30,False,False,False,True
20160628,2016-06-28,2016,2,Q2,6,June,Jun 2016,201606,26,28,Tuesday,2016,30,2016-06-30,False,False,False,True
20160629,2016-06-29,2016,2,Q2,6,June,Jun 2016,201606,26,29,Wednesday,2016,30,2016-06-30,False,False,False,True
20160630,2016-06-30,2016,2,Q2,6,June,Jun 2016,201606,26,30,Thursday,2016,30,2016-06-30,False,False,True,True
20160701,2016-07-01,2016,3,Q3,7,July,Jul 2016,201607,26,1,Friday,2016,31,2016-07-31,False,True,False,True
20160702,2016-07-02,2016,3,Q3,7,July,Jul 2016,201607,26,2,Saturday,2016,31,2016-07-31,True,False,False,True
20160703,2016-07-03,2016,3,Q3,7,July,Jul 2016,201607,26,3,Sunday,2016,31,2016-07-31,True,False,False,True
20160704,2016-07-04,2016,3,Q3,7,July,Jul 2016,201607,27,4,Monday,2016,31,2016-07-31,False,False,False,True
20160705,2016-07-05,2016,3,Q3,7,July,Jul 2016,201607,27,5,Tuesday,2016,31,2016-07-31,False,False,False,True
20160706,2016-07-06,2016,3,Q3,7,July,Jul 2016,201607,27,6,Wednesday,2016,31,2016-07-31,False,False,False,True
20160707,2016-07-07,2016,3,Q3,7,July,Jul 2016,201607,27,7,Thursday,2016,31,2016-07-31,False,False,False,True
20160708,2016-07-08,2016,3,Q3,7,July,Jul 2016,201607,27,8,Friday,2016,31,2016-07-31,False,False,False,True
20160709,2016-07-09,2016,3,Q3,7,July,Jul 2016,201607,27,9,Saturday,2016,31,2016-07-31,True,False,False,True
20160710,2016-07-10,2016,3,Q3,7,July,Jul 2016,201607,27,10,Sunday,2016,31,2016-07-31,True,False,False,True
20160711,2016-07-11,2016,3,Q3,7,July,Jul 2016,201607,28,11,Monday,2016,31,2016-07-31,False,False,False,True
20160712,2016-07-12,2016,3,Q3,7,July,Jul 2016,201607,28,12,Tuesday,2016,31,2016-07-31,False,False,False,True
20160713,2016-07-13,2016,3,Q3,7,July,Jul 2016,201607,28,13,Wednesday,2016,31,2016-07-31,False,False,False,True
20160714,2016-07-14,2016,3,Q3,7,July,Jul 2016,201607,28,14,Thursday,2016,31,2016-07-31,False,False,False,True
20160715,2016-07-15,2016,3,Q3,7,July,Jul 2016,201607,28,15,Friday,2016,31,2016-07-31,False,False,False,True
20160716,2016-07-16,2016,3,Q3,7,July,Jul 2016,201607,28,16,Saturday,2016,31,2016-07-31,True,False,False,True
20160717,2016-07-17,2016,3,Q3,7,July,Jul 2016,201607,28,17,Sunday,2016,31,2016-07-31,True,False,False,True
20160718,2016-07-18,2016,3,Q3,7,July,Jul 2016,201607,29,18,Monday,2016,31,2016-07-31,False,False,False,True
20160719,2016-07-19,2016,3,Q3,7,July,Jul 2016,201607,29,19,Tuesday,2016,31,2016-07-31,False,False,False,True
20160720,2016-07-20,2016,3,Q3,7,July,Jul 2016,201607,29,20,Wednesday,2016,31,2016-07-31,False,False,False,True
20160721,2016-07-21,2016,3,Q3,7,July,Jul 2016,201607,29,21,Thursday,2016,31,2016-07-31,False,False,False,True
20160722,2016-07-22,2016,3,Q3,7,July,Jul 2016,201607,29,22,Friday,2016,31,2016-07-31,False,False,False,True
20160723,2016-07-23,2016,3,Q3,7,July,Jul 2016,201607,29,23,Saturday,2016,31,2016-07-31,True,False,False,True
20160724,2016-07-24,2016,3,Q3,7,July,Jul 2016,201607,29,24,Sunday,2016,31,2016-07-31,True,False,False,True
20160725,2016-07-25,2016,3,Q3,7,July,Jul 2016,201607,30,25,Monday,2016,31,2016-07-31,False,False,False,True
20160726,2016-07-26,2016,3,Q3,7,July,Jul 2016,201607,30,26,Tuesday,2016,31,2016-07-31,False,False,False,True
20160727,2016-07-27,2016,3,Q3,7,July,Jul 2016,201607,30,27,Wednesday,2016,31,2016-07-31,False,False,False,True
20160728,2016-07-28,2016,3,Q3,7,July,Jul 2016,201607,30,28,Thursday,2016,31,2016-07-31,False,False,False,True
20160729,2016-07-29,2016,3,Q3,7,July,Jul 2016,201607,30,29,Friday,2016,31,2016-07-31,False,False,False,True
20160730,2016-07-30,2016,3,Q3,7,July,Jul 2016,201607,30,30,Saturday,2016,31,2016-07-31,True,False,False,True
20160731,2016-07-31,2016,3,Q3,7,July,Jul 2016,201607,30,31,Sunday,2016,31,2016-07-31,True,False,True,True
20160801,2016-08-01,2016,3,Q3,8,August,Aug 2016,201608,31,1,Monday,2016,31,2016-08-31,False,True,False,True
20160802,2016-08-02,2016,3,Q3,8,August,Aug 2016,201608,31,2,Tuesday,2016,31,2016-08-31,False,False,False,True
20160803,2016-08-03,2016,3,Q3,8,August,Aug 2016,201608,31,3,Wednesday,2016,31,2016-08-31,False,False,False,True
20160804,2016-08-04,2016,3,Q3,8,August,Aug 2016,201608,31,4,Thursday,2016,31,2016-08-31,False,False,False,True
20160805,2016-08-05,2016,3,Q3,8,August,Aug 2016,201608,31,5,Friday,2016,31,2016-08-31,False,False,False,True
20160806,2016-08-06,2016,3,Q3,8,August,Aug 2016,201608,31,6,Saturday,2016,31,2016-08-31,True,False,False,True
20160807,2016-08-07,2016,3,Q3,8,August,Aug 2016,201608,31,7,Sunday,2016,31,2016-08-31,True,False,False,True
20160808,2016-08-08,2016,3,Q3,8,August,Aug 2016,201608,32,8,Monday,2016,31,2016-08-31,False,False,False,True
20160809,2016-08-09,2016,3,Q3,8,August,Aug 2016,201608,32,9,Tuesday,2016,31,2016-08-31,False,False,False,True
20160810,2016-08-10,2016,3,Q3,8,August,Aug 2016,201608,32,10,Wednesday,2016,31,2016-08-31,False,False,False,True
20160811,2016-08-11,2016,3,Q3,8,August,Aug 2016,201608,32,11,Thursday,2016,31,2016-08-31,False,False,False,True
20160812,2016-08-12,2016,3,Q3,8,August,Aug 2016,201608,32,12,Friday,2016,31,2016-08-31,False,False,False,True
20160813,2016-08-13,2016,3,Q3,8,August,Aug 2016,201608,32,13,Saturday,2016,31,2016-08-31,True,False,False,True
20160814,2016-08-14,2016,3,Q3,8,August,Aug 2016,201608,32,14,Sunday,2016,31,2016-08-31,True,False,False,True
20160815,2016-08-15,2016,3,Q3,8,August,Aug 2016,201608,33,15,Monday,2016,31,2016-08-31,False,False,False,True
20160816,2016-08-16,2016,3,Q3,8,August,Aug 2016,201608,33,16,Tuesday,2016,31,2016-08-31,False,False,False,True
20160817,2016-08-17,2016,3,Q3,8,August,Aug 2016,201608,33,17,Wednesday,2016,31,2016-08-31,False,False,False,True
20160818,2016-08-18,2016,3,Q3,8,August,Aug 2016,201608,33,18,Thursday,2016,31,2016-08-31,False,False,False,True
20160819,2016-08-19,2016,3,Q3,8,August,Aug 2016,201608,33,19,Friday,2016,31,2016-08-31,False,False,False,True
20160820,2016-08-20,2016,3,Q3,8,August,Aug 2016,201608,33,20,Saturday,2016,31,2016-08-31,True,False,False,True
20160821,2016-08-21,2016,3,Q3,8,August,Aug 2016,201608,33,21,Sunday,2016,31,2016-08-31,True,False,False,True
20160822,2016-08-22,2016,3,Q3,8,August,Aug 2016,201608,34,22,Monday,2016,31,2016-08-31,False,False,False,True
20160823,2016-08-23,2016,3,Q3,8,August,Aug 2016,201608,34,23,Tuesday,2016,31,2016-08-31,False,False,False,True
20160824,2016-08-24,2016,3,Q3,8,August,Aug 2016,201608,34,24,Wednesday,2016,31,2016-08-31,False,False,False,True
20160825,2016-08-25,2016,3,Q3,8,August,Aug 2016,201608,34,25,Thursday,2016,31,2016-08-31,False,False,False,True
20160826,2016-08-26,2016,3,Q3,8,August,Aug 2016,201608,34,26,Friday,2016,31,2016-08-31,False,False,False,True
20160827,2016-08-27,2016,3,Q3,8,August,Aug 2016,201608,34,27,Saturday,2016,31,2016-08-31,True,False,False,True
20160828,2016-08-28,2016,3,Q3,8,August,Aug 2016,201608,34,28,Sunday,2016,31,2016-08-31,True,False,False,True
20160829,2016-08-29,2016,3,Q3,8,August,Aug 2016,201608,35,29,Monday,2016,31,2016-08-31,False,False,False,True
20160830,2016-08-30,2016,3,Q3,8,August,Aug 2016,201608,35,30,Tuesday,2016,31,2016-08-31,False,False,False,True
20160831,2016-08-31,2016,3,Q3,8,August,Aug 2016,201608,35,31,Wednesday,2016,31,2016-08-31,False,False,True,True
20160901,2016-09-01,2016,3,Q3,9,September,Sep 2016,201609,35,1,Thursday,2016,30,2016-09-30,False,True,False,True
20160902,2016-09-02,2016,3,Q3,9,September,Sep 2016,201609,35,2,Friday,2016,30,2016-09-30,False,False,False,True
20160903,2016-09-03,2016,3,Q3,9,September,Sep 2016,201609,35,3,Saturday,2016,30,2016-09-30,True,False,False,True
20160904,2016-09-04,2016,3,Q3,9,September,Sep 2016,201609,35,4,Sunday,2016,30,2016-09-30,True,False,False,True
20160905,2016-09-05,2016,3,Q3,9,September,Sep 2016,201609,36,5,Monday,2016,30,2016-09-30,False,False,False,True
20160906,2016-09-06,2016,3,Q3,9,September,Sep 2016,201609,36,6,Tuesday,2016,30,2016-09-30,False,False,False,True
20160907,2016-09-07,2016,3,Q3,9,September,Sep 2016,201609,36,7,Wednesday,2016,30,2016-09-30,False,False,False,True
20160908,2016-09-08,2016,3,Q3,9,September,Sep 2016,201609,36,8,Thursday,2016,30,2016-09-30,False,False,False,True
20160909,2016-09-09,2016,3,Q3,9,September,Sep 2016,201609,36,9,Friday,2016,30,2016-09-30,False,False,False,True
20160910,2016-09-10,2016,3,Q3,9,September,Sep 2016,201609,36,10,Saturday,2016,30,2016-09-30,True,False,False,True
20160911,2016-09-11,2016,3,Q3,9,September,Sep 2016,201609,36,11,Sunday,2016,30,2016-09-30,True,False,False,True
20160912,2016-09-12,2016,3,Q3,9,September,Sep 2016,201609,37,12,Monday,2016,30,2016-09-30,False,False,False,True
20160913,2016-09-13,2016,3,Q3,9,September,Sep 2016,201609,37,13,Tuesday,2016,30,2016-09-30,False,False,False,True
20160914,2016-09-14,2016,3,Q3,9,September,Sep 2016,201609,37,14,Wednesday,2016,30,2016-09-30,False,False,False,True
20160915,2016-09-15,2016,3,Q3,9,September,Sep 2016,201609,37,15,Thursday,2016,30,2016-09-30,False,False,False,True
20160916,2016-09-16,2016,3,Q3,9,September,Sep 2016,201609,37,16,Friday,2016,30,2016-09-30,False,False,False,True
20160917,2016-09-17,2016,3,Q3,9,September,Sep 2016,201609,37,17,Saturday,2016,30,2016-09-30,True,False,False,True
20160918,2016-09-18,2016,3,Q3,9,September,Sep 2016,201609,37,18,Sunday,2016,30,2016-09-30,True,False,False,True
20160919,2016-09-19,2016,3,Q3,9,September,Sep 2016,201609,38,19,Monday,2016,30,2016-09-30,False,False,False,True
20160920,2016-09-20,2016,3,Q3,9,September,Sep 2016,201609,38,20,Tuesday,2016,30,2016-09-30,False,False,False,True
20160921,2016-09-21,2016,3,Q3,9,September,Sep 2016,201609,38,21,Wednesday,2016,30,2016-09-30,False,False,False,True
20160922,2016-09-22,2016,3,Q3,9,September,Sep 2016,201609,38,22,Thursday,2016,30,2016-09-30,False,False,False,True
20160923,2016-09-23,2016,3,Q3,9,September,Sep 2016,201609,38,23,Friday,2016,30,2016-09-30,False,False,False,True
20160924,2016-09-24,2016,3,Q3,9,September,Sep 2016,201609,38,24,Saturday,2016,30,2016-09-30,True,False,False,True
20160925,2016-09-25,2016,3,Q3,9,September,Sep 2016,201609,38,25,Sunday,2016,30,2016-09-30,True,False,False,True
20160926,2016-09-26,2016,3,Q3,9,September,Sep 2016,201609,39,26,Monday,2016,30,2016-09-30,False,False,False,True
20160927,2016-09-27,2016,3,Q3,9,September,Sep 2016,201609,39,27,Tuesday,2016,30,2016-09-30,False,False,False,True
20160928,2016-09-28,2016,3,Q3,9,September,Sep 2016,201609,39,28,Wednesday,2016,30,2016-09-30,False,False,False,True
20160929,2016-09-29,2016,3,Q3,9,September,Sep 2016,201609,39,29,Thursday,2016,30,2016-09-30,False,False,False,True
20160930,2016-09-30,2016,3,Q3,9,September,Sep 2016,201609,39,30,Friday,2016,30,2016-09-30,False,False,True,True
20161001,2016-10-01,2016,4,Q4,10,October,Oct 2016,201610,39,1,Saturday,2016,31,2016-10-31,True,True,False,True
20161002,2016-10-02,2016,4,Q4,10,October,Oct 2016,201610,39,2,Sunday,2016,31,2016-10-31,True,False,False,True
20161003,2016-10-03,2016,4,Q4,10,October,Oct 2016,201610,40,3,Monday,2016,31,2016-10-31,False,False,False,True
20161004,2016-10-04,2016,4,Q4,10,October,Oct 2016,201610,40,4,Tuesday,2016,31,2016-10-31,False,False,False,True
20161005,2016-10-05,2016,4,Q4,10,October,Oct 2016,201610,40,5,Wednesday,2016,31,2016-10-31,False,False,False,True
20161006,2016-10-06,2016,4,Q4,10,October,Oct 2016,201610,40,6,Thursday,2016,31,2016-10-31,False,False,False,True
20161007,2016-10-07,2016,4,Q4,10,October,Oct 2016,201610,40,7,Friday,2016,31,2016-10-31,False,False,False,True
20161008,2016-10-08,2016,4,Q4,10,October,Oct 2016,201610,40,8,Saturday,2016,31,2016-10-31,True,False,False,True
20161009,2016-10-09,2016,4,Q4,10,October,Oct 2016,201610,40,9,Sunday,2016,31,2016-10-31,True,False,False,True
20161010,2016-10-10,2016,4,Q4,10,October,Oct 2016,201610,41,10,Monday,2016,31,2016-10-31,False,False,False,True
20161011,2016-10-11,2016,4,Q4,10,October,Oct 2016,201610,41,11,Tuesday,2016,31,2016-10-31,False,False,False,True
20161012,2016-10-12,2016,4,Q4,10,October,Oct 2016,201610,41,12,Wednesday,2016,31,2016-10-31,False,False,False,True
20161013,2016-10-13,2016,4,Q4,10,October,Oct 2016,201610,41,13,Thursday,2016,31,2016-10-31,False,False,False,True
20161014,2016-10-14,2016,4,Q4,10,October,Oct 2016,201610,41,14,Friday,2016,31,2016-10-31,False,False,False,True
20161015,2016-10-15,2016,4,Q4,10,October,Oct 2016,201610,41,15,Saturday,2016,31,2016-10-31,True,False,False,True
20161016,2016-10-16,2016,4,Q4,10,October,Oct 2016,201610,41,16,Sunday,2016,31,2016-10-31,True,False,False,True
20161017,2016-10-17,2016,4,Q4,10,October,Oct 2016,201610,42,17,Monday,2016,31,2016-10-31,False,False,False,True
20161018,2016-10-18,2016,4,Q4,10,October,Oct 2016,201610,42,18,Tuesday,2016,31,2016-10-31,False,False,False,True
20161019,2016-10-19,2016,4,Q4,10,October,Oct 2016,201610,42,19,Wednesday,2016,31,2016-10-31,False,False,False,True
20161020,2016-10-20,2016,4,Q4,10,October,Oct 2016,201610,42,20,Thursday,2016,31,2016-10-31,False,False,False,True
20161021,2016-10-21,2016,4,Q4,10,October,Oct 2016,201610,42,21,Friday,2016,31,2016-10-31,False,False,False,True
20161022,2016-10-22,2016,4,Q4,10,October,Oct 2016,201610,42,22,Saturday,2016,31,2016-10-31,True,False,False,True
20161023,2016-10-23,2016,4,Q4,10,October,Oct 2016,201610,42,23,Sunday,2016,31,2016-10-31,True,False,False,True
20161024,2016-10-24,2016,4,Q4,10,October,Oct 2016,201610,43,24,Monday,2016,31,2016-10-31,False,False,False,True
20161025,2016-10-25,2016,4,Q4,10,October,Oct 2016,201610,43,25,Tuesday,2016,31,2016-10-31,False,False,False,True
20161026,2016-10-26,2016,4,Q4,10,October,Oct 2016,201610,43,26,Wednesday,2016,31,2016-10-31,False,False,False,True
20161027,2016-10-27,2016,4,Q4,10,October,Oct 2016,201610,43,27,Thursday,2016,31,2016-10-31,False,False,False,True
20161028,2016-10-28,2016,4,Q4,10,October,Oct 2016,201610,43,28,Friday,2016,31,2016-10-31,False,False,False,True
20161029,2016-10-29,2016,4,Q4,10,October,Oct 2016,201610,43,29,Saturday,2016,31,2016-10-31,True,False,False,True
20161030,2016-10-30,2016,4,Q4,10,October,Oct 2016,201610,43,30,Sunday,2016,31,2016-10-31,True,False,False,True
20161031,2016-10-31,2016,4,Q4,10,October,Oct 2016,201610,44,31,Monday,2016,31,2016-10-31,False,False,True,True
20161101,2016-11-01,2016,4,Q4,11,November,Nov 2016,201611,44,1,Tuesday,2016,30,2016-11-30,False,True,False,True
20161102,2016-11-02,2016,4,Q4,11,November,Nov 2016,201611,44,2,Wednesday,2016,30,2016-11-30,False,False,False,True
20161103,2016-11-03,2016,4,Q4,11,November,Nov 2016,201611,44,3,Thursday,2016,30,2016-11-30,False,False,False,True
20161104,2016-11-04,2016,4,Q4,11,November,Nov 2016,201611,44,4,Friday,2016,30,2016-11-30,False,False,False,True
20161105,2016-11-05,2016,4,Q4,11,November,Nov 2016,201611,44,5,Saturday,2016,30,2016-11-30,True,False,False,True
20161106,2016-11-06,2016,4,Q4,11,November,Nov 2016,201611,44,6,Sunday,2016,30,2016-11-30,True,False,False,True
20161107,2016-11-07,2016,4,Q4,11,November,Nov 2016,201611,45,7,Monday,2016,30,2016-11-30,False,False,False,True
20161108,2016-11-08,2016,4,Q4,11,November,Nov 2016,201611,45,8,Tuesday,2016,30,2016-11-30,False,False,False,True
20161109,2016-11-09,2016,4,Q4,11,November,Nov 2016,201611,45,9,Wednesday,2016,30,2016-11-30,False,False,False,True
20161110,2016-11-10,2016,4,Q4,11,November,Nov 2016,201611,45,10,Thursday,2016,30,2016-11-30,False,False,False,True
20161111,2016-11-11,2016,4,Q4,11,November,Nov 2016,201611,45,11,Friday,2016,30,2016-11-30,False,False,False,True
20161112,2016-11-12,2016,4,Q4,11,November,Nov 2016,201611,45,12,Saturday,2016,30,2016-11-30,True,False,False,True
20161113,2016-11-13,2016,4,Q4,11,November,Nov 2016,201611,45,13,Sunday,2016,30,2016-11-30,True,False,False,True
20161114,2016-11-14,2016,4,Q4,11,November,Nov 2016,201611,46,14,Monday,2016,30,2016-11-30,False,False,False,True
20161115,2016-11-15,2016,4,Q4,11,November,Nov 2016,201611,46,15,Tuesday,2016,30,2016-11-30,False,False,False,True
20161116,2016-11-16,2016,4,Q4,11,November,Nov 2016,201611,46,16,Wednesday,2016,30,2016-11-30,False,False,False,True
20161117,2016-11-17,2016,4,Q4,11,November,Nov 2016,201611,46,17,Thursday,2016,30,2016-11-30,False,False,False,True
20161118,2016-11-18,2016,4,Q4,11,November,Nov 2016,201611,46,18,Friday,2016,30,2016-11-30,False,False,False,True
20161119,2016-11-19,2016,4,Q4,11,November,Nov 2016,201611,46,19,Saturday,2016,30,2016-11-30,True,False,False,True
20161120,2016-11-20,2016,4,Q4,11,November,Nov 2016,201611,46,20,Sunday,2016,30,2016-11-30,True,False,False,True
20161121,2016-11-21,2016,4,Q4,11,November,Nov 2016,201611,47,21,Monday,2016,30,2016-11-30,False,False,False,True
20161122,2016-11-22,2016,4,Q4,11,November,Nov 2016,201611,47,22,Tuesday,2016,30,2016-11-30,False,False,False,True
20161123,2016-11-23,2016,4,Q4,11,November,Nov 2016,201611,47,23,Wednesday,2016,30,2016-11-30,False,False,False,True
20161124,2016-11-24,2016,4,Q4,11,November,Nov 2016,201611,47,24,Thursday,2016,30,2016-11-30,False,False,False,True
20161125,2016-11-25,2016,4,Q4,11,November,Nov 2016,201611,47,25,Friday,2016,30,2016-11-30,False,False,False,True
20161126,2016-11-26,2016,4,Q4,11,November,Nov 2016,201611,47,26,Saturday,2016,30,2016-11-30,True,False,False,True
20161127,2016-11-27,2016,4,Q4,11,November,Nov 2016,201611,47,27,Sunday,2016,30,2016-11-30,True,False,False,True
20161128,2016-11-28,2016,4,Q4,11,November,Nov 2016,201611,48,28,Monday,2016,30,2016-11-30,False,False,False,True
20161129,2016-11-29,2016,4,Q4,11,November,Nov 2016,201611,48,29,Tuesday,2016,30,2016-11-30,False,False,False,True
20161130,2016-11-30,2016,4,Q4,11,November,Nov 2016,201611,48,30,Wednesday,2016,30,2016-11-30,False,False,True,True
20161201,2016-12-01,2016,4,Q4,12,December,Dec 2016,201612,48,1,Thursday,2016,31,2016-12-31,False,True,False,True
20161202,2016-12-02,2016,4,Q4,12,December,Dec 2016,201612,48,2,Friday,2016,31,2016-12-31,False,False,False,True
20161203,2016-12-03,2016,4,Q4,12,December,Dec 2016,201612,48,3,Saturday,2016,31,2016-12-31,True,False,False,True
20161204,2016-12-04,2016,4,Q4,12,December,Dec 2016,201612,48,4,Sunday,2016,31,2016-12-31,True,False,False,True
20161205,2016-12-05,2016,4,Q4,12,December,Dec 2016,201612,49,5,Monday,2016,31,2016-12-31,False,False,False,True
20161206,2016-12-06,2016,4,Q4,12,December,Dec 2016,201612,49,6,Tuesday,2016,31,2016-12-31,False,False,False,True
20161207,2016-12-07,2016,4,Q4,12,December,Dec 2016,201612,49,7,Wednesday,2016,31,2016-12-31,False,False,False,True
20161208,2016-12-08,2016,4,Q4,12,December,Dec 2016,201612,49,8,Thursday,2016,31,2016-12-31,False,False,False,True
20161209,2016-12-09,2016,4,Q4,12,December,Dec 2016,201612,49,9,Friday,2016,31,2016-12-31,False,False,False,True
20161210,2016-12-10,2016,4,Q4,12,December,Dec 2016,201612,49,10,Saturday,2016,31,2016-12-31,True,False,False,True
20161211,2016-12-11,2016,4,Q4,12,December,Dec 2016,201612,49,11,Sunday,2016,31,2016-12-31,True,False,False,True
20161212,2016-12-12,2016,4,Q4,12,December,Dec 2016,201612,50,12,Monday,2016,31,2016-12-31,False,False,False,True
20161213,2016-12-13,2016,4,Q4,12,December,Dec 2016,201612,50,13,Tuesday,2016,31,2016-12-31,False,False,False,True
20161214,2016-12-14,2016,4,Q4,12,December,Dec 2016,201612,50,14,Wednesday,2016,31,2016-12-31,False,False,False,True
20161215,2016-12-15,2016,4,Q4,12,December,Dec 2016,201612,50,15,Thursday,2016,31,2016-12-31,False,False,False,True
20161216,2016-12-16,2016,4,Q4,12,December,Dec 2016,201612,50,16,Friday,2016,31,2016-12-31,False,False,False,True
20161217,2016-12-17,2016,4,Q4,12,December,Dec 2016,201612,50,17,Saturday,2016,31,2016-12-31,True,False,False,True
20161218,2016-12-18,2016,4,Q4,12,December,Dec 2016,201612,50,18,Sunday,2016,31,2016-12-31,True,False,False,True
20161219,2016-12-19,2016,4,Q4,12,December,Dec 2016,201612,51,19,Monday,2016,31,2016-12-31,False,False,False,True
20161220,2016-12-20,2016,4,Q4,12,December,Dec 2016,201612,51,20,Tuesday,2016,31,2016-12-31,False,False,False,True
20161221,2016-12-21,2016,4,Q4,12,December,Dec 2016,201612,51,21,Wednesday,2016,31,2016-12-31,False,False,False,True
20161222,2016-12-22,2016,4,Q4,12,December,Dec 2016,201612,51,22,Thursday,2016,31,2016-12-31,False,False,False,True
20161223,2016-12-23,2016,4,Q4,12,December,Dec 2016,201612,51,23,Friday,2016,31,2016-12-31,False,False,False,True
20161224,2016-12-24,2016,4,Q4,12,December,Dec 2016,201612,51,24,Saturday,2016,31,2016-12-31,True,False,False,True
20161225,2016-12-25,2016,4,Q4,12,December,Dec 2016,201612,51,25,Sunday,2016,31,2016-12-31,True,False,False,True
20161226,2016-12-26,2016,4,Q4,12,December,Dec 2016,201612,52,26,Monday,2016,31,2016-12-31,False,False,False,True
20161227,2016-12-27,2016,4,Q4,12,December,Dec 2016,201612,52,27,Tuesday,2016,31,2016-12-31,False,False,False,True
20161228,2016-12-28,2016,4,Q4,12,December,Dec 2016,201612,52,28,Wednesday,2016,31,2016-12-31,False,False,False,True
20161229,2016-12-29,2016,4,Q4,12,December,Dec 2016,201612,52,29,Thursday,2016,31,2016-12-31,False,False,False,True
20161230,2016-12-30,2016,4,Q4,12,December,Dec 2016,201612,52,30,Friday,2016,31,2016-12-31,False,False,False,True
20161231,2016-12-31,2016,4,Q4,12,December,Dec 2016,201612,52,31,Saturday,2016,31,2016-12-31,True,False,True,True
20170101,2017-01-01,2017,1,Q1,1,January,Jan 2017,201701,52,1,Sunday,2017,31,2017-01-31,True,True,False,False
20170102,2017-01-02,2017,1,Q1,1,January,Jan 2017,201701,1,2,Monday,2017,31,2017-01-31,False,False,False,False
20170103,2017-01-03,2017,1,Q1,1,January,Jan 2017,201701,1,3,Tuesday,2017,31,2017-01-31,False,False,False,False
20170104,2017-01-04,2017,1,Q1,1,January,Jan 2017,201701,1,4,Wednesday,2017,31,2017-01-31,False,False,False,False
20170105,2017-01-05,2017,1,Q1,1,January,Jan 2017,201701,1,5,Thursday,2017,31,2017-01-31,False,False,False,False
20170106,2017-01-06,2017,1,Q1,1,January,Jan 2017,201701,1,6,Friday,2017,31,2017-01-31,False,False,False,False
20170107,2017-01-07,2017,1,Q1,1,January,Jan 2017,201701,1,7,Saturday,2017,31,2017-01-31,True,False,False,False
20170108,2017-01-08,2017,1,Q1,1,January,Jan 2017,201701,1,8,Sunday,2017,31,2017-01-31,True,False,False,False
20170109,2017-01-09,2017,1,Q1,1,January,Jan 2017,201701,2,9,Monday,2017,31,2017-01-31,False,False,False,False
20170110,2017-01-10,2017,1,Q1,1,January,Jan 2017,201701,2,10,Tuesday,2017,31,2017-01-31,False,False,False,False
20170111,2017-01-11,2017,1,Q1,1,January,Jan 2017,201701,2,11,Wednesday,2017,31,2017-01-31,False,False,False,False
20170112,2017-01-12,2017,1,Q1,1,January,Jan 2017,201701,2,12,Thursday,2017,31,2017-01-31,False,False,False,False
20170113,2017-01-13,2017,1,Q1,1,January,Jan 2017,201701,2,13,Friday,2017,31,2017-01-31,False,False,False,False
20170114,2017-01-14,2017,1,Q1,1,January,Jan 2017,201701,2,14,Saturday,2017,31,2017-01-31,True,False,False,False
20170115,2017-01-15,2017,1,Q1,1,January,Jan 2017,201701,2,15,Sunday,2017,31,2017-01-31,True,False,False,False
20170116,2017-01-16,2017,1,Q1,1,January,Jan 2017,201701,3,16,Monday,2017,31,2017-01-31,False,False,False,False
20170117,2017-01-17,2017,1,Q1,1,January,Jan 2017,201701,3,17,Tuesday,2017,31,2017-01-31,False,False,False,False
20170118,2017-01-18,2017,1,Q1,1,January,Jan 2017,201701,3,18,Wednesday,2017,31,2017-01-31,False,False,False,False
20170119,2017-01-19,2017,1,Q1,1,January,Jan 2017,201701,3,19,Thursday,2017,31,2017-01-31,False,False,False,False
20170120,2017-01-20,2017,1,Q1,1,January,Jan 2017,201701,3,20,Friday,2017,31,2017-01-31,False,False,False,False
20170121,2017-01-21,2017,1,Q1,1,January,Jan 2017,201701,3,21,Saturday,2017,31,2017-01-31,True,False,False,False
20170122,2017-01-22,2017,1,Q1,1,January,Jan 2017,201701,3,22,Sunday,2017,31,2017-01-31,True,False,False,False
20170123,2017-01-23,2017,1,Q1,1,January,Jan 2017,201701,4,23,Monday,2017,31,2017-01-31,False,False,False,False
20170124,2017-01-24,2017,1,Q1,1,January,Jan 2017,201701,4,24,Tuesday,2017,31,2017-01-31,False,False,False,False
20170125,2017-01-25,2017,1,Q1,1,January,Jan 2017,201701,4,25,Wednesday,2017,31,2017-01-31,False,False,False,False
20170126,2017-01-26,2017,1,Q1,1,January,Jan 2017,201701,4,26,Thursday,2017,31,2017-01-31,False,False,False,False
20170127,2017-01-27,2017,1,Q1,1,January,Jan 2017,201701,4,27,Friday,2017,31,2017-01-31,False,False,False,False
20170128,2017-01-28,2017,1,Q1,1,January,Jan 2017,201701,4,28,Saturday,2017,31,2017-01-31,True,False,False,False
20170129,2017-01-29,2017,1,Q1,1,January,Jan 2017,201701,4,29,Sunday,2017,31,2017-01-31,True,False,False,False
20170130,2017-01-30,2017,1,Q1,1,January,Jan 2017,201701,5,30,Monday,2017,31,2017-01-31,False,False,False,False
20170131,2017-01-31,2017,1,Q1,1,January,Jan 2017,201701,5,31,Tuesday,2017,31,2017-01-31,False,False,True,False
20170201,2017-02-01,2017,1,Q1,2,February,Feb 2017,201702,5,1,Wednesday,2017,28,2017-02-28,False,True,False,False
20170202,2017-02-02,2017,1,Q1,2,February,Feb 2017,201702,5,2,Thursday,2017,28,2017-02-28,False,False,False,False
20170203,2017-02-03,2017,1,Q1,2,February,Feb 2017,201702,5,3,Friday,2017,28,2017-02-28,False,False,False,False
20170204,2017-02-04,2017,1,Q1,2,February,Feb 2017,201702,5,4,Saturday,2017,28,2017-02-28,True,False,False,False
20170205,2017-02-05,2017,1,Q1,2,February,Feb 2017,201702,5,5,Sunday,2017,28,2017-02-28,True,False,False,False
20170206,2017-02-06,2017,1,Q1,2,February,Feb 2017,201702,6,6,Monday,2017,28,2017-02-28,False,False,False,False
20170207,2017-02-07,2017,1,Q1,2,February,Feb 2017,201702,6,7,Tuesday,2017,28,2017-02-28,False,False,False,False
20170208,2017-02-08,2017,1,Q1,2,February,Feb 2017,201702,6,8,Wednesday,2017,28,2017-02-28,False,False,False,False
20170209,2017-02-09,2017,1,Q1,2,February,Feb 2017,201702,6,9,Thursday,2017,28,2017-02-28,False,False,False,False
20170210,2017-02-10,2017,1,Q1,2,February,Feb 2017,201702,6,10,Friday,2017,28,2017-02-28,False,False,False,False
20170211,2017-02-11,2017,1,Q1,2,February,Feb 2017,201702,6,11,Saturday,2017,28,2017-02-28,True,False,False,False
20170212,2017-02-12,2017,1,Q1,2,February,Feb 2017,201702,6,12,Sunday,2017,28,2017-02-28,True,False,False,False
20170213,2017-02-13,2017,1,Q1,2,February,Feb 2017,201702,7,13,Monday,2017,28,2017-02-28,False,False,False,False
20170214,2017-02-14,2017,1,Q1,2,February,Feb 2017,201702,7,14,Tuesday,2017,28,2017-02-28,False,False,False,False
20170215,2017-02-15,2017,1,Q1,2,February,Feb 2017,201702,7,15,Wednesday,2017,28,2017-02-28,False,False,False,False
20170216,2017-02-16,2017,1,Q1,2,February,Feb 2017,201702,7,16,Thursday,2017,28,2017-02-28,False,False,False,False
20170217,2017-02-17,2017,1,Q1,2,February,Feb 2017,201702,7,17,Friday,2017,28,2017-02-28,False,False,False,False
20170218,2017-02-18,2017,1,Q1,2,February,Feb 2017,201702,7,18,Saturday,2017,28,2017-02-28,True,False,False,False
20170219,2017-02-19,2017,1,Q1,2,February,Feb 2017,201702,7,19,Sunday,2017,28,2017-02-28,True,False,False,False
20170220,2017-02-20,2017,1,Q1,2,February,Feb 2017,201702,8,20,Monday,2017,28,2017-02-28,False,False,False,False
20170221,2017-02-21,2017,1,Q1,2,February,Feb 2017,201702,8,21,Tuesday,2017,28,2017-02-28,False,False,False,False
20170222,2017-02-22,2017,1,Q1,2,February,Feb 2017,201702,8,22,Wednesday,2017,28,2017-02-28,False,False,False,False
20170223,2017-02-23,2017,1,Q1,2,February,Feb 2017,201702,8,23,Thursday,2017,28,2017-02-28,False,False,False,False
20170224,2017-02-24,2017,1,Q1,2,February,Feb 2017,201702,8,24,Friday,2017,28,2017-02-28,False,False,False,False
20170225,2017-02-25,2017,1,Q1,2,February,Feb 2017,201702,8,25,Saturday,2017,28,2017-02-28,True,False,False,False
20170226,2017-02-26,2017,1,Q1,2,February,Feb 2017,201702,8,26,Sunday,2017,28,2017-02-28,True,False,False,False
20170227,2017-02-27,2017,1,Q1,2,February,Feb 2017,201702,9,27,Monday,2017,28,2017-02-28,False,False,False,False
20170228,2017-02-28,2017,1,Q1,2,February,Feb 2017,201702,9,28,Tuesday,2017,28,2017-02-28,False,False,True,False
20170301,2017-03-01,2017,1,Q1,3,March,Mar 2017,201703,9,1,Wednesday,2017,31,2017-03-31,False,True,False,False
20170302,2017-03-02,2017,1,Q1,3,March,Mar 2017,201703,9,2,Thursday,2017,31,2017-03-31,False,False,False,False
20170303,2017-03-03,2017,1,Q1,3,March,Mar 2017,201703,9,3,Friday,2017,31,2017-03-31,False,False,False,False
20170304,2017-03-04,2017,1,Q1,3,March,Mar 2017,201703,9,4,Saturday,2017,31,2017-03-31,True,False,False,False
20170305,2017-03-05,2017,1,Q1,3,March,Mar 2017,201703,9,5,Sunday,2017,31,2017-03-31,True,False,False,False
20170306,2017-03-06,2017,1,Q1,3,March,Mar 2017,201703,10,6,Monday,2017,31,2017-03-31,False,False,False,False
20170307,2017-03-07,2017,1,Q1,3,March,Mar 2017,201703,10,7,Tuesday,2017,31,2017-03-31,False,False,False,False
20170308,2017-03-08,2017,1,Q1,3,March,Mar 2017,201703,10,8,Wednesday,2017,31,2017-03-31,False,False,False,False
20170309,2017-03-09,2017,1,Q1,3,March,Mar 2017,201703,10,9,Thursday,2017,31,2017-03-31,False,False,False,False
20170310,2017-03-10,2017,1,Q1,3,March,Mar 2017,201703,10,10,Friday,2017,31,2017-03-31,False,False,False,False
20170311,2017-03-11,2017,1,Q1,3,March,Mar 2017,201703,10,11,Saturday,2017,31,2017-03-31,True,False,False,False
20170312,2017-03-12,2017,1,Q1,3,March,Mar 2017,201703,10,12,Sunday,2017,31,2017-03-31,True,False,False,False
20170313,2017-03-13,2017,1,Q1,3,March,Mar 2017,201703,11,13,Monday,2017,31,2017-03-31,False,False,False,False
20170314,2017-03-14,2017,1,Q1,3,March,Mar 2017,201703,11,14,Tuesday,2017,31,2017-03-31,False,False,False,False
20170315,2017-03-15,2017,1,Q1,3,March,Mar 2017,201703,11,15,Wednesday,2017,31,2017-03-31,False,False,False,False
20170316,2017-03-16,2017,1,Q1,3,March,Mar 2017,201703,11,16,Thursday,2017,31,2017-03-31,False,False,False,False
20170317,2017-03-17,2017,1,Q1,3,March,Mar 2017,201703,11,17,Friday,2017,31,2017-03-31,False,False,False,False
20170318,2017-03-18,2017,1,Q1,3,March,Mar 2017,201703,11,18,Saturday,2017,31,2017-03-31,True,False,False,False
20170319,2017-03-19,2017,1,Q1,3,March,Mar 2017,201703,11,19,Sunday,2017,31,2017-03-31,True,False,False,False
20170320,2017-03-20,2017,1,Q1,3,March,Mar 2017,201703,12,20,Monday,2017,31,2017-03-31,False,False,False,False
20170321,2017-03-21,2017,1,Q1,3,March,Mar 2017,201703,12,21,Tuesday,2017,31,2017-03-31,False,False,False,False
20170322,2017-03-22,2017,1,Q1,3,March,Mar 2017,201703,12,22,Wednesday,2017,31,2017-03-31,False,False,False,False
20170323,2017-03-23,2017,1,Q1,3,March,Mar 2017,201703,12,23,Thursday,2017,31,2017-03-31,False,False,False,False
20170324,2017-03-24,2017,1,Q1,3,March,Mar 2017,201703,12,24,Friday,2017,31,2017-03-31,False,False,False,False
20170325,2017-03-25,2017,1,Q1,3,March,Mar 2017,201703,12,25,Saturday,2017,31,2017-03-31,True,False,False,False
20170326,2017-03-26,2017,1,Q1,3,March,Mar 2017,201703,12,26,Sunday,2017,31,2017-03-31,True,False,False,False
20170327,2017-03-27,2017,1,Q1,3,March,Mar 2017,201703,13,27,Monday,2017,31,2017-03-31,False,False,False,False
20170328,2017-03-28,2017,1,Q1,3,March,Mar 2017,201703,13,28,Tuesday,2017,31,2017-03-31,False,False,False,False
20170329,2017-03-29,2017,1,Q1,3,March,Mar 2017,201703,13,29,Wednesday,2017,31,2017-03-31,False,False,False,False
20170330,2017-03-30,2017,1,Q1,3,March,Mar 2017,201703,13,30,Thursday,2017,31,2017-03-31,False,False,False,False
20170331,2017-03-31,2017,1,Q1,3,March,Mar 2017,201703,13,31,Friday,2017,31,2017-03-31,False,False,True,False
20170401,2017-04-01,2017,2,Q2,4,April,Apr 2017,201704,13,1,Saturday,2017,30,2017-04-30,True,True,False,False
20170402,2017-04-02,2017,2,Q2,4,April,Apr 2017,201704,13,2,Sunday,2017,30,2017-04-30,True,False,False,False
20170403,2017-04-03,2017,2,Q2,4,April,Apr 2017,201704,14,3,Monday,2017,30,2017-04-30,False,False,False,False
20170404,2017-04-04,2017,2,Q2,4,April,Apr 2017,201704,14,4,Tuesday,2017,30,2017-04-30,False,False,False,False
20170405,2017-04-05,2017,2,Q2,4,April,Apr 2017,201704,14,5,Wednesday,2017,30,2017-04-30,False,False,False,False
20170406,2017-04-06,2017,2,Q2,4,April,Apr 2017,201704,14,6,Thursday,2017,30,2017-04-30,False,False,False,False
20170407,2017-04-07,2017,2,Q2,4,April,Apr 2017,201704,14,7,Friday,2017,30,2017-04-30,False,False,False,False
20170408,2017-04-08,2017,2,Q2,4,April,Apr 2017,201704,14,8,Saturday,2017,30,2017-04-30,True,False,False,False
20170409,2017-04-09,2017,2,Q2,4,April,Apr 2017,201704,14,9,Sunday,2017,30,2017-04-30,True,False,False,False
20170410,2017-04-10,2017,2,Q2,4,April,Apr 2017,201704,15,10,Monday,2017,30,2017-04-30,False,False,False,False
20170411,2017-04-11,2017,2,Q2,4,April,Apr 2017,201704,15,11,Tuesday,2017,30,2017-04-30,False,False,False,False
20170412,2017-04-12,2017,2,Q2,4,April,Apr 2017,201704,15,12,Wednesday,2017,30,2017-04-30,False,False,False,False
20170413,2017-04-13,2017,2,Q2,4,April,Apr 2017,201704,15,13,Thursday,2017,30,2017-04-30,False,False,False,False
20170414,2017-04-14,2017,2,Q2,4,April,Apr 2017,201704,15,14,Friday,2017,30,2017-04-30,False,False,False,False
20170415,2017-04-15,2017,2,Q2,4,April,Apr 2017,201704,15,15,Saturday,2017,30,2017-04-30,True,False,False,False
20170416,2017-04-16,2017,2,Q2,4,April,Apr 2017,201704,15,16,Sunday,2017,30,2017-04-30,True,False,False,False
20170417,2017-04-17,2017,2,Q2,4,April,Apr 2017,201704,16,17,Monday,2017,30,2017-04-30,False,False,False,False
20170418,2017-04-18,2017,2,Q2,4,April,Apr 2017,201704,16,18,Tuesday,2017,30,2017-04-30,False,False,False,False
20170419,2017-04-19,2017,2,Q2,4,April,Apr 2017,201704,16,19,Wednesday,2017,30,2017-04-30,False,False,False,False
20170420,2017-04-20,2017,2,Q2,4,April,Apr 2017,201704,16,20,Thursday,2017,30,2017-04-30,False,False,False,False
20170421,2017-04-21,2017,2,Q2,4,April,Apr 2017,201704,16,21,Friday,2017,30,2017-04-30,False,False,False,False
20170422,2017-04-22,2017,2,Q2,4,April,Apr 2017,201704,16,22,Saturday,2017,30,2017-04-30,True,False,False,False
20170423,2017-04-23,2017,2,Q2,4,April,Apr 2017,201704,16,23,Sunday,2017,30,2017-04-30,True,False,False,False
20170424,2017-04-24,2017,2,Q2,4,April,Apr 2017,201704,17,24,Monday,2017,30,2017-04-30,False,False,False,False
20170425,2017-04-25,2017,2,Q2,4,April,Apr 2017,201704,17,25,Tuesday,2017,30,2017-04-30,False,False,False,False
20170426,2017-04-26,2017,2,Q2,4,April,Apr 2017,201704,17,26,Wednesday,2017,30,2017-04-30,False,False,False,False
20170427,2017-04-27,2017,2,Q2,4,April,Apr 2017,201704,17,27,Thursday,2017,30,2017-04-30,False,False,False,False
20170428,2017-04-28,2017,2,Q2,4,April,Apr 2017,201704,17,28,Friday,2017,30,2017-04-30,False,False,False,False
20170429,2017-04-29,2017,2,Q2,4,April,Apr 2017,201704,17,29,Saturday,2017,30,2017-04-30,True,False,False,False
20170430,2017-04-30,2017,2,Q2,4,April,Apr 2017,201704,17,30,Sunday,2017,30,2017-04-30,True,False,True,False
20170501,2017-05-01,2017,2,Q2,5,May,May 2017,201705,18,1,Monday,2017,31,2017-05-31,False,True,False,False
20170502,2017-05-02,2017,2,Q2,5,May,May 2017,201705,18,2,Tuesday,2017,31,2017-05-31,False,False,False,False
20170503,2017-05-03,2017,2,Q2,5,May,May 2017,201705,18,3,Wednesday,2017,31,2017-05-31,False,False,False,False
20170504,2017-05-04,2017,2,Q2,5,May,May 2017,201705,18,4,Thursday,2017,31,2017-05-31,False,False,False,False
20170505,2017-05-05,2017,2,Q2,5,May,May 2017,201705,18,5,Friday,2017,31,2017-05-31,False,False,False,False
20170506,2017-05-06,2017,2,Q2,5,May,May 2017,201705,18,6,Saturday,2017,31,2017-05-31,True,False,False,False
20170507,2017-05-07,2017,2,Q2,5,May,May 2017,201705,18,7,Sunday,2017,31,2017-05-31,True,False,False,False
20170508,2017-05-08,2017,2,Q2,5,May,May 2017,201705,19,8,Monday,2017,31,2017-05-31,False,False,False,False
20170509,2017-05-09,2017,2,Q2,5,May,May 2017,201705,19,9,Tuesday,2017,31,2017-05-31,False,False,False,False
20170510,2017-05-10,2017,2,Q2,5,May,May 2017,201705,19,10,Wednesday,2017,31,2017-05-31,False,False,False,False
20170511,2017-05-11,2017,2,Q2,5,May,May 2017,201705,19,11,Thursday,2017,31,2017-05-31,False,False,False,False
20170512,2017-05-12,2017,2,Q2,5,May,May 2017,201705,19,12,Friday,2017,31,2017-05-31,False,False,False,False
20170513,2017-05-13,2017,2,Q2,5,May,May 2017,201705,19,13,Saturday,2017,31,2017-05-31,True,False,False,False
20170514,2017-05-14,2017,2,Q2,5,May,May 2017,201705,19,14,Sunday,2017,31,2017-05-31,True,False,False,False
20170515,2017-05-15,2017,2,Q2,5,May,May 2017,201705,20,15,Monday,2017,31,2017-05-31,False,False,False,False
20170516,2017-05-16,2017,2,Q2,5,May,May 2017,201705,20,16,Tuesday,2017,31,2017-05-31,False,False,False,False
20170517,2017-05-17,2017,2,Q2,5,May,May 2017,201705,20,17,Wednesday,2017,31,2017-05-31,False,False,False,False
20170518,2017-05-18,2017,2,Q2,5,May,May 2017,201705,20,18,Thursday,2017,31,2017-05-31,False,False,False,False
20170519,2017-05-19,2017,2,Q2,5,May,May 2017,201705,20,19,Friday,2017,31,2017-05-31,False,False,False,False
20170520,2017-05-20,2017,2,Q2,5,May,May 2017,201705,20,20,Saturday,2017,31,2017-05-31,True,False,False,False
20170521,2017-05-21,2017,2,Q2,5,May,May 2017,201705,20,21,Sunday,2017,31,2017-05-31,True,False,False,False
20170522,2017-05-22,2017,2,Q2,5,May,May 2017,201705,21,22,Monday,2017,31,2017-05-31,False,False,False,False
20170523,2017-05-23,2017,2,Q2,5,May,May 2017,201705,21,23,Tuesday,2017,31,2017-05-31,False,False,False,False
20170524,2017-05-24,2017,2,Q2,5,May,May 2017,201705,21,24,Wednesday,2017,31,2017-05-31,False,False,False,False
20170525,2017-05-25,2017,2,Q2,5,May,May 2017,201705,21,25,Thursday,2017,31,2017-05-31,False,False,False,False
20170526,2017-05-26,2017,2,Q2,5,May,May 2017,201705,21,26,Friday,2017,31,2017-05-31,False,False,False,False
20170527,2017-05-27,2017,2,Q2,5,May,May 2017,201705,21,27,Saturday,2017,31,2017-05-31,True,False,False,False
20170528,2017-05-28,2017,2,Q2,5,May,May 2017,201705,21,28,Sunday,2017,31,2017-05-31,True,False,False,False
20170529,2017-05-29,2017,2,Q2,5,May,May 2017,201705,22,29,Monday,2017,31,2017-05-31,False,False,False,False
20170530,2017-05-30,2017,2,Q2,5,May,May 2017,201705,22,30,Tuesday,2017,31,2017-05-31,False,False,False,False
20170531,2017-05-31,2017,2,Q2,5,May,May 2017,201705,22,31,Wednesday,2017,31,2017-05-31,False,False,True,False
20170601,2017-06-01,2017,2,Q2,6,June,Jun 2017,201706,22,1,Thursday,2017,30,2017-06-30,False,True,False,False
20170602,2017-06-02,2017,2,Q2,6,June,Jun 2017,201706,22,2,Friday,2017,30,2017-06-30,False,False,False,False
20170603,2017-06-03,2017,2,Q2,6,June,Jun 2017,201706,22,3,Saturday,2017,30,2017-06-30,True,False,False,False
20170604,2017-06-04,2017,2,Q2,6,June,Jun 2017,201706,22,4,Sunday,2017,30,2017-06-30,True,False,False,False
20170605,2017-06-05,2017,2,Q2,6,June,Jun 2017,201706,23,5,Monday,2017,30,2017-06-30,False,False,False,False
20170606,2017-06-06,2017,2,Q2,6,June,Jun 2017,201706,23,6,Tuesday,2017,30,2017-06-30,False,False,False,False
20170607,2017-06-07,2017,2,Q2,6,June,Jun 2017,201706,23,7,Wednesday,2017,30,2017-06-30,False,False,False,False
20170608,2017-06-08,2017,2,Q2,6,June,Jun 2017,201706,23,8,Thursday,2017,30,2017-06-30,False,False,False,False
20170609,2017-06-09,2017,2,Q2,6,June,Jun 2017,201706,23,9,Friday,2017,30,2017-06-30,False,False,False,False
20170610,2017-06-10,2017,2,Q2,6,June,Jun 2017,201706,23,10,Saturday,2017,30,2017-06-30,True,False,False,False
20170611,2017-06-11,2017,2,Q2,6,June,Jun 2017,201706,23,11,Sunday,2017,30,2017-06-30,True,False,False,False
20170612,2017-06-12,2017,2,Q2,6,June,Jun 2017,201706,24,12,Monday,2017,30,2017-06-30,False,False,False,False
20170613,2017-06-13,2017,2,Q2,6,June,Jun 2017,201706,24,13,Tuesday,2017,30,2017-06-30,False,False,False,False
20170614,2017-06-14,2017,2,Q2,6,June,Jun 2017,201706,24,14,Wednesday,2017,30,2017-06-30,False,False,False,False
20170615,2017-06-15,2017,2,Q2,6,June,Jun 2017,201706,24,15,Thursday,2017,30,2017-06-30,False,False,False,False
20170616,2017-06-16,2017,2,Q2,6,June,Jun 2017,201706,24,16,Friday,2017,30,2017-06-30,False,False,False,False
20170617,2017-06-17,2017,2,Q2,6,June,Jun 2017,201706,24,17,Saturday,2017,30,2017-06-30,True,False,False,False
20170618,2017-06-18,2017,2,Q2,6,June,Jun 2017,201706,24,18,Sunday,2017,30,2017-06-30,True,False,False,False
20170619,2017-06-19,2017,2,Q2,6,June,Jun 2017,201706,25,19,Monday,2017,30,2017-06-30,False,False,False,False
20170620,2017-06-20,2017,2,Q2,6,June,Jun 2017,201706,25,20,Tuesday,2017,30,2017-06-30,False,False,False,False
20170621,2017-06-21,2017,2,Q2,6,June,Jun 2017,201706,25,21,Wednesday,2017,30,2017-06-30,False,False,False,False
20170622,2017-06-22,2017,2,Q2,6,June,Jun 2017,201706,25,22,Thursday,2017,30,2017-06-30,False,False,False,False
20170623,2017-06-23,2017,2,Q2,6,June,Jun 2017,201706,25,23,Friday,2017,30,2017-06-30,False,False,False,False
20170624,2017-06-24,2017,2,Q2,6,June,Jun 2017,201706,25,24,Saturday,2017,30,2017-06-30,True,False,False,False
20170625,2017-06-25,2017,2,Q2,6,June,Jun 2017,201706,25,25,Sunday,2017,30,2017-06-30,True,False,False,False
20170626,2017-06-26,2017,2,Q2,6,June,Jun 2017,201706,26,26,Monday,2017,30,2017-06-30,False,False,False,False
20170627,2017-06-27,2017,2,Q2,6,June,Jun 2017,201706,26,27,Tuesday,2017,30,2017-06-30,False,False,False,False
20170628,2017-06-28,2017,2,Q2,6,June,Jun 2017,201706,26,28,Wednesday,2017,30,2017-06-30,False,False,False,False
20170629,2017-06-29,2017,2,Q2,6,June,Jun 2017,201706,26,29,Thursday,2017,30,2017-06-30,False,False,False,False
20170630,2017-06-30,2017,2,Q2,6,June,Jun 2017,201706,26,30,Friday,2017,30,2017-06-30,False,False,True,False
20170701,2017-07-01,2017,3,Q3,7,July,Jul 2017,201707,26,1,Saturday,2017,31,2017-07-31,True,True,False,False
20170702,2017-07-02,2017,3,Q3,7,July,Jul 2017,201707,26,2,Sunday,2017,31,2017-07-31,True,False,False,False
20170703,2017-07-03,2017,3,Q3,7,July,Jul 2017,201707,27,3,Monday,2017,31,2017-07-31,False,False,False,False
20170704,2017-07-04,2017,3,Q3,7,July,Jul 2017,201707,27,4,Tuesday,2017,31,2017-07-31,False,False,False,False
20170705,2017-07-05,2017,3,Q3,7,July,Jul 2017,201707,27,5,Wednesday,2017,31,2017-07-31,False,False,False,False
20170706,2017-07-06,2017,3,Q3,7,July,Jul 2017,201707,27,6,Thursday,2017,31,2017-07-31,False,False,False,False
20170707,2017-07-07,2017,3,Q3,7,July,Jul 2017,201707,27,7,Friday,2017,31,2017-07-31,False,False,False,False
20170708,2017-07-08,2017,3,Q3,7,July,Jul 2017,201707,27,8,Saturday,2017,31,2017-07-31,True,False,False,False
20170709,2017-07-09,2017,3,Q3,7,July,Jul 2017,201707,27,9,Sunday,2017,31,2017-07-31,True,False,False,False
20170710,2017-07-10,2017,3,Q3,7,July,Jul 2017,201707,28,10,Monday,2017,31,2017-07-31,False,False,False,False
20170711,2017-07-11,2017,3,Q3,7,July,Jul 2017,201707,28,11,Tuesday,2017,31,2017-07-31,False,False,False,False
20170712,2017-07-12,2017,3,Q3,7,July,Jul 2017,201707,28,12,Wednesday,2017,31,2017-07-31,False,False,False,False
20170713,2017-07-13,2017,3,Q3,7,July,Jul 2017,201707,28,13,Thursday,2017,31,2017-07-31,False,False,False,False
20170714,2017-07-14,2017,3,Q3,7,July,Jul 2017,201707,28,14,Friday,2017,31,2017-07-31,False,False,False,False
20170715,2017-07-15,2017,3,Q3,7,July,Jul 2017,201707,28,15,Saturday,2017,31,2017-07-31,True,False,False,False
20170716,2017-07-16,2017,3,Q3,7,July,Jul 2017,201707,28,16,Sunday,2017,31,2017-07-31,True,False,False,False
20170717,2017-07-17,2017,3,Q3,7,July,Jul 2017,201707,29,17,Monday,2017,31,2017-07-31,False,False,False,False
20170718,2017-07-18,2017,3,Q3,7,July,Jul 2017,201707,29,18,Tuesday,2017,31,2017-07-31,False,False,False,False
20170719,2017-07-19,2017,3,Q3,7,July,Jul 2017,201707,29,19,Wednesday,2017,31,2017-07-31,False,False,False,False
20170720,2017-07-20,2017,3,Q3,7,July,Jul 2017,201707,29,20,Thursday,2017,31,2017-07-31,False,False,False,False
20170721,2017-07-21,2017,3,Q3,7,July,Jul 2017,201707,29,21,Friday,2017,31,2017-07-31,False,False,False,False
20170722,2017-07-22,2017,3,Q3,7,July,Jul 2017,201707,29,22,Saturday,2017,31,2017-07-31,True,False,False,False
20170723,2017-07-23,2017,3,Q3,7,July,Jul 2017,201707,29,23,Sunday,2017,31,2017-07-31,True,False,False,False
20170724,2017-07-24,2017,3,Q3,7,July,Jul 2017,201707,30,24,Monday,2017,31,2017-07-31,False,False,False,False
20170725,2017-07-25,2017,3,Q3,7,July,Jul 2017,201707,30,25,Tuesday,2017,31,2017-07-31,False,False,False,False
20170726,2017-07-26,2017,3,Q3,7,July,Jul 2017,201707,30,26,Wednesday,2017,31,2017-07-31,False,False,False,False
20170727,2017-07-27,2017,3,Q3,7,July,Jul 2017,201707,30,27,Thursday,2017,31,2017-07-31,False,False,False,False
20170728,2017-07-28,2017,3,Q3,7,July,Jul 2017,201707,30,28,Friday,2017,31,2017-07-31,False,False,False,False
20170729,2017-07-29,2017,3,Q3,7,July,Jul 2017,201707,30,29,Saturday,2017,31,2017-07-31,True,False,False,False
20170730,2017-07-30,2017,3,Q3,7,July,Jul 2017,201707,30,30,Sunday,2017,31,2017-07-31,True,False,False,False
20170731,2017-07-31,2017,3,Q3,7,July,Jul 2017,201707,31,31,Monday,2017,31,2017-07-31,False,False,True,False
20170801,2017-08-01,2017,3,Q3,8,August,Aug 2017,201708,31,1,Tuesday,2017,31,2017-08-31,False,True,False,False
20170802,2017-08-02,2017,3,Q3,8,August,Aug 2017,201708,31,2,Wednesday,2017,31,2017-08-31,False,False,False,False
20170803,2017-08-03,2017,3,Q3,8,August,Aug 2017,201708,31,3,Thursday,2017,31,2017-08-31,False,False,False,False
20170804,2017-08-04,2017,3,Q3,8,August,Aug 2017,201708,31,4,Friday,2017,31,2017-08-31,False,False,False,False
20170805,2017-08-05,2017,3,Q3,8,August,Aug 2017,201708,31,5,Saturday,2017,31,2017-08-31,True,False,False,False
20170806,2017-08-06,2017,3,Q3,8,August,Aug 2017,201708,31,6,Sunday,2017,31,2017-08-31,True,False,False,False
20170807,2017-08-07,2017,3,Q3,8,August,Aug 2017,201708,32,7,Monday,2017,31,2017-08-31,False,False,False,False
20170808,2017-08-08,2017,3,Q3,8,August,Aug 2017,201708,32,8,Tuesday,2017,31,2017-08-31,False,False,False,False
20170809,2017-08-09,2017,3,Q3,8,August,Aug 2017,201708,32,9,Wednesday,2017,31,2017-08-31,False,False,False,False
20170810,2017-08-10,2017,3,Q3,8,August,Aug 2017,201708,32,10,Thursday,2017,31,2017-08-31,False,False,False,False
20170811,2017-08-11,2017,3,Q3,8,August,Aug 2017,201708,32,11,Friday,2017,31,2017-08-31,False,False,False,False
20170812,2017-08-12,2017,3,Q3,8,August,Aug 2017,201708,32,12,Saturday,2017,31,2017-08-31,True,False,False,False
20170813,2017-08-13,2017,3,Q3,8,August,Aug 2017,201708,32,13,Sunday,2017,31,2017-08-31,True,False,False,False
20170814,2017-08-14,2017,3,Q3,8,August,Aug 2017,201708,33,14,Monday,2017,31,2017-08-31,False,False,False,False
20170815,2017-08-15,2017,3,Q3,8,August,Aug 2017,201708,33,15,Tuesday,2017,31,2017-08-31,False,False,False,False
20170816,2017-08-16,2017,3,Q3,8,August,Aug 2017,201708,33,16,Wednesday,2017,31,2017-08-31,False,False,False,False
20170817,2017-08-17,2017,3,Q3,8,August,Aug 2017,201708,33,17,Thursday,2017,31,2017-08-31,False,False,False,False
20170818,2017-08-18,2017,3,Q3,8,August,Aug 2017,201708,33,18,Friday,2017,31,2017-08-31,False,False,False,False
20170819,2017-08-19,2017,3,Q3,8,August,Aug 2017,201708,33,19,Saturday,2017,31,2017-08-31,True,False,False,False
20170820,2017-08-20,2017,3,Q3,8,August,Aug 2017,201708,33,20,Sunday,2017,31,2017-08-31,True,False,False,False
20170821,2017-08-21,2017,3,Q3,8,August,Aug 2017,201708,34,21,Monday,2017,31,2017-08-31,False,False,False,False
20170822,2017-08-22,2017,3,Q3,8,August,Aug 2017,201708,34,22,Tuesday,2017,31,2017-08-31,False,False,False,False
20170823,2017-08-23,2017,3,Q3,8,August,Aug 2017,201708,34,23,Wednesday,2017,31,2017-08-31,False,False,False,False
20170824,2017-08-24,2017,3,Q3,8,August,Aug 2017,201708,34,24,Thursday,2017,31,2017-08-31,False,False,False,False
20170825,2017-08-25,2017,3,Q3,8,August,Aug 2017,201708,34,25,Friday,2017,31,2017-08-31,False,False,False,False
20170826,2017-08-26,2017,3,Q3,8,August,Aug 2017,201708,34,26,Saturday,2017,31,2017-08-31,True,False,False,False
20170827,2017-08-27,2017,3,Q3,8,August,Aug 2017,201708,34,27,Sunday,2017,31,2017-08-31,True,False,False,False
20170828,2017-08-28,2017,3,Q3,8,August,Aug 2017,201708,35,28,Monday,2017,31,2017-08-31,False,False,False,False
20170829,2017-08-29,2017,3,Q3,8,August,Aug 2017,201708,35,29,Tuesday,2017,31,2017-08-31,False,False,False,False
20170830,2017-08-30,2017,3,Q3,8,August,Aug 2017,201708,35,30,Wednesday,2017,31,2017-08-31,False,False,False,False
20170831,2017-08-31,2017,3,Q3,8,August,Aug 2017,201708,35,31,Thursday,2017,31,2017-08-31,False,False,True,False
20170901,2017-09-01,2017,3,Q3,9,September,Sep 2017,201709,35,1,Friday,2017,30,2017-09-30,False,True,False,False
20170902,2017-09-02,2017,3,Q3,9,September,Sep 2017,201709,35,2,Saturday,2017,30,2017-09-30,True,False,False,False
20170903,2017-09-03,2017,3,Q3,9,September,Sep 2017,201709,35,3,Sunday,2017,30,2017-09-30,True,False,False,False
20170904,2017-09-04,2017,3,Q3,9,September,Sep 2017,201709,36,4,Monday,2017,30,2017-09-30,False,False,False,False
20170905,2017-09-05,2017,3,Q3,9,September,Sep 2017,201709,36,5,Tuesday,2017,30,2017-09-30,False,False,False,False
20170906,2017-09-06,2017,3,Q3,9,September,Sep 2017,201709,36,6,Wednesday,2017,30,2017-09-30,False,False,False,False
20170907,2017-09-07,2017,3,Q3,9,September,Sep 2017,201709,36,7,Thursday,2017,30,2017-09-30,False,False,False,False
20170908,2017-09-08,2017,3,Q3,9,September,Sep 2017,201709,36,8,Friday,2017,30,2017-09-30,False,False,False,False
20170909,2017-09-09,2017,3,Q3,9,September,Sep 2017,201709,36,9,Saturday,2017,30,2017-09-30,True,False,False,False
20170910,2017-09-10,2017,3,Q3,9,September,Sep 2017,201709,36,10,Sunday,2017,30,2017-09-30,True,False,False,False
20170911,2017-09-11,2017,3,Q3,9,September,Sep 2017,201709,37,11,Monday,2017,30,2017-09-30,False,False,False,False
20170912,2017-09-12,2017,3,Q3,9,September,Sep 2017,201709,37,12,Tuesday,2017,30,2017-09-30,False,False,False,False
20170913,2017-09-13,2017,3,Q3,9,September,Sep 2017,201709,37,13,Wednesday,2017,30,2017-09-30,False,False,False,False
20170914,2017-09-14,2017,3,Q3,9,September,Sep 2017,201709,37,14,Thursday,2017,30,2017-09-30,False,False,False,False
20170915,2017-09-15,2017,3,Q3,9,September,Sep 2017,201709,37,15,Friday,2017,30,2017-09-30,False,False,False,False
20170916,2017-09-16,2017,3,Q3,9,September,Sep 2017,201709,37,16,Saturday,2017,30,2017-09-30,True,False,False,False
20170917,2017-09-17,2017,3,Q3,9,September,Sep 2017,201709,37,17,Sunday,2017,30,2017-09-30,True,False,False,False
20170918,2017-09-18,2017,3,Q3,9,September,Sep 2017,201709,38,18,Monday,2017,30,2017-09-30,False,False,False,False
20170919,2017-09-19,2017,3,Q3,9,September,Sep 2017,201709,38,19,Tuesday,2017,30,2017-09-30,False,False,False,False
20170920,2017-09-20,2017,3,Q3,9,September,Sep 2017,201709,38,20,Wednesday,2017,30,2017-09-30,False,False,False,False
20170921,2017-09-21,2017,3,Q3,9,September,Sep 2017,201709,38,21,Thursday,2017,30,2017-09-30,False,False,False,False
20170922,2017-09-22,2017,3,Q3,9,September,Sep 2017,201709,38,22,Friday,2017,30,2017-09-30,False,False,False,False
20170923,2017-09-23,2017,3,Q3,9,September,Sep 2017,201709,38,23,Saturday,2017,30,2017-09-30,True,False,False,False
20170924,2017-09-24,2017,3,Q3,9,September,Sep 2017,201709,38,24,Sunday,2017,30,2017-09-30,True,False,False,False
20170925,2017-09-25,2017,3,Q3,9,September,Sep 2017,201709,39,25,Monday,2017,30,2017-09-30,False,False,False,False
20170926,2017-09-26,2017,3,Q3,9,September,Sep 2017,201709,39,26,Tuesday,2017,30,2017-09-30,False,False,False,False
20170927,2017-09-27,2017,3,Q3,9,September,Sep 2017,201709,39,27,Wednesday,2017,30,2017-09-30,False,False,False,False
20170928,2017-09-28,2017,3,Q3,9,September,Sep 2017,201709,39,28,Thursday,2017,30,2017-09-30,False,False,False,False
20170929,2017-09-29,2017,3,Q3,9,September,Sep 2017,201709,39,29,Friday,2017,30,2017-09-30,False,False,False,False
20170930,2017-09-30,2017,3,Q3,9,September,Sep 2017,201709,39,30,Saturday,2017,30,2017-09-30,True,False,True,False
20171001,2017-10-01,2017,4,Q4,10,October,Oct 2017,201710,39,1,Sunday,2017,31,2017-10-31,True,True,False,False
20171002,2017-10-02,2017,4,Q4,10,October,Oct 2017,201710,40,2,Monday,2017,31,2017-10-31,False,False,False,False
20171003,2017-10-03,2017,4,Q4,10,October,Oct 2017,201710,40,3,Tuesday,2017,31,2017-10-31,False,False,False,False
20171004,2017-10-04,2017,4,Q4,10,October,Oct 2017,201710,40,4,Wednesday,2017,31,2017-10-31,False,False,False,False
20171005,2017-10-05,2017,4,Q4,10,October,Oct 2017,201710,40,5,Thursday,2017,31,2017-10-31,False,False,False,False
20171006,2017-10-06,2017,4,Q4,10,October,Oct 2017,201710,40,6,Friday,2017,31,2017-10-31,False,False,False,False
20171007,2017-10-07,2017,4,Q4,10,October,Oct 2017,201710,40,7,Saturday,2017,31,2017-10-31,True,False,False,False
20171008,2017-10-08,2017,4,Q4,10,October,Oct 2017,201710,40,8,Sunday,2017,31,2017-10-31,True,False,False,False
20171009,2017-10-09,2017,4,Q4,10,October,Oct 2017,201710,41,9,Monday,2017,31,2017-10-31,False,False,False,False
20171010,2017-10-10,2017,4,Q4,10,October,Oct 2017,201710,41,10,Tuesday,2017,31,2017-10-31,False,False,False,False
20171011,2017-10-11,2017,4,Q4,10,October,Oct 2017,201710,41,11,Wednesday,2017,31,2017-10-31,False,False,False,False
20171012,2017-10-12,2017,4,Q4,10,October,Oct 2017,201710,41,12,Thursday,2017,31,2017-10-31,False,False,False,False
20171013,2017-10-13,2017,4,Q4,10,October,Oct 2017,201710,41,13,Friday,2017,31,2017-10-31,False,False,False,False
20171014,2017-10-14,2017,4,Q4,10,October,Oct 2017,201710,41,14,Saturday,2017,31,2017-10-31,True,False,False,False
20171015,2017-10-15,2017,4,Q4,10,October,Oct 2017,201710,41,15,Sunday,2017,31,2017-10-31,True,False,False,False
20171016,2017-10-16,2017,4,Q4,10,October,Oct 2017,201710,42,16,Monday,2017,31,2017-10-31,False,False,False,False
20171017,2017-10-17,2017,4,Q4,10,October,Oct 2017,201710,42,17,Tuesday,2017,31,2017-10-31,False,False,False,False
20171018,2017-10-18,2017,4,Q4,10,October,Oct 2017,201710,42,18,Wednesday,2017,31,2017-10-31,False,False,False,False
20171019,2017-10-19,2017,4,Q4,10,October,Oct 2017,201710,42,19,Thursday,2017,31,2017-10-31,False,False,False,False
20171020,2017-10-20,2017,4,Q4,10,October,Oct 2017,201710,42,20,Friday,2017,31,2017-10-31,False,False,False,False
20171021,2017-10-21,2017,4,Q4,10,October,Oct 2017,201710,42,21,Saturday,2017,31,2017-10-31,True,False,False,False
20171022,2017-10-22,2017,4,Q4,10,October,Oct 2017,201710,42,22,Sunday,2017,31,2017-10-31,True,False,False,False
20171023,2017-10-23,2017,4,Q4,10,October,Oct 2017,201710,43,23,Monday,2017,31,2017-10-31,False,False,False,False
20171024,2017-10-24,2017,4,Q4,10,October,Oct 2017,201710,43,24,Tuesday,2017,31,2017-10-31,False,False,False,False
20171025,2017-10-25,2017,4,Q4,10,October,Oct 2017,201710,43,25,Wednesday,2017,31,2017-10-31,False,False,False,False
20171026,2017-10-26,2017,4,Q4,10,October,Oct 2017,201710,43,26,Thursday,2017,31,2017-10-31,False,False,False,False
20171027,2017-10-27,2017,4,Q4,10,October,Oct 2017,201710,43,27,Friday,2017,31,2017-10-31,False,False,False,False
20171028,2017-10-28,2017,4,Q4,10,October,Oct 2017,201710,43,28,Saturday,2017,31,2017-10-31,True,False,False,False
20171029,2017-10-29,2017,4,Q4,10,October,Oct 2017,201710,43,29,Sunday,2017,31,2017-10-31,True,False,False,False
20171030,2017-10-30,2017,4,Q4,10,October,Oct 2017,201710,44,30,Monday,2017,31,2017-10-31,False,False,False,False
20171031,2017-10-31,2017,4,Q4,10,October,Oct 2017,201710,44,31,Tuesday,2017,31,2017-10-31,False,False,True,False
20171101,2017-11-01,2017,4,Q4,11,November,Nov 2017,201711,44,1,Wednesday,2017,30,2017-11-30,False,True,False,False
20171102,2017-11-02,2017,4,Q4,11,November,Nov 2017,201711,44,2,Thursday,2017,30,2017-11-30,False,False,False,False
20171103,2017-11-03,2017,4,Q4,11,November,Nov 2017,201711,44,3,Friday,2017,30,2017-11-30,False,False,False,False
20171104,2017-11-04,2017,4,Q4,11,November,Nov 2017,201711,44,4,Saturday,2017,30,2017-11-30,True,False,False,False
20171105,2017-11-05,2017,4,Q4,11,November,Nov 2017,201711,44,5,Sunday,2017,30,2017-11-30,True,False,False,False
20171106,2017-11-06,2017,4,Q4,11,November,Nov 2017,201711,45,6,Monday,2017,30,2017-11-30,False,False,False,False
20171107,2017-11-07,2017,4,Q4,11,November,Nov 2017,201711,45,7,Tuesday,2017,30,2017-11-30,False,False,False,False
20171108,2017-11-08,2017,4,Q4,11,November,Nov 2017,201711,45,8,Wednesday,2017,30,2017-11-30,False,False,False,False
20171109,2017-11-09,2017,4,Q4,11,November,Nov 2017,201711,45,9,Thursday,2017,30,2017-11-30,False,False,False,False
20171110,2017-11-10,2017,4,Q4,11,November,Nov 2017,201711,45,10,Friday,2017,30,2017-11-30,False,False,False,False
20171111,2017-11-11,2017,4,Q4,11,November,Nov 2017,201711,45,11,Saturday,2017,30,2017-11-30,True,False,False,False
20171112,2017-11-12,2017,4,Q4,11,November,Nov 2017,201711,45,12,Sunday,2017,30,2017-11-30,True,False,False,False
20171113,2017-11-13,2017,4,Q4,11,November,Nov 2017,201711,46,13,Monday,2017,30,2017-11-30,False,False,False,False
20171114,2017-11-14,2017,4,Q4,11,November,Nov 2017,201711,46,14,Tuesday,2017,30,2017-11-30,False,False,False,False
20171115,2017-11-15,2017,4,Q4,11,November,Nov 2017,201711,46,15,Wednesday,2017,30,2017-11-30,False,False,False,False
20171116,2017-11-16,2017,4,Q4,11,November,Nov 2017,201711,46,16,Thursday,2017,30,2017-11-30,False,False,False,False
20171117,2017-11-17,2017,4,Q4,11,November,Nov 2017,201711,46,17,Friday,2017,30,2017-11-30,False,False,False,False
20171118,2017-11-18,2017,4,Q4,11,November,Nov 2017,201711,46,18,Saturday,2017,30,2017-11-30,True,False,False,False
20171119,2017-11-19,2017,4,Q4,11,November,Nov 2017,201711,46,19,Sunday,2017,30,2017-11-30,True,False,False,False
20171120,2017-11-20,2017,4,Q4,11,November,Nov 2017,201711,47,20,Monday,2017,30,2017-11-30,False,False,False,False
20171121,2017-11-21,2017,4,Q4,11,November,Nov 2017,201711,47,21,Tuesday,2017,30,2017-11-30,False,False,False,False
20171122,2017-11-22,2017,4,Q4,11,November,Nov 2017,201711,47,22,Wednesday,2017,30,2017-11-30,False,False,False,False
20171123,2017-11-23,2017,4,Q4,11,November,Nov 2017,201711,47,23,Thursday,2017,30,2017-11-30,False,False,False,False
20171124,2017-11-24,2017,4,Q4,11,November,Nov 2017,201711,47,24,Friday,2017,30,2017-11-30,False,False,False,False
20171125,2017-11-25,2017,4,Q4,11,November,Nov 2017,201711,47,25,Saturday,2017,30,2017-11-30,True,False,False,False
20171126,2017-11-26,2017,4,Q4,11,November,Nov 2017,201711,47,26,Sunday,2017,30,2017-11-30,True,False,False,False
20171127,2017-11-27,2017,4,Q4,11,November,Nov 2017,201711,48,27,Monday,2017,30,2017-11-30,False,False,False,False
20171128,2017-11-28,2017,4,Q4,11,November,Nov 2017,201711,48,28,Tuesday,2017,30,2017-11-30,False,False,False,False
20171129,2017-11-29,2017,4,Q4,11,November,Nov 2017,201711,48,29,Wednesday,2017,30,2017-11-30,False,False,False,False
20171130,2017-11-30,2017,4,Q4,11,November,Nov 2017,201711,48,30,Thursday,2017,30,2017-11-30,False,False,True,False
20171201,2017-12-01,2017,4,Q4,12,December,Dec 2017,201712,48,1,Friday,2017,31,2017-12-31,False,True,False,False
20171202,2017-12-02,2017,4,Q4,12,December,Dec 2017,201712,48,2,Saturday,2017,31,2017-12-31,True,False,False,False
20171203,2017-12-03,2017,4,Q4,12,December,Dec 2017,201712,48,3,Sunday,2017,31,2017-12-31,True,False,False,False
20171204,2017-12-04,2017,4,Q4,12,December,Dec 2017,201712,49,4,Monday,2017,31,2017-12-31,False,False,False,False
20171205,2017-12-05,2017,4,Q4,12,December,Dec 2017,201712,49,5,Tuesday,2017,31,2017-12-31,False,False,False,False
20171206,2017-12-06,2017,4,Q4,12,December,Dec 2017,201712,49,6,Wednesday,2017,31,2017-12-31,False,False,False,False
20171207,2017-12-07,2017,4,Q4,12,December,Dec 2017,201712,49,7,Thursday,2017,31,2017-12-31,False,False,False,False
20171208,2017-12-08,2017,4,Q4,12,December,Dec 2017,201712,49,8,Friday,2017,31,2017-12-31,False,False,False,False
20171209,2017-12-09,2017,4,Q4,12,December,Dec 2017,201712,49,9,Saturday,2017,31,2017-12-31,True,False,False,False
20171210,2017-12-10,2017,4,Q4,12,December,Dec 2017,201712,49,10,Sunday,2017,31,2017-12-31,True,False,False,False
20171211,2017-12-11,2017,4,Q4,12,December,Dec 2017,201712,50,11,Monday,2017,31,2017-12-31,False,False,False,False
20171212,2017-12-12,2017,4,Q4,12,December,Dec 2017,201712,50,12,Tuesday,2017,31,2017-12-31,False,False,False,False
20171213,2017-12-13,2017,4,Q4,12,December,Dec 2017,201712,50,13,Wednesday,2017,31,2017-12-31,False,False,False,False
20171214,2017-12-14,2017,4,Q4,12,December,Dec 2017,201712,50,14,Thursday,2017,31,2017-12-31,False,False,False,False
20171215,2017-12-15,2017,4,Q4,12,December,Dec 2017,201712,50,15,Friday,2017,31,2017-12-31,False,False,False,False
20171216,2017-12-16,2017,4,Q4,12,December,Dec 2017,201712,50,16,Saturday,2017,31,2017-12-31,True,False,False,False
20171217,2017-12-17,2017,4,Q4,12,December,Dec 2017,201712,50,17,Sunday,2017,31,2017-12-31,True,False,False,False
20171218,2017-12-18,2017,4,Q4,12,December,Dec 2017,201712,51,18,Monday,2017,31,2017-12-31,False,False,False,False
20171219,2017-12-19,2017,4,Q4,12,December,Dec 2017,201712,51,19,Tuesday,2017,31,2017-12-31,False,False,False,False
20171220,2017-12-20,2017,4,Q4,12,December,Dec 2017,201712,51,20,Wednesday,2017,31,2017-12-31,False,False,False,False
20171221,2017-12-21,2017,4,Q4,12,December,Dec 2017,201712,51,21,Thursday,2017,31,2017-12-31,False,False,False,False
20171222,2017-12-22,2017,4,Q4,12,December,Dec 2017,201712,51,22,Friday,2017,31,2017-12-31,False,False,False,False
20171223,2017-12-23,2017,4,Q4,12,December,Dec 2017,201712,51,23,Saturday,2017,31,2017-12-31,True,False,False,False
20171224,2017-12-24,2017,4,Q4,12,December,Dec 2017,201712,51,24,Sunday,2017,31,2017-12-31,True,False,False,False
20171225,2017-12-25,2017,4,Q4,12,December,Dec 2017,201712,52,25,Monday,2017,31,2017-12-31,False,False,False,False
20171226,2017-12-26,2017,4,Q4,12,December,Dec 2017,201712,52,26,Tuesday,2017,31,2017-12-31,False,False,False,False
20171227,2017-12-27,2017,4,Q4,12,December,Dec 2017,201712,52,27,Wednesday,2017,31,2017-12-31,False,False,False,False
20171228,2017-12-28,2017,4,Q4,12,December,Dec 2017,201712,52,28,Thursday,2017,31,2017-12-31,False,False,False,False
20171229,2017-12-29,2017,4,Q4,12,December,Dec 2017,201712,52,29,Friday,2017,31,2017-12-31,False,False,False,False
20171230,2017-12-30,2017,4,Q4,12,December,Dec 2017,201712,52,30,Saturday,2017,31,2017-12-31,True,False,False,False
20171231,2017-12-31,2017,4,Q4,12,December,Dec 2017,201712,52,31,Sunday,2017,31,2017-12-31,True,False,True,False
20180101,2018-01-01,2018,1,Q1,1,January,Jan 2018,201801,1,1,Monday,2018,31,2018-01-31,False,True,False,False
20180102,2018-01-02,2018,1,Q1,1,January,Jan 2018,201801,1,2,Tuesday,2018,31,2018-01-31,False,False,False,False
20180103,2018-01-03,2018,1,Q1,1,January,Jan 2018,201801,1,3,Wednesday,2018,31,2018-01-31,False,False,False,False
20180104,2018-01-04,2018,1,Q1,1,January,Jan 2018,201801,1,4,Thursday,2018,31,2018-01-31,False,False,False,False
20180105,2018-01-05,2018,1,Q1,1,January,Jan 2018,201801,1,5,Friday,2018,31,2018-01-31,False,False,False,False
20180106,2018-01-06,2018,1,Q1,1,January,Jan 2018,201801,1,6,Saturday,2018,31,2018-01-31,True,False,False,False
20180107,2018-01-07,2018,1,Q1,1,January,Jan 2018,201801,1,7,Sunday,2018,31,2018-01-31,True,False,False,False
20180108,2018-01-08,2018,1,Q1,1,January,Jan 2018,201801,2,8,Monday,2018,31,2018-01-31,False,False,False,False
20180109,2018-01-09,2018,1,Q1,1,January,Jan 2018,201801,2,9,Tuesday,2018,31,2018-01-31,False,False,False,False
20180110,2018-01-10,2018,1,Q1,1,January,Jan 2018,201801,2,10,Wednesday,2018,31,2018-01-31,False,False,False,False
20180111,2018-01-11,2018,1,Q1,1,January,Jan 2018,201801,2,11,Thursday,2018,31,2018-01-31,False,False,False,False
20180112,2018-01-12,2018,1,Q1,1,January,Jan 2018,201801,2,12,Friday,2018,31,2018-01-31,False,False,False,False
20180113,2018-01-13,2018,1,Q1,1,January,Jan 2018,201801,2,13,Saturday,2018,31,2018-01-31,True,False,False,False
20180114,2018-01-14,2018,1,Q1,1,January,Jan 2018,201801,2,14,Sunday,2018,31,2018-01-31,True,False,False,False
20180115,2018-01-15,2018,1,Q1,1,January,Jan 2018,201801,3,15,Monday,2018,31,2018-01-31,False,False,False,False
20180116,2018-01-16,2018,1,Q1,1,January,Jan 2018,201801,3,16,Tuesday,2018,31,2018-01-31,False,False,False,False
20180117,2018-01-17,2018,1,Q1,1,January,Jan 2018,201801,3,17,Wednesday,2018,31,2018-01-31,False,False,False,False
20180118,2018-01-18,2018,1,Q1,1,January,Jan 2018,201801,3,18,Thursday,2018,31,2018-01-31,False,False,False,False
20180119,2018-01-19,2018,1,Q1,1,January,Jan 2018,201801,3,19,Friday,2018,31,2018-01-31,False,False,False,False
20180120,2018-01-20,2018,1,Q1,1,January,Jan 2018,201801,3,20,Saturday,2018,31,2018-01-31,True,False,False,False
20180121,2018-01-21,2018,1,Q1,1,January,Jan 2018,201801,3,21,Sunday,2018,31,2018-01-31,True,False,False,False
20180122,2018-01-22,2018,1,Q1,1,January,Jan 2018,201801,4,22,Monday,2018,31,2018-01-31,False,False,False,False
20180123,2018-01-23,2018,1,Q1,1,January,Jan 2018,201801,4,23,Tuesday,2018,31,2018-01-31,False,False,False,False
20180124,2018-01-24,2018,1,Q1,1,January,Jan 2018,201801,4,24,Wednesday,2018,31,2018-01-31,False,False,False,False
20180125,2018-01-25,2018,1,Q1,1,January,Jan 2018,201801,4,25,Thursday,2018,31,2018-01-31,False,False,False,False
20180126,2018-01-26,2018,1,Q1,1,January,Jan 2018,201801,4,26,Friday,2018,31,2018-01-31,False,False,False,False
20180127,2018-01-27,2018,1,Q1,1,January,Jan 2018,201801,4,27,Saturday,2018,31,2018-01-31,True,False,False,False
20180128,2018-01-28,2018,1,Q1,1,January,Jan 2018,201801,4,28,Sunday,2018,31,2018-01-31,True,False,False,False
20180129,2018-01-29,2018,1,Q1,1,January,Jan 2018,201801,5,29,Monday,2018,31,2018-01-31,False,False,False,False
20180130,2018-01-30,2018,1,Q1,1,January,Jan 2018,201801,5,30,Tuesday,2018,31,2018-01-31,False,False,False,False
20180131,2018-01-31,2018,1,Q1,1,January,Jan 2018,201801,5,31,Wednesday,2018,31,2018-01-31,False,False,True,False
20180201,2018-02-01,2018,1,Q1,2,February,Feb 2018,201802,5,1,Thursday,2018,28,2018-02-28,False,True,False,False
20180202,2018-02-02,2018,1,Q1,2,February,Feb 2018,201802,5,2,Friday,2018,28,2018-02-28,False,False,False,False
20180203,2018-02-03,2018,1,Q1,2,February,Feb 2018,201802,5,3,Saturday,2018,28,2018-02-28,True,False,False,False
20180204,2018-02-04,2018,1,Q1,2,February,Feb 2018,201802,5,4,Sunday,2018,28,2018-02-28,True,False,False,False
20180205,2018-02-05,2018,1,Q1,2,February,Feb 2018,201802,6,5,Monday,2018,28,2018-02-28,False,False,False,False
20180206,2018-02-06,2018,1,Q1,2,February,Feb 2018,201802,6,6,Tuesday,2018,28,2018-02-28,False,False,False,False
20180207,2018-02-07,2018,1,Q1,2,February,Feb 2018,201802,6,7,Wednesday,2018,28,2018-02-28,False,False,False,False
20180208,2018-02-08,2018,1,Q1,2,February,Feb 2018,201802,6,8,Thursday,2018,28,2018-02-28,False,False,False,False
20180209,2018-02-09,2018,1,Q1,2,February,Feb 2018,201802,6,9,Friday,2018,28,2018-02-28,False,False,False,False
20180210,2018-02-10,2018,1,Q1,2,February,Feb 2018,201802,6,10,Saturday,2018,28,2018-02-28,True,False,False,False
20180211,2018-02-11,2018,1,Q1,2,February,Feb 2018,201802,6,11,Sunday,2018,28,2018-02-28,True,False,False,False
20180212,2018-02-12,2018,1,Q1,2,February,Feb 2018,201802,7,12,Monday,2018,28,2018-02-28,False,False,False,False
20180213,2018-02-13,2018,1,Q1,2,February,Feb 2018,201802,7,13,Tuesday,2018,28,2018-02-28,False,False,False,False
20180214,2018-02-14,2018,1,Q1,2,February,Feb 2018,201802,7,14,Wednesday,2018,28,2018-02-28,False,False,False,False
20180215,2018-02-15,2018,1,Q1,2,February,Feb 2018,201802,7,15,Thursday,2018,28,2018-02-28,False,False,False,False
20180216,2018-02-16,2018,1,Q1,2,February,Feb 2018,201802,7,16,Friday,2018,28,2018-02-28,False,False,False,False
20180217,2018-02-17,2018,1,Q1,2,February,Feb 2018,201802,7,17,Saturday,2018,28,2018-02-28,True,False,False,False
20180218,2018-02-18,2018,1,Q1,2,February,Feb 2018,201802,7,18,Sunday,2018,28,2018-02-28,True,False,False,False
20180219,2018-02-19,2018,1,Q1,2,February,Feb 2018,201802,8,19,Monday,2018,28,2018-02-28,False,False,False,False
20180220,2018-02-20,2018,1,Q1,2,February,Feb 2018,201802,8,20,Tuesday,2018,28,2018-02-28,False,False,False,False
20180221,2018-02-21,2018,1,Q1,2,February,Feb 2018,201802,8,21,Wednesday,2018,28,2018-02-28,False,False,False,False
20180222,2018-02-22,2018,1,Q1,2,February,Feb 2018,201802,8,22,Thursday,2018,28,2018-02-28,False,False,False,False
20180223,2018-02-23,2018,1,Q1,2,February,Feb 2018,201802,8,23,Friday,2018,28,2018-02-28,False,False,False,False
20180224,2018-02-24,2018,1,Q1,2,February,Feb 2018,201802,8,24,Saturday,2018,28,2018-02-28,True,False,False,False
20180225,2018-02-25,2018,1,Q1,2,February,Feb 2018,201802,8,25,Sunday,2018,28,2018-02-28,True,False,False,False
20180226,2018-02-26,2018,1,Q1,2,February,Feb 2018,201802,9,26,Monday,2018,28,2018-02-28,False,False,False,False
20180227,2018-02-27,2018,1,Q1,2,February,Feb 2018,201802,9,27,Tuesday,2018,28,2018-02-28,False,False,False,False
20180228,2018-02-28,2018,1,Q1,2,February,Feb 2018,201802,9,28,Wednesday,2018,28,2018-02-28,False,False,True,False
20180301,2018-03-01,2018,1,Q1,3,March,Mar 2018,201803,9,1,Thursday,2018,31,2018-03-31,False,True,False,False
20180302,2018-03-02,2018,1,Q1,3,March,Mar 2018,201803,9,2,Friday,2018,31,2018-03-31,False,False,False,False
20180303,2018-03-03,2018,1,Q1,3,March,Mar 2018,201803,9,3,Saturday,2018,31,2018-03-31,True,False,False,False
20180304,2018-03-04,2018,1,Q1,3,March,Mar 2018,201803,9,4,Sunday,2018,31,2018-03-31,True,False,False,False
20180305,2018-03-05,2018,1,Q1,3,March,Mar 2018,201803,10,5,Monday,2018,31,2018-03-31,False,False,False,False
20180306,2018-03-06,2018,1,Q1,3,March,Mar 2018,201803,10,6,Tuesday,2018,31,2018-03-31,False,False,False,False
20180307,2018-03-07,2018,1,Q1,3,March,Mar 2018,201803,10,7,Wednesday,2018,31,2018-03-31,False,False,False,False
20180308,2018-03-08,2018,1,Q1,3,March,Mar 2018,201803,10,8,Thursday,2018,31,2018-03-31,False,False,False,False
20180309,2018-03-09,2018,1,Q1,3,March,Mar 2018,201803,10,9,Friday,2018,31,2018-03-31,False,False,False,False
20180310,2018-03-10,2018,1,Q1,3,March,Mar 2018,201803,10,10,Saturday,2018,31,2018-03-31,True,False,False,False
20180311,2018-03-11,2018,1,Q1,3,March,Mar 2018,201803,10,11,Sunday,2018,31,2018-03-31,True,False,False,False
20180312,2018-03-12,2018,1,Q1,3,March,Mar 2018,201803,11,12,Monday,2018,31,2018-03-31,False,False,False,False
20180313,2018-03-13,2018,1,Q1,3,March,Mar 2018,201803,11,13,Tuesday,2018,31,2018-03-31,False,False,False,False
20180314,2018-03-14,2018,1,Q1,3,March,Mar 2018,201803,11,14,Wednesday,2018,31,2018-03-31,False,False,False,False
20180315,2018-03-15,2018,1,Q1,3,March,Mar 2018,201803,11,15,Thursday,2018,31,2018-03-31,False,False,False,False
20180316,2018-03-16,2018,1,Q1,3,March,Mar 2018,201803,11,16,Friday,2018,31,2018-03-31,False,False,False,False
20180317,2018-03-17,2018,1,Q1,3,March,Mar 2018,201803,11,17,Saturday,2018,31,2018-03-31,True,False,False,False
20180318,2018-03-18,2018,1,Q1,3,March,Mar 2018,201803,11,18,Sunday,2018,31,2018-03-31,True,False,False,False
20180319,2018-03-19,2018,1,Q1,3,March,Mar 2018,201803,12,19,Monday,2018,31,2018-03-31,False,False,False,False
20180320,2018-03-20,2018,1,Q1,3,March,Mar 2018,201803,12,20,Tuesday,2018,31,2018-03-31,False,False,False,False
20180321,2018-03-21,2018,1,Q1,3,March,Mar 2018,201803,12,21,Wednesday,2018,31,2018-03-31,False,False,False,False
20180322,2018-03-22,2018,1,Q1,3,March,Mar 2018,201803,12,22,Thursday,2018,31,2018-03-31,False,False,False,False
20180323,2018-03-23,2018,1,Q1,3,March,Mar 2018,201803,12,23,Friday,2018,31,2018-03-31,False,False,False,False
20180324,2018-03-24,2018,1,Q1,3,March,Mar 2018,201803,12,24,Saturday,2018,31,2018-03-31,True,False,False,False
20180325,2018-03-25,2018,1,Q1,3,March,Mar 2018,201803,12,25,Sunday,2018,31,2018-03-31,True,False,False,False
20180326,2018-03-26,2018,1,Q1,3,March,Mar 2018,201803,13,26,Monday,2018,31,2018-03-31,False,False,False,False
20180327,2018-03-27,2018,1,Q1,3,March,Mar 2018,201803,13,27,Tuesday,2018,31,2018-03-31,False,False,False,False
20180328,2018-03-28,2018,1,Q1,3,March,Mar 2018,201803,13,28,Wednesday,2018,31,2018-03-31,False,False,False,False
20180329,2018-03-29,2018,1,Q1,3,March,Mar 2018,201803,13,29,Thursday,2018,31,2018-03-31,False,False,False,False
20180330,2018-03-30,2018,1,Q1,3,March,Mar 2018,201803,13,30,Friday,2018,31,2018-03-31,False,False,False,False
20180331,2018-03-31,2018,1,Q1,3,March,Mar 2018,201803,13,31,Saturday,2018,31,2018-03-31,True,False,True,False
20180401,2018-04-01,2018,2,Q2,4,April,Apr 2018,201804,13,1,Sunday,2018,30,2018-04-30,True,True,False,False
20180402,2018-04-02,2018,2,Q2,4,April,Apr 2018,201804,14,2,Monday,2018,30,2018-04-30,False,False,False,False
20180403,2018-04-03,2018,2,Q2,4,April,Apr 2018,201804,14,3,Tuesday,2018,30,2018-04-30,False,False,False,False
20180404,2018-04-04,2018,2,Q2,4,April,Apr 2018,201804,14,4,Wednesday,2018,30,2018-04-30,False,False,False,False
20180405,2018-04-05,2018,2,Q2,4,April,Apr 2018,201804,14,5,Thursday,2018,30,2018-04-30,False,False,False,False
20180406,2018-04-06,2018,2,Q2,4,April,Apr 2018,201804,14,6,Friday,2018,30,2018-04-30,False,False,False,False
20180407,2018-04-07,2018,2,Q2,4,April,Apr 2018,201804,14,7,Saturday,2018,30,2018-04-30,True,False,False,False
20180408,2018-04-08,2018,2,Q2,4,April,Apr 2018,201804,14,8,Sunday,2018,30,2018-04-30,True,False,False,False
20180409,2018-04-09,2018,2,Q2,4,April,Apr 2018,201804,15,9,Monday,2018,30,2018-04-30,False,False,False,False
20180410,2018-04-10,2018,2,Q2,4,April,Apr 2018,201804,15,10,Tuesday,2018,30,2018-04-30,False,False,False,False
20180411,2018-04-11,2018,2,Q2,4,April,Apr 2018,201804,15,11,Wednesday,2018,30,2018-04-30,False,False,False,False
20180412,2018-04-12,2018,2,Q2,4,April,Apr 2018,201804,15,12,Thursday,2018,30,2018-04-30,False,False,False,False
20180413,2018-04-13,2018,2,Q2,4,April,Apr 2018,201804,15,13,Friday,2018,30,2018-04-30,False,False,False,False
20180414,2018-04-14,2018,2,Q2,4,April,Apr 2018,201804,15,14,Saturday,2018,30,2018-04-30,True,False,False,False
20180415,2018-04-15,2018,2,Q2,4,April,Apr 2018,201804,15,15,Sunday,2018,30,2018-04-30,True,False,False,False
20180416,2018-04-16,2018,2,Q2,4,April,Apr 2018,201804,16,16,Monday,2018,30,2018-04-30,False,False,False,False
20180417,2018-04-17,2018,2,Q2,4,April,Apr 2018,201804,16,17,Tuesday,2018,30,2018-04-30,False,False,False,False
20180418,2018-04-18,2018,2,Q2,4,April,Apr 2018,201804,16,18,Wednesday,2018,30,2018-04-30,False,False,False,False
20180419,2018-04-19,2018,2,Q2,4,April,Apr 2018,201804,16,19,Thursday,2018,30,2018-04-30,False,False,False,False
20180420,2018-04-20,2018,2,Q2,4,April,Apr 2018,201804,16,20,Friday,2018,30,2018-04-30,False,False,False,False
20180421,2018-04-21,2018,2,Q2,4,April,Apr 2018,201804,16,21,Saturday,2018,30,2018-04-30,True,False,False,False
20180422,2018-04-22,2018,2,Q2,4,April,Apr 2018,201804,16,22,Sunday,2018,30,2018-04-30,True,False,False,False
20180423,2018-04-23,2018,2,Q2,4,April,Apr 2018,201804,17,23,Monday,2018,30,2018-04-30,False,False,False,False
20180424,2018-04-24,2018,2,Q2,4,April,Apr 2018,201804,17,24,Tuesday,2018,30,2018-04-30,False,False,False,False
20180425,2018-04-25,2018,2,Q2,4,April,Apr 2018,201804,17,25,Wednesday,2018,30,2018-04-30,False,False,False,False
20180426,2018-04-26,2018,2,Q2,4,April,Apr 2018,201804,17,26,Thursday,2018,30,2018-04-30,False,False,False,False
20180427,2018-04-27,2018,2,Q2,4,April,Apr 2018,201804,17,27,Friday,2018,30,2018-04-30,False,False,False,False
20180428,2018-04-28,2018,2,Q2,4,April,Apr 2018,201804,17,28,Saturday,2018,30,2018-04-30,True,False,False,False
20180429,2018-04-29,2018,2,Q2,4,April,Apr 2018,201804,17,29,Sunday,2018,30,2018-04-30,True,False,False,False
20180430,2018-04-30,2018,2,Q2,4,April,Apr 2018,201804,18,30,Monday,2018,30,2018-04-30,False,False,True,False
20180501,2018-05-01,2018,2,Q2,5,May,May 2018,201805,18,1,Tuesday,2018,31,2018-05-31,False,True,False,False
20180502,2018-05-02,2018,2,Q2,5,May,May 2018,201805,18,2,Wednesday,2018,31,2018-05-31,False,False,False,False
20180503,2018-05-03,2018,2,Q2,5,May,May 2018,201805,18,3,Thursday,2018,31,2018-05-31,False,False,False,False
20180504,2018-05-04,2018,2,Q2,5,May,May 2018,201805,18,4,Friday,2018,31,2018-05-31,False,False,False,False
20180505,2018-05-05,2018,2,Q2,5,May,May 2018,201805,18,5,Saturday,2018,31,2018-05-31,True,False,False,False
20180506,2018-05-06,2018,2,Q2,5,May,May 2018,201805,18,6,Sunday,2018,31,2018-05-31,True,False,False,False
20180507,2018-05-07,2018,2,Q2,5,May,May 2018,201805,19,7,Monday,2018,31,2018-05-31,False,False,False,False
20180508,2018-05-08,2018,2,Q2,5,May,May 2018,201805,19,8,Tuesday,2018,31,2018-05-31,False,False,False,False
20180509,2018-05-09,2018,2,Q2,5,May,May 2018,201805,19,9,Wednesday,2018,31,2018-05-31,False,False,False,False
20180510,2018-05-10,2018,2,Q2,5,May,May 2018,201805,19,10,Thursday,2018,31,2018-05-31,False,False,False,False
20180511,2018-05-11,2018,2,Q2,5,May,May 2018,201805,19,11,Friday,2018,31,2018-05-31,False,False,False,False
20180512,2018-05-12,2018,2,Q2,5,May,May 2018,201805,19,12,Saturday,2018,31,2018-05-31,True,False,False,False
20180513,2018-05-13,2018,2,Q2,5,May,May 2018,201805,19,13,Sunday,2018,31,2018-05-31,True,False,False,False
20180514,2018-05-14,2018,2,Q2,5,May,May 2018,201805,20,14,Monday,2018,31,2018-05-31,False,False,False,False
20180515,2018-05-15,2018,2,Q2,5,May,May 2018,201805,20,15,Tuesday,2018,31,2018-05-31,False,False,False,False
20180516,2018-05-16,2018,2,Q2,5,May,May 2018,201805,20,16,Wednesday,2018,31,2018-05-31,False,False,False,False
20180517,2018-05-17,2018,2,Q2,5,May,May 2018,201805,20,17,Thursday,2018,31,2018-05-31,False,False,False,False
20180518,2018-05-18,2018,2,Q2,5,May,May 2018,201805,20,18,Friday,2018,31,2018-05-31,False,False,False,False
20180519,2018-05-19,2018,2,Q2,5,May,May 2018,201805,20,19,Saturday,2018,31,2018-05-31,True,False,False,False
20180520,2018-05-20,2018,2,Q2,5,May,May 2018,201805,20,20,Sunday,2018,31,2018-05-31,True,False,False,False
20180521,2018-05-21,2018,2,Q2,5,May,May 2018,201805,21,21,Monday,2018,31,2018-05-31,False,False,False,False
20180522,2018-05-22,2018,2,Q2,5,May,May 2018,201805,21,22,Tuesday,2018,31,2018-05-31,False,False,False,False
20180523,2018-05-23,2018,2,Q2,5,May,May 2018,201805,21,23,Wednesday,2018,31,2018-05-31,False,False,False,False
20180524,2018-05-24,2018,2,Q2,5,May,May 2018,201805,21,24,Thursday,2018,31,2018-05-31,False,False,False,False
20180525,2018-05-25,2018,2,Q2,5,May,May 2018,201805,21,25,Friday,2018,31,2018-05-31,False,False,False,False
20180526,2018-05-26,2018,2,Q2,5,May,May 2018,201805,21,26,Saturday,2018,31,2018-05-31,True,False,False,False
20180527,2018-05-27,2018,2,Q2,5,May,May 2018,201805,21,27,Sunday,2018,31,2018-05-31,True,False,False,False
20180528,2018-05-28,2018,2,Q2,5,May,May 2018,201805,22,28,Monday,2018,31,2018-05-31,False,False,False,False
20180529,2018-05-29,2018,2,Q2,5,May,May 2018,201805,22,29,Tuesday,2018,31,2018-05-31,False,False,False,False
20180530,2018-05-30,2018,2,Q2,5,May,May 2018,201805,22,30,Wednesday,2018,31,2018-05-31,False,False,False,False
20180531,2018-05-31,2018,2,Q2,5,May,May 2018,201805,22,31,Thursday,2018,31,2018-05-31,False,False,True,False
20180601,2018-06-01,2018,2,Q2,6,June,Jun 2018,201806,22,1,Friday,2018,30,2018-06-30,False,True,False,False
20180602,2018-06-02,2018,2,Q2,6,June,Jun 2018,201806,22,2,Saturday,2018,30,2018-06-30,True,False,False,False
20180603,2018-06-03,2018,2,Q2,6,June,Jun 2018,201806,22,3,Sunday,2018,30,2018-06-30,True,False,False,False
20180604,2018-06-04,2018,2,Q2,6,June,Jun 2018,201806,23,4,Monday,2018,30,2018-06-30,False,False,False,False
20180605,2018-06-05,2018,2,Q2,6,June,Jun 2018,201806,23,5,Tuesday,2018,30,2018-06-30,False,False,False,False
20180606,2018-06-06,2018,2,Q2,6,June,Jun 2018,201806,23,6,Wednesday,2018,30,2018-06-30,False,False,False,False
20180607,2018-06-07,2018,2,Q2,6,June,Jun 2018,201806,23,7,Thursday,2018,30,2018-06-30,False,False,False,False
20180608,2018-06-08,2018,2,Q2,6,June,Jun 2018,201806,23,8,Friday,2018,30,2018-06-30,False,False,False,False
20180609,2018-06-09,2018,2,Q2,6,June,Jun 2018,201806,23,9,Saturday,2018,30,2018-06-30,True,False,False,False
20180610,2018-06-10,2018,2,Q2,6,June,Jun 2018,201806,23,10,Sunday,2018,30,2018-06-30,True,False,False,False
20180611,2018-06-11,2018,2,Q2,6,June,Jun 2018,201806,24,11,Monday,2018,30,2018-06-30,False,False,False,False
20180612,2018-06-12,2018,2,Q2,6,June,Jun 2018,201806,24,12,Tuesday,2018,30,2018-06-30,False,False,False,False
20180613,2018-06-13,2018,2,Q2,6,June,Jun 2018,201806,24,13,Wednesday,2018,30,2018-06-30,False,False,False,False
20180614,2018-06-14,2018,2,Q2,6,June,Jun 2018,201806,24,14,Thursday,2018,30,2018-06-30,False,False,False,False
20180615,2018-06-15,2018,2,Q2,6,June,Jun 2018,201806,24,15,Friday,2018,30,2018-06-30,False,False,False,False
20180616,2018-06-16,2018,2,Q2,6,June,Jun 2018,201806,24,16,Saturday,2018,30,2018-06-30,True,False,False,False
20180617,2018-06-17,2018,2,Q2,6,June,Jun 2018,201806,24,17,Sunday,2018,30,2018-06-30,True,False,False,False
20180618,2018-06-18,2018,2,Q2,6,June,Jun 2018,201806,25,18,Monday,2018,30,2018-06-30,False,False,False,False
20180619,2018-06-19,2018,2,Q2,6,June,Jun 2018,201806,25,19,Tuesday,2018,30,2018-06-30,False,False,False,False
20180620,2018-06-20,2018,2,Q2,6,June,Jun 2018,201806,25,20,Wednesday,2018,30,2018-06-30,False,False,False,False
20180621,2018-06-21,2018,2,Q2,6,June,Jun 2018,201806,25,21,Thursday,2018,30,2018-06-30,False,False,False,False
20180622,2018-06-22,2018,2,Q2,6,June,Jun 2018,201806,25,22,Friday,2018,30,2018-06-30,False,False,False,False
20180623,2018-06-23,2018,2,Q2,6,June,Jun 2018,201806,25,23,Saturday,2018,30,2018-06-30,True,False,False,False
20180624,2018-06-24,2018,2,Q2,6,June,Jun 2018,201806,25,24,Sunday,2018,30,2018-06-30,True,False,False,False
20180625,2018-06-25,2018,2,Q2,6,June,Jun 2018,201806,26,25,Monday,2018,30,2018-06-30,False,False,False,False
20180626,2018-06-26,2018,2,Q2,6,June,Jun 2018,201806,26,26,Tuesday,2018,30,2018-06-30,False,False,False,False
20180627,2018-06-27,2018,2,Q2,6,June,Jun 2018,201806,26,27,Wednesday,2018,30,2018-06-30,False,False,False,False
20180628,2018-06-28,2018,2,Q2,6,June,Jun 2018,201806,26,28,Thursday,2018,30,2018-06-30,False,False,False,False
20180629,2018-06-29,2018,2,Q2,6,June,Jun 2018,201806,26,29,Friday,2018,30,2018-06-30,False,False,False,False
20180630,2018-06-30,2018,2,Q2,6,June,Jun 2018,201806,26,30,Saturday,2018,30,2018-06-30,True,False,True,False
20180701,2018-07-01,2018,3,Q3,7,July,Jul 2018,201807,26,1,Sunday,2018,31,2018-07-31,True,True,False,False
20180702,2018-07-02,2018,3,Q3,7,July,Jul 2018,201807,27,2,Monday,2018,31,2018-07-31,False,False,False,False
20180703,2018-07-03,2018,3,Q3,7,July,Jul 2018,201807,27,3,Tuesday,2018,31,2018-07-31,False,False,False,False
20180704,2018-07-04,2018,3,Q3,7,July,Jul 2018,201807,27,4,Wednesday,2018,31,2018-07-31,False,False,False,False
20180705,2018-07-05,2018,3,Q3,7,July,Jul 2018,201807,27,5,Thursday,2018,31,2018-07-31,False,False,False,False
20180706,2018-07-06,2018,3,Q3,7,July,Jul 2018,201807,27,6,Friday,2018,31,2018-07-31,False,False,False,False
20180707,2018-07-07,2018,3,Q3,7,July,Jul 2018,201807,27,7,Saturday,2018,31,2018-07-31,True,False,False,False
20180708,2018-07-08,2018,3,Q3,7,July,Jul 2018,201807,27,8,Sunday,2018,31,2018-07-31,True,False,False,False
20180709,2018-07-09,2018,3,Q3,7,July,Jul 2018,201807,28,9,Monday,2018,31,2018-07-31,False,False,False,False
20180710,2018-07-10,2018,3,Q3,7,July,Jul 2018,201807,28,10,Tuesday,2018,31,2018-07-31,False,False,False,False
20180711,2018-07-11,2018,3,Q3,7,July,Jul 2018,201807,28,11,Wednesday,2018,31,2018-07-31,False,False,False,False
20180712,2018-07-12,2018,3,Q3,7,July,Jul 2018,201807,28,12,Thursday,2018,31,2018-07-31,False,False,False,False
20180713,2018-07-13,2018,3,Q3,7,July,Jul 2018,201807,28,13,Friday,2018,31,2018-07-31,False,False,False,False
20180714,2018-07-14,2018,3,Q3,7,July,Jul 2018,201807,28,14,Saturday,2018,31,2018-07-31,True,False,False,False
20180715,2018-07-15,2018,3,Q3,7,July,Jul 2018,201807,28,15,Sunday,2018,31,2018-07-31,True,False,False,False
20180716,2018-07-16,2018,3,Q3,7,July,Jul 2018,201807,29,16,Monday,2018,31,2018-07-31,False,False,False,False
20180717,2018-07-17,2018,3,Q3,7,July,Jul 2018,201807,29,17,Tuesday,2018,31,2018-07-31,False,False,False,False
20180718,2018-07-18,2018,3,Q3,7,July,Jul 2018,201807,29,18,Wednesday,2018,31,2018-07-31,False,False,False,False
20180719,2018-07-19,2018,3,Q3,7,July,Jul 2018,201807,29,19,Thursday,2018,31,2018-07-31,False,False,False,False
20180720,2018-07-20,2018,3,Q3,7,July,Jul 2018,201807,29,20,Friday,2018,31,2018-07-31,False,False,False,False
20180721,2018-07-21,2018,3,Q3,7,July,Jul 2018,201807,29,21,Saturday,2018,31,2018-07-31,True,False,False,False
20180722,2018-07-22,2018,3,Q3,7,July,Jul 2018,201807,29,22,Sunday,2018,31,2018-07-31,True,False,False,False
20180723,2018-07-23,2018,3,Q3,7,July,Jul 2018,201807,30,23,Monday,2018,31,2018-07-31,False,False,False,False
20180724,2018-07-24,2018,3,Q3,7,July,Jul 2018,201807,30,24,Tuesday,2018,31,2018-07-31,False,False,False,False
20180725,2018-07-25,2018,3,Q3,7,July,Jul 2018,201807,30,25,Wednesday,2018,31,2018-07-31,False,False,False,False
20180726,2018-07-26,2018,3,Q3,7,July,Jul 2018,201807,30,26,Thursday,2018,31,2018-07-31,False,False,False,False
20180727,2018-07-27,2018,3,Q3,7,July,Jul 2018,201807,30,27,Friday,2018,31,2018-07-31,False,False,False,False
20180728,2018-07-28,2018,3,Q3,7,July,Jul 2018,201807,30,28,Saturday,2018,31,2018-07-31,True,False,False,False
20180729,2018-07-29,2018,3,Q3,7,July,Jul 2018,201807,30,29,Sunday,2018,31,2018-07-31,True,False,False,False
20180730,2018-07-30,2018,3,Q3,7,July,Jul 2018,201807,31,30,Monday,2018,31,2018-07-31,False,False,False,False
20180731,2018-07-31,2018,3,Q3,7,July,Jul 2018,201807,31,31,Tuesday,2018,31,2018-07-31,False,False,True,False
20180801,2018-08-01,2018,3,Q3,8,August,Aug 2018,201808,31,1,Wednesday,2018,31,2018-08-31,False,True,False,False
20180802,2018-08-02,2018,3,Q3,8,August,Aug 2018,201808,31,2,Thursday,2018,31,2018-08-31,False,False,False,False
20180803,2018-08-03,2018,3,Q3,8,August,Aug 2018,201808,31,3,Friday,2018,31,2018-08-31,False,False,False,False
20180804,2018-08-04,2018,3,Q3,8,August,Aug 2018,201808,31,4,Saturday,2018,31,2018-08-31,True,False,False,False
20180805,2018-08-05,2018,3,Q3,8,August,Aug 2018,201808,31,5,Sunday,2018,31,2018-08-31,True,False,False,False
20180806,2018-08-06,2018,3,Q3,8,August,Aug 2018,201808,32,6,Monday,2018,31,2018-08-31,False,False,False,False
20180807,2018-08-07,2018,3,Q3,8,August,Aug 2018,201808,32,7,Tuesday,2018,31,2018-08-31,False,False,False,False
20180808,2018-08-08,2018,3,Q3,8,August,Aug 2018,201808,32,8,Wednesday,2018,31,2018-08-31,False,False,False,False
20180809,2018-08-09,2018,3,Q3,8,August,Aug 2018,201808,32,9,Thursday,2018,31,2018-08-31,False,False,False,False
20180810,2018-08-10,2018,3,Q3,8,August,Aug 2018,201808,32,10,Friday,2018,31,2018-08-31,False,False,False,False
20180811,2018-08-11,2018,3,Q3,8,August,Aug 2018,201808,32,11,Saturday,2018,31,2018-08-31,True,False,False,False
20180812,2018-08-12,2018,3,Q3,8,August,Aug 2018,201808,32,12,Sunday,2018,31,2018-08-31,True,False,False,False
20180813,2018-08-13,2018,3,Q3,8,August,Aug 2018,201808,33,13,Monday,2018,31,2018-08-31,False,False,False,False
20180814,2018-08-14,2018,3,Q3,8,August,Aug 2018,201808,33,14,Tuesday,2018,31,2018-08-31,False,False,False,False
20180815,2018-08-15,2018,3,Q3,8,August,Aug 2018,201808,33,15,Wednesday,2018,31,2018-08-31,False,False,False,False
20180816,2018-08-16,2018,3,Q3,8,August,Aug 2018,201808,33,16,Thursday,2018,31,2018-08-31,False,False,False,False
20180817,2018-08-17,2018,3,Q3,8,August,Aug 2018,201808,33,17,Friday,2018,31,2018-08-31,False,False,False,False
20180818,2018-08-18,2018,3,Q3,8,August,Aug 2018,201808,33,18,Saturday,2018,31,2018-08-31,True,False,False,False
20180819,2018-08-19,2018,3,Q3,8,August,Aug 2018,201808,33,19,Sunday,2018,31,2018-08-31,True,False,False,False
20180820,2018-08-20,2018,3,Q3,8,August,Aug 2018,201808,34,20,Monday,2018,31,2018-08-31,False,False,False,False
20180821,2018-08-21,2018,3,Q3,8,August,Aug 2018,201808,34,21,Tuesday,2018,31,2018-08-31,False,False,False,False
20180822,2018-08-22,2018,3,Q3,8,August,Aug 2018,201808,34,22,Wednesday,2018,31,2018-08-31,False,False,False,False
20180823,2018-08-23,2018,3,Q3,8,August,Aug 2018,201808,34,23,Thursday,2018,31,2018-08-31,False,False,False,False
20180824,2018-08-24,2018,3,Q3,8,August,Aug 2018,201808,34,24,Friday,2018,31,2018-08-31,False,False,False,False
20180825,2018-08-25,2018,3,Q3,8,August,Aug 2018,201808,34,25,Saturday,2018,31,2018-08-31,True,False,False,False
20180826,2018-08-26,2018,3,Q3,8,August,Aug 2018,201808,34,26,Sunday,2018,31,2018-08-31,True,False,False,False
20180827,2018-08-27,2018,3,Q3,8,August,Aug 2018,201808,35,27,Monday,2018,31,2018-08-31,False,False,False,False
20180828,2018-08-28,2018,3,Q3,8,August,Aug 2018,201808,35,28,Tuesday,2018,31,2018-08-31,False,False,False,False
20180829,2018-08-29,2018,3,Q3,8,August,Aug 2018,201808,35,29,Wednesday,2018,31,2018-08-31,False,False,False,False
20180830,2018-08-30,2018,3,Q3,8,August,Aug 2018,201808,35,30,Thursday,2018,31,2018-08-31,False,False,False,False
20180831,2018-08-31,2018,3,Q3,8,August,Aug 2018,201808,35,31,Friday,2018,31,2018-08-31,False,False,True,False
20180901,2018-09-01,2018,3,Q3,9,September,Sep 2018,201809,35,1,Saturday,2018,30,2018-09-30,True,True,False,False
20180902,2018-09-02,2018,3,Q3,9,September,Sep 2018,201809,35,2,Sunday,2018,30,2018-09-30,True,False,False,False
20180903,2018-09-03,2018,3,Q3,9,September,Sep 2018,201809,36,3,Monday,2018,30,2018-09-30,False,False,False,False
20180904,2018-09-04,2018,3,Q3,9,September,Sep 2018,201809,36,4,Tuesday,2018,30,2018-09-30,False,False,False,False
20180905,2018-09-05,2018,3,Q3,9,September,Sep 2018,201809,36,5,Wednesday,2018,30,2018-09-30,False,False,False,False
20180906,2018-09-06,2018,3,Q3,9,September,Sep 2018,201809,36,6,Thursday,2018,30,2018-09-30,False,False,False,False
20180907,2018-09-07,2018,3,Q3,9,September,Sep 2018,201809,36,7,Friday,2018,30,2018-09-30,False,False,False,False
20180908,2018-09-08,2018,3,Q3,9,September,Sep 2018,201809,36,8,Saturday,2018,30,2018-09-30,True,False,False,False
20180909,2018-09-09,2018,3,Q3,9,September,Sep 2018,201809,36,9,Sunday,2018,30,2018-09-30,True,False,False,False
20180910,2018-09-10,2018,3,Q3,9,September,Sep 2018,201809,37,10,Monday,2018,30,2018-09-30,False,False,False,False
20180911,2018-09-11,2018,3,Q3,9,September,Sep 2018,201809,37,11,Tuesday,2018,30,2018-09-30,False,False,False,False
20180912,2018-09-12,2018,3,Q3,9,September,Sep 2018,201809,37,12,Wednesday,2018,30,2018-09-30,False,False,False,False
20180913,2018-09-13,2018,3,Q3,9,September,Sep 2018,201809,37,13,Thursday,2018,30,2018-09-30,False,False,False,False
20180914,2018-09-14,2018,3,Q3,9,September,Sep 2018,201809,37,14,Friday,2018,30,2018-09-30,False,False,False,False
20180915,2018-09-15,2018,3,Q3,9,September,Sep 2018,201809,37,15,Saturday,2018,30,2018-09-30,True,False,False,False
20180916,2018-09-16,2018,3,Q3,9,September,Sep 2018,201809,37,16,Sunday,2018,30,2018-09-30,True,False,False,False
20180917,2018-09-17,2018,3,Q3,9,September,Sep 2018,201809,38,17,Monday,2018,30,2018-09-30,False,False,False,False
20180918,2018-09-18,2018,3,Q3,9,September,Sep 2018,201809,38,18,Tuesday,2018,30,2018-09-30,False,False,False,False
20180919,2018-09-19,2018,3,Q3,9,September,Sep 2018,201809,38,19,Wednesday,2018,30,2018-09-30,False,False,False,False
20180920,2018-09-20,2018,3,Q3,9,September,Sep 2018,201809,38,20,Thursday,2018,30,2018-09-30,False,False,False,False
20180921,2018-09-21,2018,3,Q3,9,September,Sep 2018,201809,38,21,Friday,2018,30,2018-09-30,False,False,False,False
20180922,2018-09-22,2018,3,Q3,9,September,Sep 2018,201809,38,22,Saturday,2018,30,2018-09-30,True,False,False,False
20180923,2018-09-23,2018,3,Q3,9,September,Sep 2018,201809,38,23,Sunday,2018,30,2018-09-30,True,False,False,False
20180924,2018-09-24,2018,3,Q3,9,September,Sep 2018,201809,39,24,Monday,2018,30,2018-09-30,False,False,False,False
20180925,2018-09-25,2018,3,Q3,9,September,Sep 2018,201809,39,25,Tuesday,2018,30,2018-09-30,False,False,False,False
20180926,2018-09-26,2018,3,Q3,9,September,Sep 2018,201809,39,26,Wednesday,2018,30,2018-09-30,False,False,False,False
20180927,2018-09-27,2018,3,Q3,9,September,Sep 2018,201809,39,27,Thursday,2018,30,2018-09-30,False,False,False,False
20180928,2018-09-28,2018,3,Q3,9,September,Sep 2018,201809,39,28,Friday,2018,30,2018-09-30,False,False,False,False
20180929,2018-09-29,2018,3,Q3,9,September,Sep 2018,201809,39,29,Saturday,2018,30,2018-09-30,True,False,False,False
20180930,2018-09-30,2018,3,Q3,9,September,Sep 2018,201809,39,30,Sunday,2018,30,2018-09-30,True,False,True,False
20181001,2018-10-01,2018,4,Q4,10,October,Oct 2018,201810,40,1,Monday,2018,31,2018-10-31,False,True,False,False
20181002,2018-10-02,2018,4,Q4,10,October,Oct 2018,201810,40,2,Tuesday,2018,31,2018-10-31,False,False,False,False
20181003,2018-10-03,2018,4,Q4,10,October,Oct 2018,201810,40,3,Wednesday,2018,31,2018-10-31,False,False,False,False
20181004,2018-10-04,2018,4,Q4,10,October,Oct 2018,201810,40,4,Thursday,2018,31,2018-10-31,False,False,False,False
20181005,2018-10-05,2018,4,Q4,10,October,Oct 2018,201810,40,5,Friday,2018,31,2018-10-31,False,False,False,False
20181006,2018-10-06,2018,4,Q4,10,October,Oct 2018,201810,40,6,Saturday,2018,31,2018-10-31,True,False,False,False
20181007,2018-10-07,2018,4,Q4,10,October,Oct 2018,201810,40,7,Sunday,2018,31,2018-10-31,True,False,False,False
20181008,2018-10-08,2018,4,Q4,10,October,Oct 2018,201810,41,8,Monday,2018,31,2018-10-31,False,False,False,False
20181009,2018-10-09,2018,4,Q4,10,October,Oct 2018,201810,41,9,Tuesday,2018,31,2018-10-31,False,False,False,False
20181010,2018-10-10,2018,4,Q4,10,October,Oct 2018,201810,41,10,Wednesday,2018,31,2018-10-31,False,False,False,False
20181011,2018-10-11,2018,4,Q4,10,October,Oct 2018,201810,41,11,Thursday,2018,31,2018-10-31,False,False,False,False
20181012,2018-10-12,2018,4,Q4,10,October,Oct 2018,201810,41,12,Friday,2018,31,2018-10-31,False,False,False,False
20181013,2018-10-13,2018,4,Q4,10,October,Oct 2018,201810,41,13,Saturday,2018,31,2018-10-31,True,False,False,False
20181014,2018-10-14,2018,4,Q4,10,October,Oct 2018,201810,41,14,Sunday,2018,31,2018-10-31,True,False,False,False
20181015,2018-10-15,2018,4,Q4,10,October,Oct 2018,201810,42,15,Monday,2018,31,2018-10-31,False,False,False,False
20181016,2018-10-16,2018,4,Q4,10,October,Oct 2018,201810,42,16,Tuesday,2018,31,2018-10-31,False,False,False,False
20181017,2018-10-17,2018,4,Q4,10,October,Oct 2018,201810,42,17,Wednesday,2018,31,2018-10-31,False,False,False,False
20181018,2018-10-18,2018,4,Q4,10,October,Oct 2018,201810,42,18,Thursday,2018,31,2018-10-31,False,False,False,False
20181019,2018-10-19,2018,4,Q4,10,October,Oct 2018,201810,42,19,Friday,2018,31,2018-10-31,False,False,False,False
20181020,2018-10-20,2018,4,Q4,10,October,Oct 2018,201810,42,20,Saturday,2018,31,2018-10-31,True,False,False,False
20181021,2018-10-21,2018,4,Q4,10,October,Oct 2018,201810,42,21,Sunday,2018,31,2018-10-31,True,False,False,False
20181022,2018-10-22,2018,4,Q4,10,October,Oct 2018,201810,43,22,Monday,2018,31,2018-10-31,False,False,False,False
20181023,2018-10-23,2018,4,Q4,10,October,Oct 2018,201810,43,23,Tuesday,2018,31,2018-10-31,False,False,False,False
20181024,2018-10-24,2018,4,Q4,10,October,Oct 2018,201810,43,24,Wednesday,2018,31,2018-10-31,False,False,False,False
20181025,2018-10-25,2018,4,Q4,10,October,Oct 2018,201810,43,25,Thursday,2018,31,2018-10-31,False,False,False,False
20181026,2018-10-26,2018,4,Q4,10,October,Oct 2018,201810,43,26,Friday,2018,31,2018-10-31,False,False,False,False
20181027,2018-10-27,2018,4,Q4,10,October,Oct 2018,201810,43,27,Saturday,2018,31,2018-10-31,True,False,False,False
20181028,2018-10-28,2018,4,Q4,10,October,Oct 2018,201810,43,28,Sunday,2018,31,2018-10-31,True,False,False,False
20181029,2018-10-29,2018,4,Q4,10,October,Oct 2018,201810,44,29,Monday,2018,31,2018-10-31,False,False,False,False
20181030,2018-10-30,2018,4,Q4,10,October,Oct 2018,201810,44,30,Tuesday,2018,31,2018-10-31,False,False,False,False
20181031,2018-10-31,2018,4,Q4,10,October,Oct 2018,201810,44,31,Wednesday,2018,31,2018-10-31,False,False,True,False
20181101,2018-11-01,2018,4,Q4,11,November,Nov 2018,201811,44,1,Thursday,2018,30,2018-11-30,False,True,False,False
20181102,2018-11-02,2018,4,Q4,11,November,Nov 2018,201811,44,2,Friday,2018,30,2018-11-30,False,False,False,False
20181103,2018-11-03,2018,4,Q4,11,November,Nov 2018,201811,44,3,Saturday,2018,30,2018-11-30,True,False,False,False
20181104,2018-11-04,2018,4,Q4,11,November,Nov 2018,201811,44,4,Sunday,2018,30,2018-11-30,True,False,False,False
20181105,2018-11-05,2018,4,Q4,11,November,Nov 2018,201811,45,5,Monday,2018,30,2018-11-30,False,False,False,False
20181106,2018-11-06,2018,4,Q4,11,November,Nov 2018,201811,45,6,Tuesday,2018,30,2018-11-30,False,False,False,False
20181107,2018-11-07,2018,4,Q4,11,November,Nov 2018,201811,45,7,Wednesday,2018,30,2018-11-30,False,False,False,False
20181108,2018-11-08,2018,4,Q4,11,November,Nov 2018,201811,45,8,Thursday,2018,30,2018-11-30,False,False,False,False
20181109,2018-11-09,2018,4,Q4,11,November,Nov 2018,201811,45,9,Friday,2018,30,2018-11-30,False,False,False,False
20181110,2018-11-10,2018,4,Q4,11,November,Nov 2018,201811,45,10,Saturday,2018,30,2018-11-30,True,False,False,False
20181111,2018-11-11,2018,4,Q4,11,November,Nov 2018,201811,45,11,Sunday,2018,30,2018-11-30,True,False,False,False
20181112,2018-11-12,2018,4,Q4,11,November,Nov 2018,201811,46,12,Monday,2018,30,2018-11-30,False,False,False,False
20181113,2018-11-13,2018,4,Q4,11,November,Nov 2018,201811,46,13,Tuesday,2018,30,2018-11-30,False,False,False,False
20181114,2018-11-14,2018,4,Q4,11,November,Nov 2018,201811,46,14,Wednesday,2018,30,2018-11-30,False,False,False,False
20181115,2018-11-15,2018,4,Q4,11,November,Nov 2018,201811,46,15,Thursday,2018,30,2018-11-30,False,False,False,False
20181116,2018-11-16,2018,4,Q4,11,November,Nov 2018,201811,46,16,Friday,2018,30,2018-11-30,False,False,False,False
20181117,2018-11-17,2018,4,Q4,11,November,Nov 2018,201811,46,17,Saturday,2018,30,2018-11-30,True,False,False,False
20181118,2018-11-18,2018,4,Q4,11,November,Nov 2018,201811,46,18,Sunday,2018,30,2018-11-30,True,False,False,False
20181119,2018-11-19,2018,4,Q4,11,November,Nov 2018,201811,47,19,Monday,2018,30,2018-11-30,False,False,False,False
20181120,2018-11-20,2018,4,Q4,11,November,Nov 2018,201811,47,20,Tuesday,2018,30,2018-11-30,False,False,False,False
20181121,2018-11-21,2018,4,Q4,11,November,Nov 2018,201811,47,21,Wednesday,2018,30,2018-11-30,False,False,False,False
20181122,2018-11-22,2018,4,Q4,11,November,Nov 2018,201811,47,22,Thursday,2018,30,2018-11-30,False,False,False,False
20181123,2018-11-23,2018,4,Q4,11,November,Nov 2018,201811,47,23,Friday,2018,30,2018-11-30,False,False,False,False
20181124,2018-11-24,2018,4,Q4,11,November,Nov 2018,201811,47,24,Saturday,2018,30,2018-11-30,True,False,False,False
20181125,2018-11-25,2018,4,Q4,11,November,Nov 2018,201811,47,25,Sunday,2018,30,2018-11-30,True,False,False,False
20181126,2018-11-26,2018,4,Q4,11,November,Nov 2018,201811,48,26,Monday,2018,30,2018-11-30,False,False,False,False
20181127,2018-11-27,2018,4,Q4,11,November,Nov 2018,201811,48,27,Tuesday,2018,30,2018-11-30,False,False,False,False
20181128,2018-11-28,2018,4,Q4,11,November,Nov 2018,201811,48,28,Wednesday,2018,30,2018-11-30,False,False,False,False
20181129,2018-11-29,2018,4,Q4,11,November,Nov 2018,201811,48,29,Thursday,2018,30,2018-11-30,False,False,False,False
20181130,2018-11-30,2018,4,Q4,11,November,Nov 2018,201811,48,30,Friday,2018,30,2018-11-30,False,False,True,False
20181201,2018-12-01,2018,4,Q4,12,December,Dec 2018,201812,48,1,Saturday,2018,31,2018-12-31,True,True,False,False
20181202,2018-12-02,2018,4,Q4,12,December,Dec 2018,201812,48,2,Sunday,2018,31,2018-12-31,True,False,False,False
20181203,2018-12-03,2018,4,Q4,12,December,Dec 2018,201812,49,3,Monday,2018,31,2018-12-31,False,False,False,False
20181204,2018-12-04,2018,4,Q4,12,December,Dec 2018,201812,49,4,Tuesday,2018,31,2018-12-31,False,False,False,False
20181205,2018-12-05,2018,4,Q4,12,December,Dec 2018,201812,49,5,Wednesday,2018,31,2018-12-31,False,False,False,False
20181206,2018-12-06,2018,4,Q4,12,December,Dec 2018,201812,49,6,Thursday,2018,31,2018-12-31,False,False,False,False
20181207,2018-12-07,2018,4,Q4,12,December,Dec 2018,201812,49,7,Friday,2018,31,2018-12-31,False,False,False,False
20181208,2018-12-08,2018,4,Q4,12,December,Dec 2018,201812,49,8,Saturday,2018,31,2018-12-31,True,False,False,False
20181209,2018-12-09,2018,4,Q4,12,December,Dec 2018,201812,49,9,Sunday,2018,31,2018-12-31,True,False,False,False
20181210,2018-12-10,2018,4,Q4,12,December,Dec 2018,201812,50,10,Monday,2018,31,2018-12-31,False,False,False,False
20181211,2018-12-11,2018,4,Q4,12,December,Dec 2018,201812,50,11,Tuesday,2018,31,2018-12-31,False,False,False,False
20181212,2018-12-12,2018,4,Q4,12,December,Dec 2018,201812,50,12,Wednesday,2018,31,2018-12-31,False,False,False,False
20181213,2018-12-13,2018,4,Q4,12,December,Dec 2018,201812,50,13,Thursday,2018,31,2018-12-31,False,False,False,False
20181214,2018-12-14,2018,4,Q4,12,December,Dec 2018,201812,50,14,Friday,2018,31,2018-12-31,False,False,False,False
20181215,2018-12-15,2018,4,Q4,12,December,Dec 2018,201812,50,15,Saturday,2018,31,2018-12-31,True,False,False,False
20181216,2018-12-16,2018,4,Q4,12,December,Dec 2018,201812,50,16,Sunday,2018,31,2018-12-31,True,False,False,False
20181217,2018-12-17,2018,4,Q4,12,December,Dec 2018,201812,51,17,Monday,2018,31,2018-12-31,False,False,False,False
20181218,2018-12-18,2018,4,Q4,12,December,Dec 2018,201812,51,18,Tuesday,2018,31,2018-12-31,False,False,False,False
20181219,2018-12-19,2018,4,Q4,12,December,Dec 2018,201812,51,19,Wednesday,2018,31,2018-12-31,False,False,False,False
20181220,2018-12-20,2018,4,Q4,12,December,Dec 2018,201812,51,20,Thursday,2018,31,2018-12-31,False,False,False,False
20181221,2018-12-21,2018,4,Q4,12,December,Dec 2018,201812,51,21,Friday,2018,31,2018-12-31,False,False,False,False
20181222,2018-12-22,2018,4,Q4,12,December,Dec 2018,201812,51,22,Saturday,2018,31,2018-12-31,True,False,False,False
20181223,2018-12-23,2018,4,Q4,12,December,Dec 2018,201812,51,23,Sunday,2018,31,2018-12-31,True,False,False,False
20181224,2018-12-24,2018,4,Q4,12,December,Dec 2018,201812,52,24,Monday,2018,31,2018-12-31,False,False,False,False
20181225,2018-12-25,2018,4,Q4,12,December,Dec 2018,201812,52,25,Tuesday,2018,31,2018-12-31,False,False,False,False
20181226,2018-12-26,2018,4,Q4,12,December,Dec 2018,201812,52,26,Wednesday,2018,31,2018-12-31,False,False,False,False
20181227,2018-12-27,2018,4,Q4,12,December,Dec 2018,201812,52,27,Thursday,2018,31,2018-12-31,False,False,False,False
20181228,2018-12-28,2018,4,Q4,12,December,Dec 2018,201812,52,28,Friday,2018,31,2018-12-31,False,False,False,False
20181229,2018-12-29,2018,4,Q4,12,December,Dec 2018,201812,52,29,Saturday,2018,31,2018-12-31,True,False,False,False
20181230,2018-12-30,2018,4,Q4,12,December,Dec 2018,201812,52,30,Sunday,2018,31,2018-12-31,True,False,False,False
20181231,2018-12-31,2018,4,Q4,12,December,Dec 2018,201812,1,31,Monday,2018,31,2018-12-31,False,False,True,False
20190101,2019-01-01,2019,1,Q1,1,January,Jan 2019,201901,1,1,Tuesday,2019,31,2019-01-31,False,True,False,False
20190102,2019-01-02,2019,1,Q1,1,January,Jan 2019,201901,1,2,Wednesday,2019,31,2019-01-31,False,False,False,False
20190103,2019-01-03,2019,1,Q1,1,January,Jan 2019,201901,1,3,Thursday,2019,31,2019-01-31,False,False,False,False
20190104,2019-01-04,2019,1,Q1,1,January,Jan 2019,201901,1,4,Friday,2019,31,2019-01-31,False,False,False,False
20190105,2019-01-05,2019,1,Q1,1,January,Jan 2019,201901,1,5,Saturday,2019,31,2019-01-31,True,False,False,False
20190106,2019-01-06,2019,1,Q1,1,January,Jan 2019,201901,1,6,Sunday,2019,31,2019-01-31,True,False,False,False
20190107,2019-01-07,2019,1,Q1,1,January,Jan 2019,201901,2,7,Monday,2019,31,2019-01-31,False,False,False,False
20190108,2019-01-08,2019,1,Q1,1,January,Jan 2019,201901,2,8,Tuesday,2019,31,2019-01-31,False,False,False,False
20190109,2019-01-09,2019,1,Q1,1,January,Jan 2019,201901,2,9,Wednesday,2019,31,2019-01-31,False,False,False,False
20190110,2019-01-10,2019,1,Q1,1,January,Jan 2019,201901,2,10,Thursday,2019,31,2019-01-31,False,False,False,False
20190111,2019-01-11,2019,1,Q1,1,January,Jan 2019,201901,2,11,Friday,2019,31,2019-01-31,False,False,False,False
20190112,2019-01-12,2019,1,Q1,1,January,Jan 2019,201901,2,12,Saturday,2019,31,2019-01-31,True,False,False,False
20190113,2019-01-13,2019,1,Q1,1,January,Jan 2019,201901,2,13,Sunday,2019,31,2019-01-31,True,False,False,False
20190114,2019-01-14,2019,1,Q1,1,January,Jan 2019,201901,3,14,Monday,2019,31,2019-01-31,False,False,False,False
20190115,2019-01-15,2019,1,Q1,1,January,Jan 2019,201901,3,15,Tuesday,2019,31,2019-01-31,False,False,False,False
20190116,2019-01-16,2019,1,Q1,1,January,Jan 2019,201901,3,16,Wednesday,2019,31,2019-01-31,False,False,False,False
20190117,2019-01-17,2019,1,Q1,1,January,Jan 2019,201901,3,17,Thursday,2019,31,2019-01-31,False,False,False,False
20190118,2019-01-18,2019,1,Q1,1,January,Jan 2019,201901,3,18,Friday,2019,31,2019-01-31,False,False,False,False
20190119,2019-01-19,2019,1,Q1,1,January,Jan 2019,201901,3,19,Saturday,2019,31,2019-01-31,True,False,False,False
20190120,2019-01-20,2019,1,Q1,1,January,Jan 2019,201901,3,20,Sunday,2019,31,2019-01-31,True,False,False,False
20190121,2019-01-21,2019,1,Q1,1,January,Jan 2019,201901,4,21,Monday,2019,31,2019-01-31,False,False,False,False
20190122,2019-01-22,2019,1,Q1,1,January,Jan 2019,201901,4,22,Tuesday,2019,31,2019-01-31,False,False,False,False
20190123,2019-01-23,2019,1,Q1,1,January,Jan 2019,201901,4,23,Wednesday,2019,31,2019-01-31,False,False,False,False
20190124,2019-01-24,2019,1,Q1,1,January,Jan 2019,201901,4,24,Thursday,2019,31,2019-01-31,False,False,False,False
20190125,2019-01-25,2019,1,Q1,1,January,Jan 2019,201901,4,25,Friday,2019,31,2019-01-31,False,False,False,False
20190126,2019-01-26,2019,1,Q1,1,January,Jan 2019,201901,4,26,Saturday,2019,31,2019-01-31,True,False,False,False
20190127,2019-01-27,2019,1,Q1,1,January,Jan 2019,201901,4,27,Sunday,2019,31,2019-01-31,True,False,False,False
20190128,2019-01-28,2019,1,Q1,1,January,Jan 2019,201901,5,28,Monday,2019,31,2019-01-31,False,False,False,False
20190129,2019-01-29,2019,1,Q1,1,January,Jan 2019,201901,5,29,Tuesday,2019,31,2019-01-31,False,False,False,False
20190130,2019-01-30,2019,1,Q1,1,January,Jan 2019,201901,5,30,Wednesday,2019,31,2019-01-31,False,False,False,False
20190131,2019-01-31,2019,1,Q1,1,January,Jan 2019,201901,5,31,Thursday,2019,31,2019-01-31,False,False,True,False
20190201,2019-02-01,2019,1,Q1,2,February,Feb 2019,201902,5,1,Friday,2019,28,2019-02-28,False,True,False,False
20190202,2019-02-02,2019,1,Q1,2,February,Feb 2019,201902,5,2,Saturday,2019,28,2019-02-28,True,False,False,False
20190203,2019-02-03,2019,1,Q1,2,February,Feb 2019,201902,5,3,Sunday,2019,28,2019-02-28,True,False,False,False
20190204,2019-02-04,2019,1,Q1,2,February,Feb 2019,201902,6,4,Monday,2019,28,2019-02-28,False,False,False,False
20190205,2019-02-05,2019,1,Q1,2,February,Feb 2019,201902,6,5,Tuesday,2019,28,2019-02-28,False,False,False,False
20190206,2019-02-06,2019,1,Q1,2,February,Feb 2019,201902,6,6,Wednesday,2019,28,2019-02-28,False,False,False,False
20190207,2019-02-07,2019,1,Q1,2,February,Feb 2019,201902,6,7,Thursday,2019,28,2019-02-28,False,False,False,False
20190208,2019-02-08,2019,1,Q1,2,February,Feb 2019,201902,6,8,Friday,2019,28,2019-02-28,False,False,False,False
20190209,2019-02-09,2019,1,Q1,2,February,Feb 2019,201902,6,9,Saturday,2019,28,2019-02-28,True,False,False,False
20190210,2019-02-10,2019,1,Q1,2,February,Feb 2019,201902,6,10,Sunday,2019,28,2019-02-28,True,False,False,False
20190211,2019-02-11,2019,1,Q1,2,February,Feb 2019,201902,7,11,Monday,2019,28,2019-02-28,False,False,False,False
20190212,2019-02-12,2019,1,Q1,2,February,Feb 2019,201902,7,12,Tuesday,2019,28,2019-02-28,False,False,False,False
20190213,2019-02-13,2019,1,Q1,2,February,Feb 2019,201902,7,13,Wednesday,2019,28,2019-02-28,False,False,False,False
20190214,2019-02-14,2019,1,Q1,2,February,Feb 2019,201902,7,14,Thursday,2019,28,2019-02-28,False,False,False,False
20190215,2019-02-15,2019,1,Q1,2,February,Feb 2019,201902,7,15,Friday,2019,28,2019-02-28,False,False,False,False
20190216,2019-02-16,2019,1,Q1,2,February,Feb 2019,201902,7,16,Saturday,2019,28,2019-02-28,True,False,False,False
20190217,2019-02-17,2019,1,Q1,2,February,Feb 2019,201902,7,17,Sunday,2019,28,2019-02-28,True,False,False,False
20190218,2019-02-18,2019,1,Q1,2,February,Feb 2019,201902,8,18,Monday,2019,28,2019-02-28,False,False,False,False
20190219,2019-02-19,2019,1,Q1,2,February,Feb 2019,201902,8,19,Tuesday,2019,28,2019-02-28,False,False,False,False
20190220,2019-02-20,2019,1,Q1,2,February,Feb 2019,201902,8,20,Wednesday,2019,28,2019-02-28,False,False,False,False
20190221,2019-02-21,2019,1,Q1,2,February,Feb 2019,201902,8,21,Thursday,2019,28,2019-02-28,False,False,False,False
20190222,2019-02-22,2019,1,Q1,2,February,Feb 2019,201902,8,22,Friday,2019,28,2019-02-28,False,False,False,False
20190223,2019-02-23,2019,1,Q1,2,February,Feb 2019,201902,8,23,Saturday,2019,28,2019-02-28,True,False,False,False
20190224,2019-02-24,2019,1,Q1,2,February,Feb 2019,201902,8,24,Sunday,2019,28,2019-02-28,True,False,False,False
20190225,2019-02-25,2019,1,Q1,2,February,Feb 2019,201902,9,25,Monday,2019,28,2019-02-28,False,False,False,False
20190226,2019-02-26,2019,1,Q1,2,February,Feb 2019,201902,9,26,Tuesday,2019,28,2019-02-28,False,False,False,False
20190227,2019-02-27,2019,1,Q1,2,February,Feb 2019,201902,9,27,Wednesday,2019,28,2019-02-28,False,False,False,False
20190228,2019-02-28,2019,1,Q1,2,February,Feb 2019,201902,9,28,Thursday,2019,28,2019-02-28,False,False,True,False
20190301,2019-03-01,2019,1,Q1,3,March,Mar 2019,201903,9,1,Friday,2019,31,2019-03-31,False,True,False,False
20190302,2019-03-02,2019,1,Q1,3,March,Mar 2019,201903,9,2,Saturday,2019,31,2019-03-31,True,False,False,False
20190303,2019-03-03,2019,1,Q1,3,March,Mar 2019,201903,9,3,Sunday,2019,31,2019-03-31,True,False,False,False
20190304,2019-03-04,2019,1,Q1,3,March,Mar 2019,201903,10,4,Monday,2019,31,2019-03-31,False,False,False,False
20190305,2019-03-05,2019,1,Q1,3,March,Mar 2019,201903,10,5,Tuesday,2019,31,2019-03-31,False,False,False,False
20190306,2019-03-06,2019,1,Q1,3,March,Mar 2019,201903,10,6,Wednesday,2019,31,2019-03-31,False,False,False,False
20190307,2019-03-07,2019,1,Q1,3,March,Mar 2019,201903,10,7,Thursday,2019,31,2019-03-31,False,False,False,False
20190308,2019-03-08,2019,1,Q1,3,March,Mar 2019,201903,10,8,Friday,2019,31,2019-03-31,False,False,False,False
20190309,2019-03-09,2019,1,Q1,3,March,Mar 2019,201903,10,9,Saturday,2019,31,2019-03-31,True,False,False,False
20190310,2019-03-10,2019,1,Q1,3,March,Mar 2019,201903,10,10,Sunday,2019,31,2019-03-31,True,False,False,False
20190311,2019-03-11,2019,1,Q1,3,March,Mar 2019,201903,11,11,Monday,2019,31,2019-03-31,False,False,False,False
20190312,2019-03-12,2019,1,Q1,3,March,Mar 2019,201903,11,12,Tuesday,2019,31,2019-03-31,False,False,False,False
20190313,2019-03-13,2019,1,Q1,3,March,Mar 2019,201903,11,13,Wednesday,2019,31,2019-03-31,False,False,False,False
20190314,2019-03-14,2019,1,Q1,3,March,Mar 2019,201903,11,14,Thursday,2019,31,2019-03-31,False,False,False,False
20190315,2019-03-15,2019,1,Q1,3,March,Mar 2019,201903,11,15,Friday,2019,31,2019-03-31,False,False,False,False
20190316,2019-03-16,2019,1,Q1,3,March,Mar 2019,201903,11,16,Saturday,2019,31,2019-03-31,True,False,False,False
20190317,2019-03-17,2019,1,Q1,3,March,Mar 2019,201903,11,17,Sunday,2019,31,2019-03-31,True,False,False,False
20190318,2019-03-18,2019,1,Q1,3,March,Mar 2019,201903,12,18,Monday,2019,31,2019-03-31,False,False,False,False
20190319,2019-03-19,2019,1,Q1,3,March,Mar 2019,201903,12,19,Tuesday,2019,31,2019-03-31,False,False,False,False
20190320,2019-03-20,2019,1,Q1,3,March,Mar 2019,201903,12,20,Wednesday,2019,31,2019-03-31,False,False,False,False
20190321,2019-03-21,2019,1,Q1,3,March,Mar 2019,201903,12,21,Thursday,2019,31,2019-03-31,False,False,False,False
20190322,2019-03-22,2019,1,Q1,3,March,Mar 2019,201903,12,22,Friday,2019,31,2019-03-31,False,False,False,False
20190323,2019-03-23,2019,1,Q1,3,March,Mar 2019,201903,12,23,Saturday,2019,31,2019-03-31,True,False,False,False
20190324,2019-03-24,2019,1,Q1,3,March,Mar 2019,201903,12,24,Sunday,2019,31,2019-03-31,True,False,False,False
20190325,2019-03-25,2019,1,Q1,3,March,Mar 2019,201903,13,25,Monday,2019,31,2019-03-31,False,False,False,False
20190326,2019-03-26,2019,1,Q1,3,March,Mar 2019,201903,13,26,Tuesday,2019,31,2019-03-31,False,False,False,False
20190327,2019-03-27,2019,1,Q1,3,March,Mar 2019,201903,13,27,Wednesday,2019,31,2019-03-31,False,False,False,False
20190328,2019-03-28,2019,1,Q1,3,March,Mar 2019,201903,13,28,Thursday,2019,31,2019-03-31,False,False,False,False
20190329,2019-03-29,2019,1,Q1,3,March,Mar 2019,201903,13,29,Friday,2019,31,2019-03-31,False,False,False,False
20190330,2019-03-30,2019,1,Q1,3,March,Mar 2019,201903,13,30,Saturday,2019,31,2019-03-31,True,False,False,False
20190331,2019-03-31,2019,1,Q1,3,March,Mar 2019,201903,13,31,Sunday,2019,31,2019-03-31,True,False,True,False
20190401,2019-04-01,2019,2,Q2,4,April,Apr 2019,201904,14,1,Monday,2019,30,2019-04-30,False,True,False,False
20190402,2019-04-02,2019,2,Q2,4,April,Apr 2019,201904,14,2,Tuesday,2019,30,2019-04-30,False,False,False,False
20190403,2019-04-03,2019,2,Q2,4,April,Apr 2019,201904,14,3,Wednesday,2019,30,2019-04-30,False,False,False,False
20190404,2019-04-04,2019,2,Q2,4,April,Apr 2019,201904,14,4,Thursday,2019,30,2019-04-30,False,False,False,False
20190405,2019-04-05,2019,2,Q2,4,April,Apr 2019,201904,14,5,Friday,2019,30,2019-04-30,False,False,False,False
20190406,2019-04-06,2019,2,Q2,4,April,Apr 2019,201904,14,6,Saturday,2019,30,2019-04-30,True,False,False,False
20190407,2019-04-07,2019,2,Q2,4,April,Apr 2019,201904,14,7,Sunday,2019,30,2019-04-30,True,False,False,False
20190408,2019-04-08,2019,2,Q2,4,April,Apr 2019,201904,15,8,Monday,2019,30,2019-04-30,False,False,False,False
20190409,2019-04-09,2019,2,Q2,4,April,Apr 2019,201904,15,9,Tuesday,2019,30,2019-04-30,False,False,False,False
20190410,2019-04-10,2019,2,Q2,4,April,Apr 2019,201904,15,10,Wednesday,2019,30,2019-04-30,False,False,False,False
20190411,2019-04-11,2019,2,Q2,4,April,Apr 2019,201904,15,11,Thursday,2019,30,2019-04-30,False,False,False,False
20190412,2019-04-12,2019,2,Q2,4,April,Apr 2019,201904,15,12,Friday,2019,30,2019-04-30,False,False,False,False
20190413,2019-04-13,2019,2,Q2,4,April,Apr 2019,201904,15,13,Saturday,2019,30,2019-04-30,True,False,False,False
20190414,2019-04-14,2019,2,Q2,4,April,Apr 2019,201904,15,14,Sunday,2019,30,2019-04-30,True,False,False,False
20190415,2019-04-15,2019,2,Q2,4,April,Apr 2019,201904,16,15,Monday,2019,30,2019-04-30,False,False,False,False
20190416,2019-04-16,2019,2,Q2,4,April,Apr 2019,201904,16,16,Tuesday,2019,30,2019-04-30,False,False,False,False
20190417,2019-04-17,2019,2,Q2,4,April,Apr 2019,201904,16,17,Wednesday,2019,30,2019-04-30,False,False,False,False
20190418,2019-04-18,2019,2,Q2,4,April,Apr 2019,201904,16,18,Thursday,2019,30,2019-04-30,False,False,False,False
20190419,2019-04-19,2019,2,Q2,4,April,Apr 2019,201904,16,19,Friday,2019,30,2019-04-30,False,False,False,False
20190420,2019-04-20,2019,2,Q2,4,April,Apr 2019,201904,16,20,Saturday,2019,30,2019-04-30,True,False,False,False
20190421,2019-04-21,2019,2,Q2,4,April,Apr 2019,201904,16,21,Sunday,2019,30,2019-04-30,True,False,False,False
20190422,2019-04-22,2019,2,Q2,4,April,Apr 2019,201904,17,22,Monday,2019,30,2019-04-30,False,False,False,False
20190423,2019-04-23,2019,2,Q2,4,April,Apr 2019,201904,17,23,Tuesday,2019,30,2019-04-30,False,False,False,False
20190424,2019-04-24,2019,2,Q2,4,April,Apr 2019,201904,17,24,Wednesday,2019,30,2019-04-30,False,False,False,False
20190425,2019-04-25,2019,2,Q2,4,April,Apr 2019,201904,17,25,Thursday,2019,30,2019-04-30,False,False,False,False
20190426,2019-04-26,2019,2,Q2,4,April,Apr 2019,201904,17,26,Friday,2019,30,2019-04-30,False,False,False,False
20190427,2019-04-27,2019,2,Q2,4,April,Apr 2019,201904,17,27,Saturday,2019,30,2019-04-30,True,False,False,False
20190428,2019-04-28,2019,2,Q2,4,April,Apr 2019,201904,17,28,Sunday,2019,30,2019-04-30,True,False,False,False
20190429,2019-04-29,2019,2,Q2,4,April,Apr 2019,201904,18,29,Monday,2019,30,2019-04-30,False,False,False,False
20190430,2019-04-30,2019,2,Q2,4,April,Apr 2019,201904,18,30,Tuesday,2019,30,2019-04-30,False,False,True,False
20190501,2019-05-01,2019,2,Q2,5,May,May 2019,201905,18,1,Wednesday,2019,31,2019-05-31,False,True,False,False
20190502,2019-05-02,2019,2,Q2,5,May,May 2019,201905,18,2,Thursday,2019,31,2019-05-31,False,False,False,False
20190503,2019-05-03,2019,2,Q2,5,May,May 2019,201905,18,3,Friday,2019,31,2019-05-31,False,False,False,False
20190504,2019-05-04,2019,2,Q2,5,May,May 2019,201905,18,4,Saturday,2019,31,2019-05-31,True,False,False,False
20190505,2019-05-05,2019,2,Q2,5,May,May 2019,201905,18,5,Sunday,2019,31,2019-05-31,True,False,False,False
20190506,2019-05-06,2019,2,Q2,5,May,May 2019,201905,19,6,Monday,2019,31,2019-05-31,False,False,False,False
20190507,2019-05-07,2019,2,Q2,5,May,May 2019,201905,19,7,Tuesday,2019,31,2019-05-31,False,False,False,False
20190508,2019-05-08,2019,2,Q2,5,May,May 2019,201905,19,8,Wednesday,2019,31,2019-05-31,False,False,False,False
20190509,2019-05-09,2019,2,Q2,5,May,May 2019,201905,19,9,Thursday,2019,31,2019-05-31,False,False,False,False
20190510,2019-05-10,2019,2,Q2,5,May,May 2019,201905,19,10,Friday,2019,31,2019-05-31,False,False,False,False
20190511,2019-05-11,2019,2,Q2,5,May,May 2019,201905,19,11,Saturday,2019,31,2019-05-31,True,False,False,False
20190512,2019-05-12,2019,2,Q2,5,May,May 2019,201905,19,12,Sunday,2019,31,2019-05-31,True,False,False,False
20190513,2019-05-13,2019,2,Q2,5,May,May 2019,201905,20,13,Monday,2019,31,2019-05-31,False,False,False,False
20190514,2019-05-14,2019,2,Q2,5,May,May 2019,201905,20,14,Tuesday,2019,31,2019-05-31,False,False,False,False
20190515,2019-05-15,2019,2,Q2,5,May,May 2019,201905,20,15,Wednesday,2019,31,2019-05-31,False,False,False,False
20190516,2019-05-16,2019,2,Q2,5,May,May 2019,201905,20,16,Thursday,2019,31,2019-05-31,False,False,False,False
20190517,2019-05-17,2019,2,Q2,5,May,May 2019,201905,20,17,Friday,2019,31,2019-05-31,False,False,False,False
20190518,2019-05-18,2019,2,Q2,5,May,May 2019,201905,20,18,Saturday,2019,31,2019-05-31,True,False,False,False
20190519,2019-05-19,2019,2,Q2,5,May,May 2019,201905,20,19,Sunday,2019,31,2019-05-31,True,False,False,False
20190520,2019-05-20,2019,2,Q2,5,May,May 2019,201905,21,20,Monday,2019,31,2019-05-31,False,False,False,False
20190521,2019-05-21,2019,2,Q2,5,May,May 2019,201905,21,21,Tuesday,2019,31,2019-05-31,False,False,False,False
20190522,2019-05-22,2019,2,Q2,5,May,May 2019,201905,21,22,Wednesday,2019,31,2019-05-31,False,False,False,False
20190523,2019-05-23,2019,2,Q2,5,May,May 2019,201905,21,23,Thursday,2019,31,2019-05-31,False,False,False,False
20190524,2019-05-24,2019,2,Q2,5,May,May 2019,201905,21,24,Friday,2019,31,2019-05-31,False,False,False,False
20190525,2019-05-25,2019,2,Q2,5,May,May 2019,201905,21,25,Saturday,2019,31,2019-05-31,True,False,False,False
20190526,2019-05-26,2019,2,Q2,5,May,May 2019,201905,21,26,Sunday,2019,31,2019-05-31,True,False,False,False
20190527,2019-05-27,2019,2,Q2,5,May,May 2019,201905,22,27,Monday,2019,31,2019-05-31,False,False,False,False
20190528,2019-05-28,2019,2,Q2,5,May,May 2019,201905,22,28,Tuesday,2019,31,2019-05-31,False,False,False,False
20190529,2019-05-29,2019,2,Q2,5,May,May 2019,201905,22,29,Wednesday,2019,31,2019-05-31,False,False,False,False
20190530,2019-05-30,2019,2,Q2,5,May,May 2019,201905,22,30,Thursday,2019,31,2019-05-31,False,False,False,False
20190531,2019-05-31,2019,2,Q2,5,May,May 2019,201905,22,31,Friday,2019,31,2019-05-31,False,False,True,False
20190601,2019-06-01,2019,2,Q2,6,June,Jun 2019,201906,22,1,Saturday,2019,30,2019-06-30,True,True,False,False
20190602,2019-06-02,2019,2,Q2,6,June,Jun 2019,201906,22,2,Sunday,2019,30,2019-06-30,True,False,False,False
20190603,2019-06-03,2019,2,Q2,6,June,Jun 2019,201906,23,3,Monday,2019,30,2019-06-30,False,False,False,False
20190604,2019-06-04,2019,2,Q2,6,June,Jun 2019,201906,23,4,Tuesday,2019,30,2019-06-30,False,False,False,False
20190605,2019-06-05,2019,2,Q2,6,June,Jun 2019,201906,23,5,Wednesday,2019,30,2019-06-30,False,False,False,False
20190606,2019-06-06,2019,2,Q2,6,June,Jun 2019,201906,23,6,Thursday,2019,30,2019-06-30,False,False,False,False
20190607,2019-06-07,2019,2,Q2,6,June,Jun 2019,201906,23,7,Friday,2019,30,2019-06-30,False,False,False,False
20190608,2019-06-08,2019,2,Q2,6,June,Jun 2019,201906,23,8,Saturday,2019,30,2019-06-30,True,False,False,False
20190609,2019-06-09,2019,2,Q2,6,June,Jun 2019,201906,23,9,Sunday,2019,30,2019-06-30,True,False,False,False
20190610,2019-06-10,2019,2,Q2,6,June,Jun 2019,201906,24,10,Monday,2019,30,2019-06-30,False,False,False,False
20190611,2019-06-11,2019,2,Q2,6,June,Jun 2019,201906,24,11,Tuesday,2019,30,2019-06-30,False,False,False,False
20190612,2019-06-12,2019,2,Q2,6,June,Jun 2019,201906,24,12,Wednesday,2019,30,2019-06-30,False,False,False,False
20190613,2019-06-13,2019,2,Q2,6,June,Jun 2019,201906,24,13,Thursday,2019,30,2019-06-30,False,False,False,False
20190614,2019-06-14,2019,2,Q2,6,June,Jun 2019,201906,24,14,Friday,2019,30,2019-06-30,False,False,False,False
20190615,2019-06-15,2019,2,Q2,6,June,Jun 2019,201906,24,15,Saturday,2019,30,2019-06-30,True,False,False,False
20190616,2019-06-16,2019,2,Q2,6,June,Jun 2019,201906,24,16,Sunday,2019,30,2019-06-30,True,False,False,False
20190617,2019-06-17,2019,2,Q2,6,June,Jun 2019,201906,25,17,Monday,2019,30,2019-06-30,False,False,False,False
20190618,2019-06-18,2019,2,Q2,6,June,Jun 2019,201906,25,18,Tuesday,2019,30,2019-06-30,False,False,False,False
20190619,2019-06-19,2019,2,Q2,6,June,Jun 2019,201906,25,19,Wednesday,2019,30,2019-06-30,False,False,False,False
20190620,2019-06-20,2019,2,Q2,6,June,Jun 2019,201906,25,20,Thursday,2019,30,2019-06-30,False,False,False,False
20190621,2019-06-21,2019,2,Q2,6,June,Jun 2019,201906,25,21,Friday,2019,30,2019-06-30,False,False,False,False
20190622,2019-06-22,2019,2,Q2,6,June,Jun 2019,201906,25,22,Saturday,2019,30,2019-06-30,True,False,False,False
20190623,2019-06-23,2019,2,Q2,6,June,Jun 2019,201906,25,23,Sunday,2019,30,2019-06-30,True,False,False,False
20190624,2019-06-24,2019,2,Q2,6,June,Jun 2019,201906,26,24,Monday,2019,30,2019-06-30,False,False,False,False
20190625,2019-06-25,2019,2,Q2,6,June,Jun 2019,201906,26,25,Tuesday,2019,30,2019-06-30,False,False,False,False
20190626,2019-06-26,2019,2,Q2,6,June,Jun 2019,201906,26,26,Wednesday,2019,30,2019-06-30,False,False,False,False
20190627,2019-06-27,2019,2,Q2,6,June,Jun 2019,201906,26,27,Thursday,2019,30,2019-06-30,False,False,False,False
20190628,2019-06-28,2019,2,Q2,6,June,Jun 2019,201906,26,28,Friday,2019,30,2019-06-30,False,False,False,False
20190629,2019-06-29,2019,2,Q2,6,June,Jun 2019,201906,26,29,Saturday,2019,30,2019-06-30,True,False,False,False
20190630,2019-06-30,2019,2,Q2,6,June,Jun 2019,201906,26,30,Sunday,2019,30,2019-06-30,True,False,True,False
20190701,2019-07-01,2019,3,Q3,7,July,Jul 2019,201907,27,1,Monday,2019,31,2019-07-31,False,True,False,False
20190702,2019-07-02,2019,3,Q3,7,July,Jul 2019,201907,27,2,Tuesday,2019,31,2019-07-31,False,False,False,False
20190703,2019-07-03,2019,3,Q3,7,July,Jul 2019,201907,27,3,Wednesday,2019,31,2019-07-31,False,False,False,False
20190704,2019-07-04,2019,3,Q3,7,July,Jul 2019,201907,27,4,Thursday,2019,31,2019-07-31,False,False,False,False
20190705,2019-07-05,2019,3,Q3,7,July,Jul 2019,201907,27,5,Friday,2019,31,2019-07-31,False,False,False,False
20190706,2019-07-06,2019,3,Q3,7,July,Jul 2019,201907,27,6,Saturday,2019,31,2019-07-31,True,False,False,False
20190707,2019-07-07,2019,3,Q3,7,July,Jul 2019,201907,27,7,Sunday,2019,31,2019-07-31,True,False,False,False
20190708,2019-07-08,2019,3,Q3,7,July,Jul 2019,201907,28,8,Monday,2019,31,2019-07-31,False,False,False,False
20190709,2019-07-09,2019,3,Q3,7,July,Jul 2019,201907,28,9,Tuesday,2019,31,2019-07-31,False,False,False,False
20190710,2019-07-10,2019,3,Q3,7,July,Jul 2019,201907,28,10,Wednesday,2019,31,2019-07-31,False,False,False,False
20190711,2019-07-11,2019,3,Q3,7,July,Jul 2019,201907,28,11,Thursday,2019,31,2019-07-31,False,False,False,False
20190712,2019-07-12,2019,3,Q3,7,July,Jul 2019,201907,28,12,Friday,2019,31,2019-07-31,False,False,False,False
20190713,2019-07-13,2019,3,Q3,7,July,Jul 2019,201907,28,13,Saturday,2019,31,2019-07-31,True,False,False,False
20190714,2019-07-14,2019,3,Q3,7,July,Jul 2019,201907,28,14,Sunday,2019,31,2019-07-31,True,False,False,False
20190715,2019-07-15,2019,3,Q3,7,July,Jul 2019,201907,29,15,Monday,2019,31,2019-07-31,False,False,False,False
20190716,2019-07-16,2019,3,Q3,7,July,Jul 2019,201907,29,16,Tuesday,2019,31,2019-07-31,False,False,False,False
20190717,2019-07-17,2019,3,Q3,7,July,Jul 2019,201907,29,17,Wednesday,2019,31,2019-07-31,False,False,False,False
20190718,2019-07-18,2019,3,Q3,7,July,Jul 2019,201907,29,18,Thursday,2019,31,2019-07-31,False,False,False,False
20190719,2019-07-19,2019,3,Q3,7,July,Jul 2019,201907,29,19,Friday,2019,31,2019-07-31,False,False,False,False
20190720,2019-07-20,2019,3,Q3,7,July,Jul 2019,201907,29,20,Saturday,2019,31,2019-07-31,True,False,False,False
20190721,2019-07-21,2019,3,Q3,7,July,Jul 2019,201907,29,21,Sunday,2019,31,2019-07-31,True,False,False,False
20190722,2019-07-22,2019,3,Q3,7,July,Jul 2019,201907,30,22,Monday,2019,31,2019-07-31,False,False,False,False
20190723,2019-07-23,2019,3,Q3,7,July,Jul 2019,201907,30,23,Tuesday,2019,31,2019-07-31,False,False,False,False
20190724,2019-07-24,2019,3,Q3,7,July,Jul 2019,201907,30,24,Wednesday,2019,31,2019-07-31,False,False,False,False
20190725,2019-07-25,2019,3,Q3,7,July,Jul 2019,201907,30,25,Thursday,2019,31,2019-07-31,False,False,False,False
20190726,2019-07-26,2019,3,Q3,7,July,Jul 2019,201907,30,26,Friday,2019,31,2019-07-31,False,False,False,False
20190727,2019-07-27,2019,3,Q3,7,July,Jul 2019,201907,30,27,Saturday,2019,31,2019-07-31,True,False,False,False
20190728,2019-07-28,2019,3,Q3,7,July,Jul 2019,201907,30,28,Sunday,2019,31,2019-07-31,True,False,False,False
20190729,2019-07-29,2019,3,Q3,7,July,Jul 2019,201907,31,29,Monday,2019,31,2019-07-31,False,False,False,False
20190730,2019-07-30,2019,3,Q3,7,July,Jul 2019,201907,31,30,Tuesday,2019,31,2019-07-31,False,False,False,False
20190731,2019-07-31,2019,3,Q3,7,July,Jul 2019,201907,31,31,Wednesday,2019,31,2019-07-31,False,False,True,False
20190801,2019-08-01,2019,3,Q3,8,August,Aug 2019,201908,31,1,Thursday,2019,31,2019-08-31,False,True,False,False
20190802,2019-08-02,2019,3,Q3,8,August,Aug 2019,201908,31,2,Friday,2019,31,2019-08-31,False,False,False,False
20190803,2019-08-03,2019,3,Q3,8,August,Aug 2019,201908,31,3,Saturday,2019,31,2019-08-31,True,False,False,False
20190804,2019-08-04,2019,3,Q3,8,August,Aug 2019,201908,31,4,Sunday,2019,31,2019-08-31,True,False,False,False
20190805,2019-08-05,2019,3,Q3,8,August,Aug 2019,201908,32,5,Monday,2019,31,2019-08-31,False,False,False,False
20190806,2019-08-06,2019,3,Q3,8,August,Aug 2019,201908,32,6,Tuesday,2019,31,2019-08-31,False,False,False,False
20190807,2019-08-07,2019,3,Q3,8,August,Aug 2019,201908,32,7,Wednesday,2019,31,2019-08-31,False,False,False,False
20190808,2019-08-08,2019,3,Q3,8,August,Aug 2019,201908,32,8,Thursday,2019,31,2019-08-31,False,False,False,False
20190809,2019-08-09,2019,3,Q3,8,August,Aug 2019,201908,32,9,Friday,2019,31,2019-08-31,False,False,False,False
20190810,2019-08-10,2019,3,Q3,8,August,Aug 2019,201908,32,10,Saturday,2019,31,2019-08-31,True,False,False,False
20190811,2019-08-11,2019,3,Q3,8,August,Aug 2019,201908,32,11,Sunday,2019,31,2019-08-31,True,False,False,False
20190812,2019-08-12,2019,3,Q3,8,August,Aug 2019,201908,33,12,Monday,2019,31,2019-08-31,False,False,False,False
20190813,2019-08-13,2019,3,Q3,8,August,Aug 2019,201908,33,13,Tuesday,2019,31,2019-08-31,False,False,False,False
20190814,2019-08-14,2019,3,Q3,8,August,Aug 2019,201908,33,14,Wednesday,2019,31,2019-08-31,False,False,False,False
20190815,2019-08-15,2019,3,Q3,8,August,Aug 2019,201908,33,15,Thursday,2019,31,2019-08-31,False,False,False,False
20190816,2019-08-16,2019,3,Q3,8,August,Aug 2019,201908,33,16,Friday,2019,31,2019-08-31,False,False,False,False
20190817,2019-08-17,2019,3,Q3,8,August,Aug 2019,201908,33,17,Saturday,2019,31,2019-08-31,True,False,False,False
20190818,2019-08-18,2019,3,Q3,8,August,Aug 2019,201908,33,18,Sunday,2019,31,2019-08-31,True,False,False,False
20190819,2019-08-19,2019,3,Q3,8,August,Aug 2019,201908,34,19,Monday,2019,31,2019-08-31,False,False,False,False
20190820,2019-08-20,2019,3,Q3,8,August,Aug 2019,201908,34,20,Tuesday,2019,31,2019-08-31,False,False,False,False
20190821,2019-08-21,2019,3,Q3,8,August,Aug 2019,201908,34,21,Wednesday,2019,31,2019-08-31,False,False,False,False
20190822,2019-08-22,2019,3,Q3,8,August,Aug 2019,201908,34,22,Thursday,2019,31,2019-08-31,False,False,False,False
20190823,2019-08-23,2019,3,Q3,8,August,Aug 2019,201908,34,23,Friday,2019,31,2019-08-31,False,False,False,False
20190824,2019-08-24,2019,3,Q3,8,August,Aug 2019,201908,34,24,Saturday,2019,31,2019-08-31,True,False,False,False
20190825,2019-08-25,2019,3,Q3,8,August,Aug 2019,201908,34,25,Sunday,2019,31,2019-08-31,True,False,False,False
20190826,2019-08-26,2019,3,Q3,8,August,Aug 2019,201908,35,26,Monday,2019,31,2019-08-31,False,False,False,False
20190827,2019-08-27,2019,3,Q3,8,August,Aug 2019,201908,35,27,Tuesday,2019,31,2019-08-31,False,False,False,False
20190828,2019-08-28,2019,3,Q3,8,August,Aug 2019,201908,35,28,Wednesday,2019,31,2019-08-31,False,False,False,False
20190829,2019-08-29,2019,3,Q3,8,August,Aug 2019,201908,35,29,Thursday,2019,31,2019-08-31,False,False,False,False
20190830,2019-08-30,2019,3,Q3,8,August,Aug 2019,201908,35,30,Friday,2019,31,2019-08-31,False,False,False,False
20190831,2019-08-31,2019,3,Q3,8,August,Aug 2019,201908,35,31,Saturday,2019,31,2019-08-31,True,False,True,False
20190901,2019-09-01,2019,3,Q3,9,September,Sep 2019,201909,35,1,Sunday,2019,30,2019-09-30,True,True,False,False
20190902,2019-09-02,2019,3,Q3,9,September,Sep 2019,201909,36,2,Monday,2019,30,2019-09-30,False,False,False,False
20190903,2019-09-03,2019,3,Q3,9,September,Sep 2019,201909,36,3,Tuesday,2019,30,2019-09-30,False,False,False,False
20190904,2019-09-04,2019,3,Q3,9,September,Sep 2019,201909,36,4,Wednesday,2019,30,2019-09-30,False,False,False,False
20190905,2019-09-05,2019,3,Q3,9,September,Sep 2019,201909,36,5,Thursday,2019,30,2019-09-30,False,False,False,False
20190906,2019-09-06,2019,3,Q3,9,September,Sep 2019,201909,36,6,Friday,2019,30,2019-09-30,False,False,False,False
20190907,2019-09-07,2019,3,Q3,9,September,Sep 2019,201909,36,7,Saturday,2019,30,2019-09-30,True,False,False,False
20190908,2019-09-08,2019,3,Q3,9,September,Sep 2019,201909,36,8,Sunday,2019,30,2019-09-30,True,False,False,False
20190909,2019-09-09,2019,3,Q3,9,September,Sep 2019,201909,37,9,Monday,2019,30,2019-09-30,False,False,False,False
20190910,2019-09-10,2019,3,Q3,9,September,Sep 2019,201909,37,10,Tuesday,2019,30,2019-09-30,False,False,False,False
20190911,2019-09-11,2019,3,Q3,9,September,Sep 2019,201909,37,11,Wednesday,2019,30,2019-09-30,False,False,False,False
20190912,2019-09-12,2019,3,Q3,9,September,Sep 2019,201909,37,12,Thursday,2019,30,2019-09-30,False,False,False,False
20190913,2019-09-13,2019,3,Q3,9,September,Sep 2019,201909,37,13,Friday,2019,30,2019-09-30,False,False,False,False
20190914,2019-09-14,2019,3,Q3,9,September,Sep 2019,201909,37,14,Saturday,2019,30,2019-09-30,True,False,False,False
20190915,2019-09-15,2019,3,Q3,9,September,Sep 2019,201909,37,15,Sunday,2019,30,2019-09-30,True,False,False,False
20190916,2019-09-16,2019,3,Q3,9,September,Sep 2019,201909,38,16,Monday,2019,30,2019-09-30,False,False,False,False
20190917,2019-09-17,2019,3,Q3,9,September,Sep 2019,201909,38,17,Tuesday,2019,30,2019-09-30,False,False,False,False
20190918,2019-09-18,2019,3,Q3,9,September,Sep 2019,201909,38,18,Wednesday,2019,30,2019-09-30,False,False,False,False
20190919,2019-09-19,2019,3,Q3,9,September,Sep 2019,201909,38,19,Thursday,2019,30,2019-09-30,False,False,False,False
20190920,2019-09-20,2019,3,Q3,9,September,Sep 2019,201909,38,20,Friday,2019,30,2019-09-30,False,False,False,False
20190921,2019-09-21,2019,3,Q3,9,September,Sep 2019,201909,38,21,Saturday,2019,30,2019-09-30,True,False,False,False
20190922,2019-09-22,2019,3,Q3,9,September,Sep 2019,201909,38,22,Sunday,2019,30,2019-09-30,True,False,False,False
20190923,2019-09-23,2019,3,Q3,9,September,Sep 2019,201909,39,23,Monday,2019,30,2019-09-30,False,False,False,False
20190924,2019-09-24,2019,3,Q3,9,September,Sep 2019,201909,39,24,Tuesday,2019,30,2019-09-30,False,False,False,False
20190925,2019-09-25,2019,3,Q3,9,September,Sep 2019,201909,39,25,Wednesday,2019,30,2019-09-30,False,False,False,False
20190926,2019-09-26,2019,3,Q3,9,September,Sep 2019,201909,39,26,Thursday,2019,30,2019-09-30,False,False,False,False
20190927,2019-09-27,2019,3,Q3,9,September,Sep 2019,201909,39,27,Friday,2019,30,2019-09-30,False,False,False,False
20190928,2019-09-28,2019,3,Q3,9,September,Sep 2019,201909,39,28,Saturday,2019,30,2019-09-30,True,False,False,False
20190929,2019-09-29,2019,3,Q3,9,September,Sep 2019,201909,39,29,Sunday,2019,30,2019-09-30,True,False,False,False
20190930,2019-09-30,2019,3,Q3,9,September,Sep 2019,201909,40,30,Monday,2019,30,2019-09-30,False,False,True,False
20191001,2019-10-01,2019,4,Q4,10,October,Oct 2019,201910,40,1,Tuesday,2019,31,2019-10-31,False,True,False,False
20191002,2019-10-02,2019,4,Q4,10,October,Oct 2019,201910,40,2,Wednesday,2019,31,2019-10-31,False,False,False,False
20191003,2019-10-03,2019,4,Q4,10,October,Oct 2019,201910,40,3,Thursday,2019,31,2019-10-31,False,False,False,False
20191004,2019-10-04,2019,4,Q4,10,October,Oct 2019,201910,40,4,Friday,2019,31,2019-10-31,False,False,False,False
20191005,2019-10-05,2019,4,Q4,10,October,Oct 2019,201910,40,5,Saturday,2019,31,2019-10-31,True,False,False,False
20191006,2019-10-06,2019,4,Q4,10,October,Oct 2019,201910,40,6,Sunday,2019,31,2019-10-31,True,False,False,False
20191007,2019-10-07,2019,4,Q4,10,October,Oct 2019,201910,41,7,Monday,2019,31,2019-10-31,False,False,False,False
20191008,2019-10-08,2019,4,Q4,10,October,Oct 2019,201910,41,8,Tuesday,2019,31,2019-10-31,False,False,False,False
20191009,2019-10-09,2019,4,Q4,10,October,Oct 2019,201910,41,9,Wednesday,2019,31,2019-10-31,False,False,False,False
20191010,2019-10-10,2019,4,Q4,10,October,Oct 2019,201910,41,10,Thursday,2019,31,2019-10-31,False,False,False,False
20191011,2019-10-11,2019,4,Q4,10,October,Oct 2019,201910,41,11,Friday,2019,31,2019-10-31,False,False,False,False
20191012,2019-10-12,2019,4,Q4,10,October,Oct 2019,201910,41,12,Saturday,2019,31,2019-10-31,True,False,False,False
20191013,2019-10-13,2019,4,Q4,10,October,Oct 2019,201910,41,13,Sunday,2019,31,2019-10-31,True,False,False,False
20191014,2019-10-14,2019,4,Q4,10,October,Oct 2019,201910,42,14,Monday,2019,31,2019-10-31,False,False,False,False
20191015,2019-10-15,2019,4,Q4,10,October,Oct 2019,201910,42,15,Tuesday,2019,31,2019-10-31,False,False,False,False
20191016,2019-10-16,2019,4,Q4,10,October,Oct 2019,201910,42,16,Wednesday,2019,31,2019-10-31,False,False,False,False
20191017,2019-10-17,2019,4,Q4,10,October,Oct 2019,201910,42,17,Thursday,2019,31,2019-10-31,False,False,False,False
20191018,2019-10-18,2019,4,Q4,10,October,Oct 2019,201910,42,18,Friday,2019,31,2019-10-31,False,False,False,False
20191019,2019-10-19,2019,4,Q4,10,October,Oct 2019,201910,42,19,Saturday,2019,31,2019-10-31,True,False,False,False
20191020,2019-10-20,2019,4,Q4,10,October,Oct 2019,201910,42,20,Sunday,2019,31,2019-10-31,True,False,False,False
20191021,2019-10-21,2019,4,Q4,10,October,Oct 2019,201910,43,21,Monday,2019,31,2019-10-31,False,False,False,False
20191022,2019-10-22,2019,4,Q4,10,October,Oct 2019,201910,43,22,Tuesday,2019,31,2019-10-31,False,False,False,False
20191023,2019-10-23,2019,4,Q4,10,October,Oct 2019,201910,43,23,Wednesday,2019,31,2019-10-31,False,False,False,False
20191024,2019-10-24,2019,4,Q4,10,October,Oct 2019,201910,43,24,Thursday,2019,31,2019-10-31,False,False,False,False
20191025,2019-10-25,2019,4,Q4,10,October,Oct 2019,201910,43,25,Friday,2019,31,2019-10-31,False,False,False,False
20191026,2019-10-26,2019,4,Q4,10,October,Oct 2019,201910,43,26,Saturday,2019,31,2019-10-31,True,False,False,False
20191027,2019-10-27,2019,4,Q4,10,October,Oct 2019,201910,43,27,Sunday,2019,31,2019-10-31,True,False,False,False
20191028,2019-10-28,2019,4,Q4,10,October,Oct 2019,201910,44,28,Monday,2019,31,2019-10-31,False,False,False,False
20191029,2019-10-29,2019,4,Q4,10,October,Oct 2019,201910,44,29,Tuesday,2019,31,2019-10-31,False,False,False,False
20191030,2019-10-30,2019,4,Q4,10,October,Oct 2019,201910,44,30,Wednesday,2019,31,2019-10-31,False,False,False,False
20191031,2019-10-31,2019,4,Q4,10,October,Oct 2019,201910,44,31,Thursday,2019,31,2019-10-31,False,False,True,False
20191101,2019-11-01,2019,4,Q4,11,November,Nov 2019,201911,44,1,Friday,2019,30,2019-11-30,False,True,False,False
20191102,2019-11-02,2019,4,Q4,11,November,Nov 2019,201911,44,2,Saturday,2019,30,2019-11-30,True,False,False,False
20191103,2019-11-03,2019,4,Q4,11,November,Nov 2019,201911,44,3,Sunday,2019,30,2019-11-30,True,False,False,False
20191104,2019-11-04,2019,4,Q4,11,November,Nov 2019,201911,45,4,Monday,2019,30,2019-11-30,False,False,False,False
20191105,2019-11-05,2019,4,Q4,11,November,Nov 2019,201911,45,5,Tuesday,2019,30,2019-11-30,False,False,False,False
20191106,2019-11-06,2019,4,Q4,11,November,Nov 2019,201911,45,6,Wednesday,2019,30,2019-11-30,False,False,False,False
20191107,2019-11-07,2019,4,Q4,11,November,Nov 2019,201911,45,7,Thursday,2019,30,2019-11-30,False,False,False,False
20191108,2019-11-08,2019,4,Q4,11,November,Nov 2019,201911,45,8,Friday,2019,30,2019-11-30,False,False,False,False
20191109,2019-11-09,2019,4,Q4,11,November,Nov 2019,201911,45,9,Saturday,2019,30,2019-11-30,True,False,False,False
20191110,2019-11-10,2019,4,Q4,11,November,Nov 2019,201911,45,10,Sunday,2019,30,2019-11-30,True,False,False,False
20191111,2019-11-11,2019,4,Q4,11,November,Nov 2019,201911,46,11,Monday,2019,30,2019-11-30,False,False,False,False
20191112,2019-11-12,2019,4,Q4,11,November,Nov 2019,201911,46,12,Tuesday,2019,30,2019-11-30,False,False,False,False
20191113,2019-11-13,2019,4,Q4,11,November,Nov 2019,201911,46,13,Wednesday,2019,30,2019-11-30,False,False,False,False
20191114,2019-11-14,2019,4,Q4,11,November,Nov 2019,201911,46,14,Thursday,2019,30,2019-11-30,False,False,False,False
20191115,2019-11-15,2019,4,Q4,11,November,Nov 2019,201911,46,15,Friday,2019,30,2019-11-30,False,False,False,False
20191116,2019-11-16,2019,4,Q4,11,November,Nov 2019,201911,46,16,Saturday,2019,30,2019-11-30,True,False,False,False
20191117,2019-11-17,2019,4,Q4,11,November,Nov 2019,201911,46,17,Sunday,2019,30,2019-11-30,True,False,False,False
20191118,2019-11-18,2019,4,Q4,11,November,Nov 2019,201911,47,18,Monday,2019,30,2019-11-30,False,False,False,False
20191119,2019-11-19,2019,4,Q4,11,November,Nov 2019,201911,47,19,Tuesday,2019,30,2019-11-30,False,False,False,False
20191120,2019-11-20,2019,4,Q4,11,November,Nov 2019,201911,47,20,Wednesday,2019,30,2019-11-30,False,False,False,False
20191121,2019-11-21,2019,4,Q4,11,November,Nov 2019,201911,47,21,Thursday,2019,30,2019-11-30,False,False,False,False
20191122,2019-11-22,2019,4,Q4,11,November,Nov 2019,201911,47,22,Friday,2019,30,2019-11-30,False,False,False,False
20191123,2019-11-23,2019,4,Q4,11,November,Nov 2019,201911,47,23,Saturday,2019,30,2019-11-30,True,False,False,False
20191124,2019-11-24,2019,4,Q4,11,November,Nov 2019,201911,47,24,Sunday,2019,30,2019-11-30,True,False,False,False
20191125,2019-11-25,2019,4,Q4,11,November,Nov 2019,201911,48,25,Monday,2019,30,2019-11-30,False,False,False,False
20191126,2019-11-26,2019,4,Q4,11,November,Nov 2019,201911,48,26,Tuesday,2019,30,2019-11-30,False,False,False,False
20191127,2019-11-27,2019,4,Q4,11,November,Nov 2019,201911,48,27,Wednesday,2019,30,2019-11-30,False,False,False,False
20191128,2019-11-28,2019,4,Q4,11,November,Nov 2019,201911,48,28,Thursday,2019,30,2019-11-30,False,False,False,False
20191129,2019-11-29,2019,4,Q4,11,November,Nov 2019,201911,48,29,Friday,2019,30,2019-11-30,False,False,False,False
20191130,2019-11-30,2019,4,Q4,11,November,Nov 2019,201911,48,30,Saturday,2019,30,2019-11-30,True,False,True,False
20191201,2019-12-01,2019,4,Q4,12,December,Dec 2019,201912,48,1,Sunday,2019,31,2019-12-31,True,True,False,False
20191202,2019-12-02,2019,4,Q4,12,December,Dec 2019,201912,49,2,Monday,2019,31,2019-12-31,False,False,False,False
20191203,2019-12-03,2019,4,Q4,12,December,Dec 2019,201912,49,3,Tuesday,2019,31,2019-12-31,False,False,False,False
20191204,2019-12-04,2019,4,Q4,12,December,Dec 2019,201912,49,4,Wednesday,2019,31,2019-12-31,False,False,False,False
20191205,2019-12-05,2019,4,Q4,12,December,Dec 2019,201912,49,5,Thursday,2019,31,2019-12-31,False,False,False,False
20191206,2019-12-06,2019,4,Q4,12,December,Dec 2019,201912,49,6,Friday,2019,31,2019-12-31,False,False,False,False
20191207,2019-12-07,2019,4,Q4,12,December,Dec 2019,201912,49,7,Saturday,2019,31,2019-12-31,True,False,False,False
20191208,2019-12-08,2019,4,Q4,12,December,Dec 2019,201912,49,8,Sunday,2019,31,2019-12-31,True,False,False,False
20191209,2019-12-09,2019,4,Q4,12,December,Dec 2019,201912,50,9,Monday,2019,31,2019-12-31,False,False,False,False
20191210,2019-12-10,2019,4,Q4,12,December,Dec 2019,201912,50,10,Tuesday,2019,31,2019-12-31,False,False,False,False
20191211,2019-12-11,2019,4,Q4,12,December,Dec 2019,201912,50,11,Wednesday,2019,31,2019-12-31,False,False,False,False
20191212,2019-12-12,2019,4,Q4,12,December,Dec 2019,201912,50,12,Thursday,2019,31,2019-12-31,False,False,False,False
20191213,2019-12-13,2019,4,Q4,12,December,Dec 2019,201912,50,13,Friday,2019,31,2019-12-31,False,False,False,False
20191214,2019-12-14,2019,4,Q4,12,December,Dec 2019,201912,50,14,Saturday,2019,31,2019-12-31,True,False,False,False
20191215,2019-12-15,2019,4,Q4,12,December,Dec 2019,201912,50,15,Sunday,2019,31,2019-12-31,True,False,False,False
20191216,2019-12-16,2019,4,Q4,12,December,Dec 2019,201912,51,16,Monday,2019,31,2019-12-31,False,False,False,False
20191217,2019-12-17,2019,4,Q4,12,December,Dec 2019,201912,51,17,Tuesday,2019,31,2019-12-31,False,False,False,False
20191218,2019-12-18,2019,4,Q4,12,December,Dec 2019,201912,51,18,Wednesday,2019,31,2019-12-31,False,False,False,False
20191219,2019-12-19,2019,4,Q4,12,December,Dec 2019,201912,51,19,Thursday,2019,31,2019-12-31,False,False,False,False
20191220,2019-12-20,2019,4,Q4,12,December,Dec 2019,201912,51,20,Friday,2019,31,2019-12-31,False,False,False,False
20191221,2019-12-21,2019,4,Q4,12,December,Dec 2019,201912,51,21,Saturday,2019,31,2019-12-31,True,False,False,False
20191222,2019-12-22,2019,4,Q4,12,December,Dec 2019,201912,51,22,Sunday,2019,31,2019-12-31,True,False,False,False
20191223,2019-12-23,2019,4,Q4,12,December,Dec 2019,201912,52,23,Monday,2019,31,2019-12-31,False,False,False,False
20191224,2019-12-24,2019,4,Q4,12,December,Dec 2019,201912,52,24,Tuesday,2019,31,2019-12-31,False,False,False,False
20191225,2019-12-25,2019,4,Q4,12,December,Dec 2019,201912,52,25,Wednesday,2019,31,2019-12-31,False,False,False,False
20191226,2019-12-26,2019,4,Q4,12,December,Dec 2019,201912,52,26,Thursday,2019,31,2019-12-31,False,False,False,False
20191227,2019-12-27,2019,4,Q4,12,December,Dec 2019,201912,52,27,Friday,2019,31,2019-12-31,False,False,False,False
20191228,2019-12-28,2019,4,Q4,12,December,Dec 2019,201912,52,28,Saturday,2019,31,2019-12-31,True,False,False,False
20191229,2019-12-29,2019,4,Q4,12,December,Dec 2019,201912,52,29,Sunday,2019,31,2019-12-31,True,False,False,False
20191230,2019-12-30,2019,4,Q4,12,December,Dec 2019,201912,1,30,Monday,2019,31,2019-12-31,False,False,False,False
20191231,2019-12-31,2019,4,Q4,12,December,Dec 2019,201912,1,31,Tuesday,2019,31,2019-12-31,False,False,True,False
20200101,2020-01-01,2020,1,Q1,1,January,Jan 2020,202001,1,1,Wednesday,2020,31,2020-01-31,False,True,False,True
20200102,2020-01-02,2020,1,Q1,1,January,Jan 2020,202001,1,2,Thursday,2020,31,2020-01-31,False,False,False,True
20200103,2020-01-03,2020,1,Q1,1,January,Jan 2020,202001,1,3,Friday,2020,31,2020-01-31,False,False,False,True
20200104,2020-01-04,2020,1,Q1,1,January,Jan 2020,202001,1,4,Saturday,2020,31,2020-01-31,True,False,False,True
20200105,2020-01-05,2020,1,Q1,1,January,Jan 2020,202001,1,5,Sunday,2020,31,2020-01-31,True,False,False,True
20200106,2020-01-06,2020,1,Q1,1,January,Jan 2020,202001,2,6,Monday,2020,31,2020-01-31,False,False,False,True
20200107,2020-01-07,2020,1,Q1,1,January,Jan 2020,202001,2,7,Tuesday,2020,31,2020-01-31,False,False,False,True
20200108,2020-01-08,2020,1,Q1,1,January,Jan 2020,202001,2,8,Wednesday,2020,31,2020-01-31,False,False,False,True
20200109,2020-01-09,2020,1,Q1,1,January,Jan 2020,202001,2,9,Thursday,2020,31,2020-01-31,False,False,False,True
20200110,2020-01-10,2020,1,Q1,1,January,Jan 2020,202001,2,10,Friday,2020,31,2020-01-31,False,False,False,True
20200111,2020-01-11,2020,1,Q1,1,January,Jan 2020,202001,2,11,Saturday,2020,31,2020-01-31,True,False,False,True
20200112,2020-01-12,2020,1,Q1,1,January,Jan 2020,202001,2,12,Sunday,2020,31,2020-01-31,True,False,False,True
20200113,2020-01-13,2020,1,Q1,1,January,Jan 2020,202001,3,13,Monday,2020,31,2020-01-31,False,False,False,True
20200114,2020-01-14,2020,1,Q1,1,January,Jan 2020,202001,3,14,Tuesday,2020,31,2020-01-31,False,False,False,True
20200115,2020-01-15,2020,1,Q1,1,January,Jan 2020,202001,3,15,Wednesday,2020,31,2020-01-31,False,False,False,True
20200116,2020-01-16,2020,1,Q1,1,January,Jan 2020,202001,3,16,Thursday,2020,31,2020-01-31,False,False,False,True
20200117,2020-01-17,2020,1,Q1,1,January,Jan 2020,202001,3,17,Friday,2020,31,2020-01-31,False,False,False,True
20200118,2020-01-18,2020,1,Q1,1,January,Jan 2020,202001,3,18,Saturday,2020,31,2020-01-31,True,False,False,True
20200119,2020-01-19,2020,1,Q1,1,January,Jan 2020,202001,3,19,Sunday,2020,31,2020-01-31,True,False,False,True
20200120,2020-01-20,2020,1,Q1,1,January,Jan 2020,202001,4,20,Monday,2020,31,2020-01-31,False,False,False,True
20200121,2020-01-21,2020,1,Q1,1,January,Jan 2020,202001,4,21,Tuesday,2020,31,2020-01-31,False,False,False,True
20200122,2020-01-22,2020,1,Q1,1,January,Jan 2020,202001,4,22,Wednesday,2020,31,2020-01-31,False,False,False,True
20200123,2020-01-23,2020,1,Q1,1,January,Jan 2020,202001,4,23,Thursday,2020,31,2020-01-31,False,False,False,True
20200124,2020-01-24,2020,1,Q1,1,January,Jan 2020,202001,4,24,Friday,2020,31,2020-01-31,False,False,False,True
20200125,2020-01-25,2020,1,Q1,1,January,Jan 2020,202001,4,25,Saturday,2020,31,2020-01-31,True,False,False,True
20200126,2020-01-26,2020,1,Q1,1,January,Jan 2020,202001,4,26,Sunday,2020,31,2020-01-31,True,False,False,True
20200127,2020-01-27,2020,1,Q1,1,January,Jan 2020,202001,5,27,Monday,2020,31,2020-01-31,False,False,False,True
20200128,2020-01-28,2020,1,Q1,1,January,Jan 2020,202001,5,28,Tuesday,2020,31,2020-01-31,False,False,False,True
20200129,2020-01-29,2020,1,Q1,1,January,Jan 2020,202001,5,29,Wednesday,2020,31,2020-01-31,False,False,False,True
20200130,2020-01-30,2020,1,Q1,1,January,Jan 2020,202001,5,30,Thursday,2020,31,2020-01-31,False,False,False,True
20200131,2020-01-31,2020,1,Q1,1,January,Jan 2020,202001,5,31,Friday,2020,31,2020-01-31,False,False,True,True
20200201,2020-02-01,2020,1,Q1,2,February,Feb 2020,202002,5,1,Saturday,2020,29,2020-02-29,True,True,False,True
20200202,2020-02-02,2020,1,Q1,2,February,Feb 2020,202002,5,2,Sunday,2020,29,2020-02-29,True,False,False,True
20200203,2020-02-03,2020,1,Q1,2,February,Feb 2020,202002,6,3,Monday,2020,29,2020-02-29,False,False,False,True
20200204,2020-02-04,2020,1,Q1,2,February,Feb 2020,202002,6,4,Tuesday,2020,29,2020-02-29,False,False,False,True
20200205,2020-02-05,2020,1,Q1,2,February,Feb 2020,202002,6,5,Wednesday,2020,29,2020-02-29,False,False,False,True
20200206,2020-02-06,2020,1,Q1,2,February,Feb 2020,202002,6,6,Thursday,2020,29,2020-02-29,False,False,False,True
20200207,2020-02-07,2020,1,Q1,2,February,Feb 2020,202002,6,7,Friday,2020,29,2020-02-29,False,False,False,True
20200208,2020-02-08,2020,1,Q1,2,February,Feb 2020,202002,6,8,Saturday,2020,29,2020-02-29,True,False,False,True
20200209,2020-02-09,2020,1,Q1,2,February,Feb 2020,202002,6,9,Sunday,2020,29,2020-02-29,True,False,False,True
20200210,2020-02-10,2020,1,Q1,2,February,Feb 2020,202002,7,10,Monday,2020,29,2020-02-29,False,False,False,True
20200211,2020-02-11,2020,1,Q1,2,February,Feb 2020,202002,7,11,Tuesday,2020,29,2020-02-29,False,False,False,True
20200212,2020-02-12,2020,1,Q1,2,February,Feb 2020,202002,7,12,Wednesday,2020,29,2020-02-29,False,False,False,True
20200213,2020-02-13,2020,1,Q1,2,February,Feb 2020,202002,7,13,Thursday,2020,29,2020-02-29,False,False,False,True
20200214,2020-02-14,2020,1,Q1,2,February,Feb 2020,202002,7,14,Friday,2020,29,2020-02-29,False,False,False,True
20200215,2020-02-15,2020,1,Q1,2,February,Feb 2020,202002,7,15,Saturday,2020,29,2020-02-29,True,False,False,True
20200216,2020-02-16,2020,1,Q1,2,February,Feb 2020,202002,7,16,Sunday,2020,29,2020-02-29,True,False,False,True
20200217,2020-02-17,2020,1,Q1,2,February,Feb 2020,202002,8,17,Monday,2020,29,2020-02-29,False,False,False,True
20200218,2020-02-18,2020,1,Q1,2,February,Feb 2020,202002,8,18,Tuesday,2020,29,2020-02-29,False,False,False,True
20200219,2020-02-19,2020,1,Q1,2,February,Feb 2020,202002,8,19,Wednesday,2020,29,2020-02-29,False,False,False,True
20200220,2020-02-20,2020,1,Q1,2,February,Feb 2020,202002,8,20,Thursday,2020,29,2020-02-29,False,False,False,True
20200221,2020-02-21,2020,1,Q1,2,February,Feb 2020,202002,8,21,Friday,2020,29,2020-02-29,False,False,False,True
20200222,2020-02-22,2020,1,Q1,2,February,Feb 2020,202002,8,22,Saturday,2020,29,2020-02-29,True,False,False,True
20200223,2020-02-23,2020,1,Q1,2,February,Feb 2020,202002,8,23,Sunday,2020,29,2020-02-29,True,False,False,True
20200224,2020-02-24,2020,1,Q1,2,February,Feb 2020,202002,9,24,Monday,2020,29,2020-02-29,False,False,False,True
20200225,2020-02-25,2020,1,Q1,2,February,Feb 2020,202002,9,25,Tuesday,2020,29,2020-02-29,False,False,False,True
20200226,2020-02-26,2020,1,Q1,2,February,Feb 2020,202002,9,26,Wednesday,2020,29,2020-02-29,False,False,False,True
20200227,2020-02-27,2020,1,Q1,2,February,Feb 2020,202002,9,27,Thursday,2020,29,2020-02-29,False,False,False,True
20200228,2020-02-28,2020,1,Q1,2,February,Feb 2020,202002,9,28,Friday,2020,29,2020-02-29,False,False,False,True
20200229,2020-02-29,2020,1,Q1,2,February,Feb 2020,202002,9,29,Saturday,2020,29,2020-02-29,True,False,True,True
20200301,2020-03-01,2020,1,Q1,3,March,Mar 2020,202003,9,1,Sunday,2020,31,2020-03-31,True,True,False,True
20200302,2020-03-02,2020,1,Q1,3,March,Mar 2020,202003,10,2,Monday,2020,31,2020-03-31,False,False,False,True
20200303,2020-03-03,2020,1,Q1,3,March,Mar 2020,202003,10,3,Tuesday,2020,31,2020-03-31,False,False,False,True
20200304,2020-03-04,2020,1,Q1,3,March,Mar 2020,202003,10,4,Wednesday,2020,31,2020-03-31,False,False,False,True
20200305,2020-03-05,2020,1,Q1,3,March,Mar 2020,202003,10,5,Thursday,2020,31,2020-03-31,False,False,False,True
20200306,2020-03-06,2020,1,Q1,3,March,Mar 2020,202003,10,6,Friday,2020,31,2020-03-31,False,False,False,True
20200307,2020-03-07,2020,1,Q1,3,March,Mar 2020,202003,10,7,Saturday,2020,31,2020-03-31,True,False,False,True
20200308,2020-03-08,2020,1,Q1,3,March,Mar 2020,202003,10,8,Sunday,2020,31,2020-03-31,True,False,False,True
20200309,2020-03-09,2020,1,Q1,3,March,Mar 2020,202003,11,9,Monday,2020,31,2020-03-31,False,False,False,True
20200310,2020-03-10,2020,1,Q1,3,March,Mar 2020,202003,11,10,Tuesday,2020,31,2020-03-31,False,False,False,True
20200311,2020-03-11,2020,1,Q1,3,March,Mar 2020,202003,11,11,Wednesday,2020,31,2020-03-31,False,False,False,True
20200312,2020-03-12,2020,1,Q1,3,March,Mar 2020,202003,11,12,Thursday,2020,31,2020-03-31,False,False,False,True
20200313,2020-03-13,2020,1,Q1,3,March,Mar 2020,202003,11,13,Friday,2020,31,2020-03-31,False,False,False,True
20200314,2020-03-14,2020,1,Q1,3,March,Mar 2020,202003,11,14,Saturday,2020,31,2020-03-31,True,False,False,True
20200315,2020-03-15,2020,1,Q1,3,March,Mar 2020,202003,11,15,Sunday,2020,31,2020-03-31,True,False,False,True
20200316,2020-03-16,2020,1,Q1,3,March,Mar 2020,202003,12,16,Monday,2020,31,2020-03-31,False,False,False,True
20200317,2020-03-17,2020,1,Q1,3,March,Mar 2020,202003,12,17,Tuesday,2020,31,2020-03-31,False,False,False,True
20200318,2020-03-18,2020,1,Q1,3,March,Mar 2020,202003,12,18,Wednesday,2020,31,2020-03-31,False,False,False,True
20200319,2020-03-19,2020,1,Q1,3,March,Mar 2020,202003,12,19,Thursday,2020,31,2020-03-31,False,False,False,True
20200320,2020-03-20,2020,1,Q1,3,March,Mar 2020,202003,12,20,Friday,2020,31,2020-03-31,False,False,False,True
20200321,2020-03-21,2020,1,Q1,3,March,Mar 2020,202003,12,21,Saturday,2020,31,2020-03-31,True,False,False,True
20200322,2020-03-22,2020,1,Q1,3,March,Mar 2020,202003,12,22,Sunday,2020,31,2020-03-31,True,False,False,True
20200323,2020-03-23,2020,1,Q1,3,March,Mar 2020,202003,13,23,Monday,2020,31,2020-03-31,False,False,False,True
20200324,2020-03-24,2020,1,Q1,3,March,Mar 2020,202003,13,24,Tuesday,2020,31,2020-03-31,False,False,False,True
20200325,2020-03-25,2020,1,Q1,3,March,Mar 2020,202003,13,25,Wednesday,2020,31,2020-03-31,False,False,False,True
20200326,2020-03-26,2020,1,Q1,3,March,Mar 2020,202003,13,26,Thursday,2020,31,2020-03-31,False,False,False,True
20200327,2020-03-27,2020,1,Q1,3,March,Mar 2020,202003,13,27,Friday,2020,31,2020-03-31,False,False,False,True
20200328,2020-03-28,2020,1,Q1,3,March,Mar 2020,202003,13,28,Saturday,2020,31,2020-03-31,True,False,False,True
20200329,2020-03-29,2020,1,Q1,3,March,Mar 2020,202003,13,29,Sunday,2020,31,2020-03-31,True,False,False,True
20200330,2020-03-30,2020,1,Q1,3,March,Mar 2020,202003,14,30,Monday,2020,31,2020-03-31,False,False,False,True
20200331,2020-03-31,2020,1,Q1,3,March,Mar 2020,202003,14,31,Tuesday,2020,31,2020-03-31,False,False,True,True
20200401,2020-04-01,2020,2,Q2,4,April,Apr 2020,202004,14,1,Wednesday,2020,30,2020-04-30,False,True,False,True
20200402,2020-04-02,2020,2,Q2,4,April,Apr 2020,202004,14,2,Thursday,2020,30,2020-04-30,False,False,False,True
20200403,2020-04-03,2020,2,Q2,4,April,Apr 2020,202004,14,3,Friday,2020,30,2020-04-30,False,False,False,True
20200404,2020-04-04,2020,2,Q2,4,April,Apr 2020,202004,14,4,Saturday,2020,30,2020-04-30,True,False,False,True
20200405,2020-04-05,2020,2,Q2,4,April,Apr 2020,202004,14,5,Sunday,2020,30,2020-04-30,True,False,False,True
20200406,2020-04-06,2020,2,Q2,4,April,Apr 2020,202004,15,6,Monday,2020,30,2020-04-30,False,False,False,True
20200407,2020-04-07,2020,2,Q2,4,April,Apr 2020,202004,15,7,Tuesday,2020,30,2020-04-30,False,False,False,True
20200408,2020-04-08,2020,2,Q2,4,April,Apr 2020,202004,15,8,Wednesday,2020,30,2020-04-30,False,False,False,True
20200409,2020-04-09,2020,2,Q2,4,April,Apr 2020,202004,15,9,Thursday,2020,30,2020-04-30,False,False,False,True
20200410,2020-04-10,2020,2,Q2,4,April,Apr 2020,202004,15,10,Friday,2020,30,2020-04-30,False,False,False,True
20200411,2020-04-11,2020,2,Q2,4,April,Apr 2020,202004,15,11,Saturday,2020,30,2020-04-30,True,False,False,True
20200412,2020-04-12,2020,2,Q2,4,April,Apr 2020,202004,15,12,Sunday,2020,30,2020-04-30,True,False,False,True
20200413,2020-04-13,2020,2,Q2,4,April,Apr 2020,202004,16,13,Monday,2020,30,2020-04-30,False,False,False,True
20200414,2020-04-14,2020,2,Q2,4,April,Apr 2020,202004,16,14,Tuesday,2020,30,2020-04-30,False,False,False,True
20200415,2020-04-15,2020,2,Q2,4,April,Apr 2020,202004,16,15,Wednesday,2020,30,2020-04-30,False,False,False,True
20200416,2020-04-16,2020,2,Q2,4,April,Apr 2020,202004,16,16,Thursday,2020,30,2020-04-30,False,False,False,True
20200417,2020-04-17,2020,2,Q2,4,April,Apr 2020,202004,16,17,Friday,2020,30,2020-04-30,False,False,False,True
20200418,2020-04-18,2020,2,Q2,4,April,Apr 2020,202004,16,18,Saturday,2020,30,2020-04-30,True,False,False,True
20200419,2020-04-19,2020,2,Q2,4,April,Apr 2020,202004,16,19,Sunday,2020,30,2020-04-30,True,False,False,True
20200420,2020-04-20,2020,2,Q2,4,April,Apr 2020,202004,17,20,Monday,2020,30,2020-04-30,False,False,False,True
20200421,2020-04-21,2020,2,Q2,4,April,Apr 2020,202004,17,21,Tuesday,2020,30,2020-04-30,False,False,False,True
20200422,2020-04-22,2020,2,Q2,4,April,Apr 2020,202004,17,22,Wednesday,2020,30,2020-04-30,False,False,False,True
20200423,2020-04-23,2020,2,Q2,4,April,Apr 2020,202004,17,23,Thursday,2020,30,2020-04-30,False,False,False,True
20200424,2020-04-24,2020,2,Q2,4,April,Apr 2020,202004,17,24,Friday,2020,30,2020-04-30,False,False,False,True
20200425,2020-04-25,2020,2,Q2,4,April,Apr 2020,202004,17,25,Saturday,2020,30,2020-04-30,True,False,False,True
20200426,2020-04-26,2020,2,Q2,4,April,Apr 2020,202004,17,26,Sunday,2020,30,2020-04-30,True,False,False,True
20200427,2020-04-27,2020,2,Q2,4,April,Apr 2020,202004,18,27,Monday,2020,30,2020-04-30,False,False,False,True
20200428,2020-04-28,2020,2,Q2,4,April,Apr 2020,202004,18,28,Tuesday,2020,30,2020-04-30,False,False,False,True
20200429,2020-04-29,2020,2,Q2,4,April,Apr 2020,202004,18,29,Wednesday,2020,30,2020-04-30,False,False,False,True
20200430,2020-04-30,2020,2,Q2,4,April,Apr 2020,202004,18,30,Thursday,2020,30,2020-04-30,False,False,True,True
20200501,2020-05-01,2020,2,Q2,5,May,May 2020,202005,18,1,Friday,2020,31,2020-05-31,False,True,False,True
20200502,2020-05-02,2020,2,Q2,5,May,May 2020,202005,18,2,Saturday,2020,31,2020-05-31,True,False,False,True
20200503,2020-05-03,2020,2,Q2,5,May,May 2020,202005,18,3,Sunday,2020,31,2020-05-31,True,False,False,True
20200504,2020-05-04,2020,2,Q2,5,May,May 2020,202005,19,4,Monday,2020,31,2020-05-31,False,False,False,True
20200505,2020-05-05,2020,2,Q2,5,May,May 2020,202005,19,5,Tuesday,2020,31,2020-05-31,False,False,False,True
20200506,2020-05-06,2020,2,Q2,5,May,May 2020,202005,19,6,Wednesday,2020,31,2020-05-31,False,False,False,True
20200507,2020-05-07,2020,2,Q2,5,May,May 2020,202005,19,7,Thursday,2020,31,2020-05-31,False,False,False,True
20200508,2020-05-08,2020,2,Q2,5,May,May 2020,202005,19,8,Friday,2020,31,2020-05-31,False,False,False,True
20200509,2020-05-09,2020,2,Q2,5,May,May 2020,202005,19,9,Saturday,2020,31,2020-05-31,True,False,False,True
20200510,2020-05-10,2020,2,Q2,5,May,May 2020,202005,19,10,Sunday,2020,31,2020-05-31,True,False,False,True
20200511,2020-05-11,2020,2,Q2,5,May,May 2020,202005,20,11,Monday,2020,31,2020-05-31,False,False,False,True
20200512,2020-05-12,2020,2,Q2,5,May,May 2020,202005,20,12,Tuesday,2020,31,2020-05-31,False,False,False,True
20200513,2020-05-13,2020,2,Q2,5,May,May 2020,202005,20,13,Wednesday,2020,31,2020-05-31,False,False,False,True
20200514,2020-05-14,2020,2,Q2,5,May,May 2020,202005,20,14,Thursday,2020,31,2020-05-31,False,False,False,True
20200515,2020-05-15,2020,2,Q2,5,May,May 2020,202005,20,15,Friday,2020,31,2020-05-31,False,False,False,True
20200516,2020-05-16,2020,2,Q2,5,May,May 2020,202005,20,16,Saturday,2020,31,2020-05-31,True,False,False,True
20200517,2020-05-17,2020,2,Q2,5,May,May 2020,202005,20,17,Sunday,2020,31,2020-05-31,True,False,False,True
20200518,2020-05-18,2020,2,Q2,5,May,May 2020,202005,21,18,Monday,2020,31,2020-05-31,False,False,False,True
20200519,2020-05-19,2020,2,Q2,5,May,May 2020,202005,21,19,Tuesday,2020,31,2020-05-31,False,False,False,True
20200520,2020-05-20,2020,2,Q2,5,May,May 2020,202005,21,20,Wednesday,2020,31,2020-05-31,False,False,False,True
20200521,2020-05-21,2020,2,Q2,5,May,May 2020,202005,21,21,Thursday,2020,31,2020-05-31,False,False,False,True
20200522,2020-05-22,2020,2,Q2,5,May,May 2020,202005,21,22,Friday,2020,31,2020-05-31,False,False,False,True
20200523,2020-05-23,2020,2,Q2,5,May,May 2020,202005,21,23,Saturday,2020,31,2020-05-31,True,False,False,True
20200524,2020-05-24,2020,2,Q2,5,May,May 2020,202005,21,24,Sunday,2020,31,2020-05-31,True,False,False,True
20200525,2020-05-25,2020,2,Q2,5,May,May 2020,202005,22,25,Monday,2020,31,2020-05-31,False,False,False,True
20200526,2020-05-26,2020,2,Q2,5,May,May 2020,202005,22,26,Tuesday,2020,31,2020-05-31,False,False,False,True
20200527,2020-05-27,2020,2,Q2,5,May,May 2020,202005,22,27,Wednesday,2020,31,2020-05-31,False,False,False,True
20200528,2020-05-28,2020,2,Q2,5,May,May 2020,202005,22,28,Thursday,2020,31,2020-05-31,False,False,False,True
20200529,2020-05-29,2020,2,Q2,5,May,May 2020,202005,22,29,Friday,2020,31,2020-05-31,False,False,False,True
20200530,2020-05-30,2020,2,Q2,5,May,May 2020,202005,22,30,Saturday,2020,31,2020-05-31,True,False,False,True
20200531,2020-05-31,2020,2,Q2,5,May,May 2020,202005,22,31,Sunday,2020,31,2020-05-31,True,False,True,True
20200601,2020-06-01,2020,2,Q2,6,June,Jun 2020,202006,23,1,Monday,2020,30,2020-06-30,False,True,False,True
20200602,2020-06-02,2020,2,Q2,6,June,Jun 2020,202006,23,2,Tuesday,2020,30,2020-06-30,False,False,False,True
20200603,2020-06-03,2020,2,Q2,6,June,Jun 2020,202006,23,3,Wednesday,2020,30,2020-06-30,False,False,False,True
20200604,2020-06-04,2020,2,Q2,6,June,Jun 2020,202006,23,4,Thursday,2020,30,2020-06-30,False,False,False,True
20200605,2020-06-05,2020,2,Q2,6,June,Jun 2020,202006,23,5,Friday,2020,30,2020-06-30,False,False,False,True
20200606,2020-06-06,2020,2,Q2,6,June,Jun 2020,202006,23,6,Saturday,2020,30,2020-06-30,True,False,False,True
20200607,2020-06-07,2020,2,Q2,6,June,Jun 2020,202006,23,7,Sunday,2020,30,2020-06-30,True,False,False,True
20200608,2020-06-08,2020,2,Q2,6,June,Jun 2020,202006,24,8,Monday,2020,30,2020-06-30,False,False,False,True
20200609,2020-06-09,2020,2,Q2,6,June,Jun 2020,202006,24,9,Tuesday,2020,30,2020-06-30,False,False,False,True
20200610,2020-06-10,2020,2,Q2,6,June,Jun 2020,202006,24,10,Wednesday,2020,30,2020-06-30,False,False,False,True
20200611,2020-06-11,2020,2,Q2,6,June,Jun 2020,202006,24,11,Thursday,2020,30,2020-06-30,False,False,False,True
20200612,2020-06-12,2020,2,Q2,6,June,Jun 2020,202006,24,12,Friday,2020,30,2020-06-30,False,False,False,True
20200613,2020-06-13,2020,2,Q2,6,June,Jun 2020,202006,24,13,Saturday,2020,30,2020-06-30,True,False,False,True
20200614,2020-06-14,2020,2,Q2,6,June,Jun 2020,202006,24,14,Sunday,2020,30,2020-06-30,True,False,False,True
20200615,2020-06-15,2020,2,Q2,6,June,Jun 2020,202006,25,15,Monday,2020,30,2020-06-30,False,False,False,True
20200616,2020-06-16,2020,2,Q2,6,June,Jun 2020,202006,25,16,Tuesday,2020,30,2020-06-30,False,False,False,True
20200617,2020-06-17,2020,2,Q2,6,June,Jun 2020,202006,25,17,Wednesday,2020,30,2020-06-30,False,False,False,True
20200618,2020-06-18,2020,2,Q2,6,June,Jun 2020,202006,25,18,Thursday,2020,30,2020-06-30,False,False,False,True
20200619,2020-06-19,2020,2,Q2,6,June,Jun 2020,202006,25,19,Friday,2020,30,2020-06-30,False,False,False,True
20200620,2020-06-20,2020,2,Q2,6,June,Jun 2020,202006,25,20,Saturday,2020,30,2020-06-30,True,False,False,True
20200621,2020-06-21,2020,2,Q2,6,June,Jun 2020,202006,25,21,Sunday,2020,30,2020-06-30,True,False,False,True
20200622,2020-06-22,2020,2,Q2,6,June,Jun 2020,202006,26,22,Monday,2020,30,2020-06-30,False,False,False,True
20200623,2020-06-23,2020,2,Q2,6,June,Jun 2020,202006,26,23,Tuesday,2020,30,2020-06-30,False,False,False,True
20200624,2020-06-24,2020,2,Q2,6,June,Jun 2020,202006,26,24,Wednesday,2020,30,2020-06-30,False,False,False,True
20200625,2020-06-25,2020,2,Q2,6,June,Jun 2020,202006,26,25,Thursday,2020,30,2020-06-30,False,False,False,True
20200626,2020-06-26,2020,2,Q2,6,June,Jun 2020,202006,26,26,Friday,2020,30,2020-06-30,False,False,False,True
20200627,2020-06-27,2020,2,Q2,6,June,Jun 2020,202006,26,27,Saturday,2020,30,2020-06-30,True,False,False,True
20200628,2020-06-28,2020,2,Q2,6,June,Jun 2020,202006,26,28,Sunday,2020,30,2020-06-30,True,False,False,True
20200629,2020-06-29,2020,2,Q2,6,June,Jun 2020,202006,27,29,Monday,2020,30,2020-06-30,False,False,False,True
20200630,2020-06-30,2020,2,Q2,6,June,Jun 2020,202006,27,30,Tuesday,2020,30,2020-06-30,False,False,True,True
20200701,2020-07-01,2020,3,Q3,7,July,Jul 2020,202007,27,1,Wednesday,2020,31,2020-07-31,False,True,False,True
20200702,2020-07-02,2020,3,Q3,7,July,Jul 2020,202007,27,2,Thursday,2020,31,2020-07-31,False,False,False,True
20200703,2020-07-03,2020,3,Q3,7,July,Jul 2020,202007,27,3,Friday,2020,31,2020-07-31,False,False,False,True
20200704,2020-07-04,2020,3,Q3,7,July,Jul 2020,202007,27,4,Saturday,2020,31,2020-07-31,True,False,False,True
20200705,2020-07-05,2020,3,Q3,7,July,Jul 2020,202007,27,5,Sunday,2020,31,2020-07-31,True,False,False,True
20200706,2020-07-06,2020,3,Q3,7,July,Jul 2020,202007,28,6,Monday,2020,31,2020-07-31,False,False,False,True
20200707,2020-07-07,2020,3,Q3,7,July,Jul 2020,202007,28,7,Tuesday,2020,31,2020-07-31,False,False,False,True
20200708,2020-07-08,2020,3,Q3,7,July,Jul 2020,202007,28,8,Wednesday,2020,31,2020-07-31,False,False,False,True
20200709,2020-07-09,2020,3,Q3,7,July,Jul 2020,202007,28,9,Thursday,2020,31,2020-07-31,False,False,False,True
20200710,2020-07-10,2020,3,Q3,7,July,Jul 2020,202007,28,10,Friday,2020,31,2020-07-31,False,False,False,True
20200711,2020-07-11,2020,3,Q3,7,July,Jul 2020,202007,28,11,Saturday,2020,31,2020-07-31,True,False,False,True
20200712,2020-07-12,2020,3,Q3,7,July,Jul 2020,202007,28,12,Sunday,2020,31,2020-07-31,True,False,False,True
20200713,2020-07-13,2020,3,Q3,7,July,Jul 2020,202007,29,13,Monday,2020,31,2020-07-31,False,False,False,True
20200714,2020-07-14,2020,3,Q3,7,July,Jul 2020,202007,29,14,Tuesday,2020,31,2020-07-31,False,False,False,True
20200715,2020-07-15,2020,3,Q3,7,July,Jul 2020,202007,29,15,Wednesday,2020,31,2020-07-31,False,False,False,True
20200716,2020-07-16,2020,3,Q3,7,July,Jul 2020,202007,29,16,Thursday,2020,31,2020-07-31,False,False,False,True
20200717,2020-07-17,2020,3,Q3,7,July,Jul 2020,202007,29,17,Friday,2020,31,2020-07-31,False,False,False,True
20200718,2020-07-18,2020,3,Q3,7,July,Jul 2020,202007,29,18,Saturday,2020,31,2020-07-31,True,False,False,True
20200719,2020-07-19,2020,3,Q3,7,July,Jul 2020,202007,29,19,Sunday,2020,31,2020-07-31,True,False,False,True
20200720,2020-07-20,2020,3,Q3,7,July,Jul 2020,202007,30,20,Monday,2020,31,2020-07-31,False,False,False,True
20200721,2020-07-21,2020,3,Q3,7,July,Jul 2020,202007,30,21,Tuesday,2020,31,2020-07-31,False,False,False,True
20200722,2020-07-22,2020,3,Q3,7,July,Jul 2020,202007,30,22,Wednesday,2020,31,2020-07-31,False,False,False,True
20200723,2020-07-23,2020,3,Q3,7,July,Jul 2020,202007,30,23,Thursday,2020,31,2020-07-31,False,False,False,True
20200724,2020-07-24,2020,3,Q3,7,July,Jul 2020,202007,30,24,Friday,2020,31,2020-07-31,False,False,False,True
20200725,2020-07-25,2020,3,Q3,7,July,Jul 2020,202007,30,25,Saturday,2020,31,2020-07-31,True,False,False,True
20200726,2020-07-26,2020,3,Q3,7,July,Jul 2020,202007,30,26,Sunday,2020,31,2020-07-31,True,False,False,True
20200727,2020-07-27,2020,3,Q3,7,July,Jul 2020,202007,31,27,Monday,2020,31,2020-07-31,False,False,False,True
20200728,2020-07-28,2020,3,Q3,7,July,Jul 2020,202007,31,28,Tuesday,2020,31,2020-07-31,False,False,False,True
20200729,2020-07-29,2020,3,Q3,7,July,Jul 2020,202007,31,29,Wednesday,2020,31,2020-07-31,False,False,False,True
20200730,2020-07-30,2020,3,Q3,7,July,Jul 2020,202007,31,30,Thursday,2020,31,2020-07-31,False,False,False,True
20200731,2020-07-31,2020,3,Q3,7,July,Jul 2020,202007,31,31,Friday,2020,31,2020-07-31,False,False,True,True
20200801,2020-08-01,2020,3,Q3,8,August,Aug 2020,202008,31,1,Saturday,2020,31,2020-08-31,True,True,False,True
20200802,2020-08-02,2020,3,Q3,8,August,Aug 2020,202008,31,2,Sunday,2020,31,2020-08-31,True,False,False,True
20200803,2020-08-03,2020,3,Q3,8,August,Aug 2020,202008,32,3,Monday,2020,31,2020-08-31,False,False,False,True
20200804,2020-08-04,2020,3,Q3,8,August,Aug 2020,202008,32,4,Tuesday,2020,31,2020-08-31,False,False,False,True
20200805,2020-08-05,2020,3,Q3,8,August,Aug 2020,202008,32,5,Wednesday,2020,31,2020-08-31,False,False,False,True
20200806,2020-08-06,2020,3,Q3,8,August,Aug 2020,202008,32,6,Thursday,2020,31,2020-08-31,False,False,False,True
20200807,2020-08-07,2020,3,Q3,8,August,Aug 2020,202008,32,7,Friday,2020,31,2020-08-31,False,False,False,True
20200808,2020-08-08,2020,3,Q3,8,August,Aug 2020,202008,32,8,Saturday,2020,31,2020-08-31,True,False,False,True
20200809,2020-08-09,2020,3,Q3,8,August,Aug 2020,202008,32,9,Sunday,2020,31,2020-08-31,True,False,False,True
20200810,2020-08-10,2020,3,Q3,8,August,Aug 2020,202008,33,10,Monday,2020,31,2020-08-31,False,False,False,True
20200811,2020-08-11,2020,3,Q3,8,August,Aug 2020,202008,33,11,Tuesday,2020,31,2020-08-31,False,False,False,True
20200812,2020-08-12,2020,3,Q3,8,August,Aug 2020,202008,33,12,Wednesday,2020,31,2020-08-31,False,False,False,True
20200813,2020-08-13,2020,3,Q3,8,August,Aug 2020,202008,33,13,Thursday,2020,31,2020-08-31,False,False,False,True
20200814,2020-08-14,2020,3,Q3,8,August,Aug 2020,202008,33,14,Friday,2020,31,2020-08-31,False,False,False,True
20200815,2020-08-15,2020,3,Q3,8,August,Aug 2020,202008,33,15,Saturday,2020,31,2020-08-31,True,False,False,True
20200816,2020-08-16,2020,3,Q3,8,August,Aug 2020,202008,33,16,Sunday,2020,31,2020-08-31,True,False,False,True
20200817,2020-08-17,2020,3,Q3,8,August,Aug 2020,202008,34,17,Monday,2020,31,2020-08-31,False,False,False,True
20200818,2020-08-18,2020,3,Q3,8,August,Aug 2020,202008,34,18,Tuesday,2020,31,2020-08-31,False,False,False,True
20200819,2020-08-19,2020,3,Q3,8,August,Aug 2020,202008,34,19,Wednesday,2020,31,2020-08-31,False,False,False,True
20200820,2020-08-20,2020,3,Q3,8,August,Aug 2020,202008,34,20,Thursday,2020,31,2020-08-31,False,False,False,True
20200821,2020-08-21,2020,3,Q3,8,August,Aug 2020,202008,34,21,Friday,2020,31,2020-08-31,False,False,False,True
20200822,2020-08-22,2020,3,Q3,8,August,Aug 2020,202008,34,22,Saturday,2020,31,2020-08-31,True,False,False,True
20200823,2020-08-23,2020,3,Q3,8,August,Aug 2020,202008,34,23,Sunday,2020,31,2020-08-31,True,False,False,True
20200824,2020-08-24,2020,3,Q3,8,August,Aug 2020,202008,35,24,Monday,2020,31,2020-08-31,False,False,False,True
20200825,2020-08-25,2020,3,Q3,8,August,Aug 2020,202008,35,25,Tuesday,2020,31,2020-08-31,False,False,False,True
20200826,2020-08-26,2020,3,Q3,8,August,Aug 2020,202008,35,26,Wednesday,2020,31,2020-08-31,False,False,False,True
20200827,2020-08-27,2020,3,Q3,8,August,Aug 2020,202008,35,27,Thursday,2020,31,2020-08-31,False,False,False,True
20200828,2020-08-28,2020,3,Q3,8,August,Aug 2020,202008,35,28,Friday,2020,31,2020-08-31,False,False,False,True
20200829,2020-08-29,2020,3,Q3,8,August,Aug 2020,202008,35,29,Saturday,2020,31,2020-08-31,True,False,False,True
20200830,2020-08-30,2020,3,Q3,8,August,Aug 2020,202008,35,30,Sunday,2020,31,2020-08-31,True,False,False,True
20200831,2020-08-31,2020,3,Q3,8,August,Aug 2020,202008,36,31,Monday,2020,31,2020-08-31,False,False,True,True
20200901,2020-09-01,2020,3,Q3,9,September,Sep 2020,202009,36,1,Tuesday,2020,30,2020-09-30,False,True,False,True
20200902,2020-09-02,2020,3,Q3,9,September,Sep 2020,202009,36,2,Wednesday,2020,30,2020-09-30,False,False,False,True
20200903,2020-09-03,2020,3,Q3,9,September,Sep 2020,202009,36,3,Thursday,2020,30,2020-09-30,False,False,False,True
20200904,2020-09-04,2020,3,Q3,9,September,Sep 2020,202009,36,4,Friday,2020,30,2020-09-30,False,False,False,True
20200905,2020-09-05,2020,3,Q3,9,September,Sep 2020,202009,36,5,Saturday,2020,30,2020-09-30,True,False,False,True
20200906,2020-09-06,2020,3,Q3,9,September,Sep 2020,202009,36,6,Sunday,2020,30,2020-09-30,True,False,False,True
20200907,2020-09-07,2020,3,Q3,9,September,Sep 2020,202009,37,7,Monday,2020,30,2020-09-30,False,False,False,True
20200908,2020-09-08,2020,3,Q3,9,September,Sep 2020,202009,37,8,Tuesday,2020,30,2020-09-30,False,False,False,True
20200909,2020-09-09,2020,3,Q3,9,September,Sep 2020,202009,37,9,Wednesday,2020,30,2020-09-30,False,False,False,True
20200910,2020-09-10,2020,3,Q3,9,September,Sep 2020,202009,37,10,Thursday,2020,30,2020-09-30,False,False,False,True
20200911,2020-09-11,2020,3,Q3,9,September,Sep 2020,202009,37,11,Friday,2020,30,2020-09-30,False,False,False,True
20200912,2020-09-12,2020,3,Q3,9,September,Sep 2020,202009,37,12,Saturday,2020,30,2020-09-30,True,False,False,True
20200913,2020-09-13,2020,3,Q3,9,September,Sep 2020,202009,37,13,Sunday,2020,30,2020-09-30,True,False,False,True
20200914,2020-09-14,2020,3,Q3,9,September,Sep 2020,202009,38,14,Monday,2020,30,2020-09-30,False,False,False,True
20200915,2020-09-15,2020,3,Q3,9,September,Sep 2020,202009,38,15,Tuesday,2020,30,2020-09-30,False,False,False,True
20200916,2020-09-16,2020,3,Q3,9,September,Sep 2020,202009,38,16,Wednesday,2020,30,2020-09-30,False,False,False,True
20200917,2020-09-17,2020,3,Q3,9,September,Sep 2020,202009,38,17,Thursday,2020,30,2020-09-30,False,False,False,True
20200918,2020-09-18,2020,3,Q3,9,September,Sep 2020,202009,38,18,Friday,2020,30,2020-09-30,False,False,False,True
20200919,2020-09-19,2020,3,Q3,9,September,Sep 2020,202009,38,19,Saturday,2020,30,2020-09-30,True,False,False,True
20200920,2020-09-20,2020,3,Q3,9,September,Sep 2020,202009,38,20,Sunday,2020,30,2020-09-30,True,False,False,True
20200921,2020-09-21,2020,3,Q3,9,September,Sep 2020,202009,39,21,Monday,2020,30,2020-09-30,False,False,False,True
20200922,2020-09-22,2020,3,Q3,9,September,Sep 2020,202009,39,22,Tuesday,2020,30,2020-09-30,False,False,False,True
20200923,2020-09-23,2020,3,Q3,9,September,Sep 2020,202009,39,23,Wednesday,2020,30,2020-09-30,False,False,False,True
20200924,2020-09-24,2020,3,Q3,9,September,Sep 2020,202009,39,24,Thursday,2020,30,2020-09-30,False,False,False,True
20200925,2020-09-25,2020,3,Q3,9,September,Sep 2020,202009,39,25,Friday,2020,30,2020-09-30,False,False,False,True
20200926,2020-09-26,2020,3,Q3,9,September,Sep 2020,202009,39,26,Saturday,2020,30,2020-09-30,True,False,False,True
20200927,2020-09-27,2020,3,Q3,9,September,Sep 2020,202009,39,27,Sunday,2020,30,2020-09-30,True,False,False,True
20200928,2020-09-28,2020,3,Q3,9,September,Sep 2020,202009,40,28,Monday,2020,30,2020-09-30,False,False,False,True
20200929,2020-09-29,2020,3,Q3,9,September,Sep 2020,202009,40,29,Tuesday,2020,30,2020-09-30,False,False,False,True
20200930,2020-09-30,2020,3,Q3,9,September,Sep 2020,202009,40,30,Wednesday,2020,30,2020-09-30,False,False,True,True
20201001,2020-10-01,2020,4,Q4,10,October,Oct 2020,202010,40,1,Thursday,2020,31,2020-10-31,False,True,False,True
20201002,2020-10-02,2020,4,Q4,10,October,Oct 2020,202010,40,2,Friday,2020,31,2020-10-31,False,False,False,True
20201003,2020-10-03,2020,4,Q4,10,October,Oct 2020,202010,40,3,Saturday,2020,31,2020-10-31,True,False,False,True
20201004,2020-10-04,2020,4,Q4,10,October,Oct 2020,202010,40,4,Sunday,2020,31,2020-10-31,True,False,False,True
20201005,2020-10-05,2020,4,Q4,10,October,Oct 2020,202010,41,5,Monday,2020,31,2020-10-31,False,False,False,True
20201006,2020-10-06,2020,4,Q4,10,October,Oct 2020,202010,41,6,Tuesday,2020,31,2020-10-31,False,False,False,True
20201007,2020-10-07,2020,4,Q4,10,October,Oct 2020,202010,41,7,Wednesday,2020,31,2020-10-31,False,False,False,True
20201008,2020-10-08,2020,4,Q4,10,October,Oct 2020,202010,41,8,Thursday,2020,31,2020-10-31,False,False,False,True
20201009,2020-10-09,2020,4,Q4,10,October,Oct 2020,202010,41,9,Friday,2020,31,2020-10-31,False,False,False,True
20201010,2020-10-10,2020,4,Q4,10,October,Oct 2020,202010,41,10,Saturday,2020,31,2020-10-31,True,False,False,True
20201011,2020-10-11,2020,4,Q4,10,October,Oct 2020,202010,41,11,Sunday,2020,31,2020-10-31,True,False,False,True
20201012,2020-10-12,2020,4,Q4,10,October,Oct 2020,202010,42,12,Monday,2020,31,2020-10-31,False,False,False,True
20201013,2020-10-13,2020,4,Q4,10,October,Oct 2020,202010,42,13,Tuesday,2020,31,2020-10-31,False,False,False,True
20201014,2020-10-14,2020,4,Q4,10,October,Oct 2020,202010,42,14,Wednesday,2020,31,2020-10-31,False,False,False,True
20201015,2020-10-15,2020,4,Q4,10,October,Oct 2020,202010,42,15,Thursday,2020,31,2020-10-31,False,False,False,True
20201016,2020-10-16,2020,4,Q4,10,October,Oct 2020,202010,42,16,Friday,2020,31,2020-10-31,False,False,False,True
20201017,2020-10-17,2020,4,Q4,10,October,Oct 2020,202010,42,17,Saturday,2020,31,2020-10-31,True,False,False,True
20201018,2020-10-18,2020,4,Q4,10,October,Oct 2020,202010,42,18,Sunday,2020,31,2020-10-31,True,False,False,True
20201019,2020-10-19,2020,4,Q4,10,October,Oct 2020,202010,43,19,Monday,2020,31,2020-10-31,False,False,False,True
20201020,2020-10-20,2020,4,Q4,10,October,Oct 2020,202010,43,20,Tuesday,2020,31,2020-10-31,False,False,False,True
20201021,2020-10-21,2020,4,Q4,10,October,Oct 2020,202010,43,21,Wednesday,2020,31,2020-10-31,False,False,False,True
20201022,2020-10-22,2020,4,Q4,10,October,Oct 2020,202010,43,22,Thursday,2020,31,2020-10-31,False,False,False,True
20201023,2020-10-23,2020,4,Q4,10,October,Oct 2020,202010,43,23,Friday,2020,31,2020-10-31,False,False,False,True
20201024,2020-10-24,2020,4,Q4,10,October,Oct 2020,202010,43,24,Saturday,2020,31,2020-10-31,True,False,False,True
20201025,2020-10-25,2020,4,Q4,10,October,Oct 2020,202010,43,25,Sunday,2020,31,2020-10-31,True,False,False,True
20201026,2020-10-26,2020,4,Q4,10,October,Oct 2020,202010,44,26,Monday,2020,31,2020-10-31,False,False,False,True
20201027,2020-10-27,2020,4,Q4,10,October,Oct 2020,202010,44,27,Tuesday,2020,31,2020-10-31,False,False,False,True
20201028,2020-10-28,2020,4,Q4,10,October,Oct 2020,202010,44,28,Wednesday,2020,31,2020-10-31,False,False,False,True
20201029,2020-10-29,2020,4,Q4,10,October,Oct 2020,202010,44,29,Thursday,2020,31,2020-10-31,False,False,False,True
20201030,2020-10-30,2020,4,Q4,10,October,Oct 2020,202010,44,30,Friday,2020,31,2020-10-31,False,False,False,True
20201031,2020-10-31,2020,4,Q4,10,October,Oct 2020,202010,44,31,Saturday,2020,31,2020-10-31,True,False,True,True
20201101,2020-11-01,2020,4,Q4,11,November,Nov 2020,202011,44,1,Sunday,2020,30,2020-11-30,True,True,False,True
20201102,2020-11-02,2020,4,Q4,11,November,Nov 2020,202011,45,2,Monday,2020,30,2020-11-30,False,False,False,True
20201103,2020-11-03,2020,4,Q4,11,November,Nov 2020,202011,45,3,Tuesday,2020,30,2020-11-30,False,False,False,True
20201104,2020-11-04,2020,4,Q4,11,November,Nov 2020,202011,45,4,Wednesday,2020,30,2020-11-30,False,False,False,True
20201105,2020-11-05,2020,4,Q4,11,November,Nov 2020,202011,45,5,Thursday,2020,30,2020-11-30,False,False,False,True
20201106,2020-11-06,2020,4,Q4,11,November,Nov 2020,202011,45,6,Friday,2020,30,2020-11-30,False,False,False,True
20201107,2020-11-07,2020,4,Q4,11,November,Nov 2020,202011,45,7,Saturday,2020,30,2020-11-30,True,False,False,True
20201108,2020-11-08,2020,4,Q4,11,November,Nov 2020,202011,45,8,Sunday,2020,30,2020-11-30,True,False,False,True
20201109,2020-11-09,2020,4,Q4,11,November,Nov 2020,202011,46,9,Monday,2020,30,2020-11-30,False,False,False,True
20201110,2020-11-10,2020,4,Q4,11,November,Nov 2020,202011,46,10,Tuesday,2020,30,2020-11-30,False,False,False,True
20201111,2020-11-11,2020,4,Q4,11,November,Nov 2020,202011,46,11,Wednesday,2020,30,2020-11-30,False,False,False,True
20201112,2020-11-12,2020,4,Q4,11,November,Nov 2020,202011,46,12,Thursday,2020,30,2020-11-30,False,False,False,True
20201113,2020-11-13,2020,4,Q4,11,November,Nov 2020,202011,46,13,Friday,2020,30,2020-11-30,False,False,False,True
20201114,2020-11-14,2020,4,Q4,11,November,Nov 2020,202011,46,14,Saturday,2020,30,2020-11-30,True,False,False,True
20201115,2020-11-15,2020,4,Q4,11,November,Nov 2020,202011,46,15,Sunday,2020,30,2020-11-30,True,False,False,True
20201116,2020-11-16,2020,4,Q4,11,November,Nov 2020,202011,47,16,Monday,2020,30,2020-11-30,False,False,False,True
20201117,2020-11-17,2020,4,Q4,11,November,Nov 2020,202011,47,17,Tuesday,2020,30,2020-11-30,False,False,False,True
20201118,2020-11-18,2020,4,Q4,11,November,Nov 2020,202011,47,18,Wednesday,2020,30,2020-11-30,False,False,False,True
20201119,2020-11-19,2020,4,Q4,11,November,Nov 2020,202011,47,19,Thursday,2020,30,2020-11-30,False,False,False,True
20201120,2020-11-20,2020,4,Q4,11,November,Nov 2020,202011,47,20,Friday,2020,30,2020-11-30,False,False,False,True
20201121,2020-11-21,2020,4,Q4,11,November,Nov 2020,202011,47,21,Saturday,2020,30,2020-11-30,True,False,False,True
20201122,2020-11-22,2020,4,Q4,11,November,Nov 2020,202011,47,22,Sunday,2020,30,2020-11-30,True,False,False,True
20201123,2020-11-23,2020,4,Q4,11,November,Nov 2020,202011,48,23,Monday,2020,30,2020-11-30,False,False,False,True
20201124,2020-11-24,2020,4,Q4,11,November,Nov 2020,202011,48,24,Tuesday,2020,30,2020-11-30,False,False,False,True
20201125,2020-11-25,2020,4,Q4,11,November,Nov 2020,202011,48,25,Wednesday,2020,30,2020-11-30,False,False,False,True
20201126,2020-11-26,2020,4,Q4,11,November,Nov 2020,202011,48,26,Thursday,2020,30,2020-11-30,False,False,False,True
20201127,2020-11-27,2020,4,Q4,11,November,Nov 2020,202011,48,27,Friday,2020,30,2020-11-30,False,False,False,True
20201128,2020-11-28,2020,4,Q4,11,November,Nov 2020,202011,48,28,Saturday,2020,30,2020-11-30,True,False,False,True
20201129,2020-11-29,2020,4,Q4,11,November,Nov 2020,202011,48,29,Sunday,2020,30,2020-11-30,True,False,False,True
20201130,2020-11-30,2020,4,Q4,11,November,Nov 2020,202011,49,30,Monday,2020,30,2020-11-30,False,False,True,True
20201201,2020-12-01,2020,4,Q4,12,December,Dec 2020,202012,49,1,Tuesday,2020,31,2020-12-31,False,True,False,True
20201202,2020-12-02,2020,4,Q4,12,December,Dec 2020,202012,49,2,Wednesday,2020,31,2020-12-31,False,False,False,True
20201203,2020-12-03,2020,4,Q4,12,December,Dec 2020,202012,49,3,Thursday,2020,31,2020-12-31,False,False,False,True
20201204,2020-12-04,2020,4,Q4,12,December,Dec 2020,202012,49,4,Friday,2020,31,2020-12-31,False,False,False,True
20201205,2020-12-05,2020,4,Q4,12,December,Dec 2020,202012,49,5,Saturday,2020,31,2020-12-31,True,False,False,True
20201206,2020-12-06,2020,4,Q4,12,December,Dec 2020,202012,49,6,Sunday,2020,31,2020-12-31,True,False,False,True
20201207,2020-12-07,2020,4,Q4,12,December,Dec 2020,202012,50,7,Monday,2020,31,2020-12-31,False,False,False,True
20201208,2020-12-08,2020,4,Q4,12,December,Dec 2020,202012,50,8,Tuesday,2020,31,2020-12-31,False,False,False,True
20201209,2020-12-09,2020,4,Q4,12,December,Dec 2020,202012,50,9,Wednesday,2020,31,2020-12-31,False,False,False,True
20201210,2020-12-10,2020,4,Q4,12,December,Dec 2020,202012,50,10,Thursday,2020,31,2020-12-31,False,False,False,True
20201211,2020-12-11,2020,4,Q4,12,December,Dec 2020,202012,50,11,Friday,2020,31,2020-12-31,False,False,False,True
20201212,2020-12-12,2020,4,Q4,12,December,Dec 2020,202012,50,12,Saturday,2020,31,2020-12-31,True,False,False,True
20201213,2020-12-13,2020,4,Q4,12,December,Dec 2020,202012,50,13,Sunday,2020,31,2020-12-31,True,False,False,True
20201214,2020-12-14,2020,4,Q4,12,December,Dec 2020,202012,51,14,Monday,2020,31,2020-12-31,False,False,False,True
20201215,2020-12-15,2020,4,Q4,12,December,Dec 2020,202012,51,15,Tuesday,2020,31,2020-12-31,False,False,False,True
20201216,2020-12-16,2020,4,Q4,12,December,Dec 2020,202012,51,16,Wednesday,2020,31,2020-12-31,False,False,False,True
20201217,2020-12-17,2020,4,Q4,12,December,Dec 2020,202012,51,17,Thursday,2020,31,2020-12-31,False,False,False,True
20201218,2020-12-18,2020,4,Q4,12,December,Dec 2020,202012,51,18,Friday,2020,31,2020-12-31,False,False,False,True
20201219,2020-12-19,2020,4,Q4,12,December,Dec 2020,202012,51,19,Saturday,2020,31,2020-12-31,True,False,False,True
20201220,2020-12-20,2020,4,Q4,12,December,Dec 2020,202012,51,20,Sunday,2020,31,2020-12-31,True,False,False,True
20201221,2020-12-21,2020,4,Q4,12,December,Dec 2020,202012,52,21,Monday,2020,31,2020-12-31,False,False,False,True
20201222,2020-12-22,2020,4,Q4,12,December,Dec 2020,202012,52,22,Tuesday,2020,31,2020-12-31,False,False,False,True
20201223,2020-12-23,2020,4,Q4,12,December,Dec 2020,202012,52,23,Wednesday,2020,31,2020-12-31,False,False,False,True
20201224,2020-12-24,2020,4,Q4,12,December,Dec 2020,202012,52,24,Thursday,2020,31,2020-12-31,False,False,False,True
20201225,2020-12-25,2020,4,Q4,12,December,Dec 2020,202012,52,25,Friday,2020,31,2020-12-31,False,False,False,True
20201226,2020-12-26,2020,4,Q4,12,December,Dec 2020,202012,52,26,Saturday,2020,31,2020-12-31,True,False,False,True
20201227,2020-12-27,2020,4,Q4,12,December,Dec 2020,202012,52,27,Sunday,2020,31,2020-12-31,True,False,False,True
20201228,2020-12-28,2020,4,Q4,12,December,Dec 2020,202012,53,28,Monday,2020,31,2020-12-31,False,False,False,True
20201229,2020-12-29,2020,4,Q4,12,December,Dec 2020,202012,53,29,Tuesday,2020,31,2020-12-31,False,False,False,True
20201230,2020-12-30,2020,4,Q4,12,December,Dec 2020,202012,53,30,Wednesday,2020,31,2020-12-31,False,False,False,True
20201231,2020-12-31,2020,4,Q4,12,December,Dec 2020,202012,53,31,Thursday,2020,31,2020-12-31,False,False,True,True
20210101,2021-01-01,2021,1,Q1,1,January,Jan 2021,202101,53,1,Friday,2021,31,2021-01-31,False,True,False,False
20210102,2021-01-02,2021,1,Q1,1,January,Jan 2021,202101,53,2,Saturday,2021,31,2021-01-31,True,False,False,False
20210103,2021-01-03,2021,1,Q1,1,January,Jan 2021,202101,53,3,Sunday,2021,31,2021-01-31,True,False,False,False
20210104,2021-01-04,2021,1,Q1,1,January,Jan 2021,202101,1,4,Monday,2021,31,2021-01-31,False,False,False,False
20210105,2021-01-05,2021,1,Q1,1,January,Jan 2021,202101,1,5,Tuesday,2021,31,2021-01-31,False,False,False,False
20210106,2021-01-06,2021,1,Q1,1,January,Jan 2021,202101,1,6,Wednesday,2021,31,2021-01-31,False,False,False,False
20210107,2021-01-07,2021,1,Q1,1,January,Jan 2021,202101,1,7,Thursday,2021,31,2021-01-31,False,False,False,False
20210108,2021-01-08,2021,1,Q1,1,January,Jan 2021,202101,1,8,Friday,2021,31,2021-01-31,False,False,False,False
20210109,2021-01-09,2021,1,Q1,1,January,Jan 2021,202101,1,9,Saturday,2021,31,2021-01-31,True,False,False,False
20210110,2021-01-10,2021,1,Q1,1,January,Jan 2021,202101,1,10,Sunday,2021,31,2021-01-31,True,False,False,False
20210111,2021-01-11,2021,1,Q1,1,January,Jan 2021,202101,2,11,Monday,2021,31,2021-01-31,False,False,False,False
20210112,2021-01-12,2021,1,Q1,1,January,Jan 2021,202101,2,12,Tuesday,2021,31,2021-01-31,False,False,False,False
20210113,2021-01-13,2021,1,Q1,1,January,Jan 2021,202101,2,13,Wednesday,2021,31,2021-01-31,False,False,False,False
20210114,2021-01-14,2021,1,Q1,1,January,Jan 2021,202101,2,14,Thursday,2021,31,2021-01-31,False,False,False,False
20210115,2021-01-15,2021,1,Q1,1,January,Jan 2021,202101,2,15,Friday,2021,31,2021-01-31,False,False,False,False
20210116,2021-01-16,2021,1,Q1,1,January,Jan 2021,202101,2,16,Saturday,2021,31,2021-01-31,True,False,False,False
20210117,2021-01-17,2021,1,Q1,1,January,Jan 2021,202101,2,17,Sunday,2021,31,2021-01-31,True,False,False,False
20210118,2021-01-18,2021,1,Q1,1,January,Jan 2021,202101,3,18,Monday,2021,31,2021-01-31,False,False,False,False
20210119,2021-01-19,2021,1,Q1,1,January,Jan 2021,202101,3,19,Tuesday,2021,31,2021-01-31,False,False,False,False
20210120,2021-01-20,2021,1,Q1,1,January,Jan 2021,202101,3,20,Wednesday,2021,31,2021-01-31,False,False,False,False
20210121,2021-01-21,2021,1,Q1,1,January,Jan 2021,202101,3,21,Thursday,2021,31,2021-01-31,False,False,False,False
20210122,2021-01-22,2021,1,Q1,1,January,Jan 2021,202101,3,22,Friday,2021,31,2021-01-31,False,False,False,False
20210123,2021-01-23,2021,1,Q1,1,January,Jan 2021,202101,3,23,Saturday,2021,31,2021-01-31,True,False,False,False
20210124,2021-01-24,2021,1,Q1,1,January,Jan 2021,202101,3,24,Sunday,2021,31,2021-01-31,True,False,False,False
20210125,2021-01-25,2021,1,Q1,1,January,Jan 2021,202101,4,25,Monday,2021,31,2021-01-31,False,False,False,False
20210126,2021-01-26,2021,1,Q1,1,January,Jan 2021,202101,4,26,Tuesday,2021,31,2021-01-31,False,False,False,False
20210127,2021-01-27,2021,1,Q1,1,January,Jan 2021,202101,4,27,Wednesday,2021,31,2021-01-31,False,False,False,False
20210128,2021-01-28,2021,1,Q1,1,January,Jan 2021,202101,4,28,Thursday,2021,31,2021-01-31,False,False,False,False
20210129,2021-01-29,2021,1,Q1,1,January,Jan 2021,202101,4,29,Friday,2021,31,2021-01-31,False,False,False,False
20210130,2021-01-30,2021,1,Q1,1,January,Jan 2021,202101,4,30,Saturday,2021,31,2021-01-31,True,False,False,False
20210131,2021-01-31,2021,1,Q1,1,January,Jan 2021,202101,4,31,Sunday,2021,31,2021-01-31,True,False,True,False
20210201,2021-02-01,2021,1,Q1,2,February,Feb 2021,202102,5,1,Monday,2021,28,2021-02-28,False,True,False,False
20210202,2021-02-02,2021,1,Q1,2,February,Feb 2021,202102,5,2,Tuesday,2021,28,2021-02-28,False,False,False,False
20210203,2021-02-03,2021,1,Q1,2,February,Feb 2021,202102,5,3,Wednesday,2021,28,2021-02-28,False,False,False,False
20210204,2021-02-04,2021,1,Q1,2,February,Feb 2021,202102,5,4,Thursday,2021,28,2021-02-28,False,False,False,False
20210205,2021-02-05,2021,1,Q1,2,February,Feb 2021,202102,5,5,Friday,2021,28,2021-02-28,False,False,False,False
20210206,2021-02-06,2021,1,Q1,2,February,Feb 2021,202102,5,6,Saturday,2021,28,2021-02-28,True,False,False,False
20210207,2021-02-07,2021,1,Q1,2,February,Feb 2021,202102,5,7,Sunday,2021,28,2021-02-28,True,False,False,False
20210208,2021-02-08,2021,1,Q1,2,February,Feb 2021,202102,6,8,Monday,2021,28,2021-02-28,False,False,False,False
20210209,2021-02-09,2021,1,Q1,2,February,Feb 2021,202102,6,9,Tuesday,2021,28,2021-02-28,False,False,False,False
20210210,2021-02-10,2021,1,Q1,2,February,Feb 2021,202102,6,10,Wednesday,2021,28,2021-02-28,False,False,False,False
20210211,2021-02-11,2021,1,Q1,2,February,Feb 2021,202102,6,11,Thursday,2021,28,2021-02-28,False,False,False,False
20210212,2021-02-12,2021,1,Q1,2,February,Feb 2021,202102,6,12,Friday,2021,28,2021-02-28,False,False,False,False
20210213,2021-02-13,2021,1,Q1,2,February,Feb 2021,202102,6,13,Saturday,2021,28,2021-02-28,True,False,False,False
20210214,2021-02-14,2021,1,Q1,2,February,Feb 2021,202102,6,14,Sunday,2021,28,2021-02-28,True,False,False,False
20210215,2021-02-15,2021,1,Q1,2,February,Feb 2021,202102,7,15,Monday,2021,28,2021-02-28,False,False,False,False
20210216,2021-02-16,2021,1,Q1,2,February,Feb 2021,202102,7,16,Tuesday,2021,28,2021-02-28,False,False,False,False
20210217,2021-02-17,2021,1,Q1,2,February,Feb 2021,202102,7,17,Wednesday,2021,28,2021-02-28,False,False,False,False
20210218,2021-02-18,2021,1,Q1,2,February,Feb 2021,202102,7,18,Thursday,2021,28,2021-02-28,False,False,False,False
20210219,2021-02-19,2021,1,Q1,2,February,Feb 2021,202102,7,19,Friday,2021,28,2021-02-28,False,False,False,False
20210220,2021-02-20,2021,1,Q1,2,February,Feb 2021,202102,7,20,Saturday,2021,28,2021-02-28,True,False,False,False
20210221,2021-02-21,2021,1,Q1,2,February,Feb 2021,202102,7,21,Sunday,2021,28,2021-02-28,True,False,False,False
20210222,2021-02-22,2021,1,Q1,2,February,Feb 2021,202102,8,22,Monday,2021,28,2021-02-28,False,False,False,False
20210223,2021-02-23,2021,1,Q1,2,February,Feb 2021,202102,8,23,Tuesday,2021,28,2021-02-28,False,False,False,False
20210224,2021-02-24,2021,1,Q1,2,February,Feb 2021,202102,8,24,Wednesday,2021,28,2021-02-28,False,False,False,False
20210225,2021-02-25,2021,1,Q1,2,February,Feb 2021,202102,8,25,Thursday,2021,28,2021-02-28,False,False,False,False
20210226,2021-02-26,2021,1,Q1,2,February,Feb 2021,202102,8,26,Friday,2021,28,2021-02-28,False,False,False,False
20210227,2021-02-27,2021,1,Q1,2,February,Feb 2021,202102,8,27,Saturday,2021,28,2021-02-28,True,False,False,False
20210228,2021-02-28,2021,1,Q1,2,February,Feb 2021,202102,8,28,Sunday,2021,28,2021-02-28,True,False,True,False
20210301,2021-03-01,2021,1,Q1,3,March,Mar 2021,202103,9,1,Monday,2021,31,2021-03-31,False,True,False,False
20210302,2021-03-02,2021,1,Q1,3,March,Mar 2021,202103,9,2,Tuesday,2021,31,2021-03-31,False,False,False,False
20210303,2021-03-03,2021,1,Q1,3,March,Mar 2021,202103,9,3,Wednesday,2021,31,2021-03-31,False,False,False,False
20210304,2021-03-04,2021,1,Q1,3,March,Mar 2021,202103,9,4,Thursday,2021,31,2021-03-31,False,False,False,False
20210305,2021-03-05,2021,1,Q1,3,March,Mar 2021,202103,9,5,Friday,2021,31,2021-03-31,False,False,False,False
20210306,2021-03-06,2021,1,Q1,3,March,Mar 2021,202103,9,6,Saturday,2021,31,2021-03-31,True,False,False,False
20210307,2021-03-07,2021,1,Q1,3,March,Mar 2021,202103,9,7,Sunday,2021,31,2021-03-31,True,False,False,False
20210308,2021-03-08,2021,1,Q1,3,March,Mar 2021,202103,10,8,Monday,2021,31,2021-03-31,False,False,False,False
20210309,2021-03-09,2021,1,Q1,3,March,Mar 2021,202103,10,9,Tuesday,2021,31,2021-03-31,False,False,False,False
20210310,2021-03-10,2021,1,Q1,3,March,Mar 2021,202103,10,10,Wednesday,2021,31,2021-03-31,False,False,False,False
20210311,2021-03-11,2021,1,Q1,3,March,Mar 2021,202103,10,11,Thursday,2021,31,2021-03-31,False,False,False,False
20210312,2021-03-12,2021,1,Q1,3,March,Mar 2021,202103,10,12,Friday,2021,31,2021-03-31,False,False,False,False
20210313,2021-03-13,2021,1,Q1,3,March,Mar 2021,202103,10,13,Saturday,2021,31,2021-03-31,True,False,False,False
20210314,2021-03-14,2021,1,Q1,3,March,Mar 2021,202103,10,14,Sunday,2021,31,2021-03-31,True,False,False,False
20210315,2021-03-15,2021,1,Q1,3,March,Mar 2021,202103,11,15,Monday,2021,31,2021-03-31,False,False,False,False
20210316,2021-03-16,2021,1,Q1,3,March,Mar 2021,202103,11,16,Tuesday,2021,31,2021-03-31,False,False,False,False
20210317,2021-03-17,2021,1,Q1,3,March,Mar 2021,202103,11,17,Wednesday,2021,31,2021-03-31,False,False,False,False
20210318,2021-03-18,2021,1,Q1,3,March,Mar 2021,202103,11,18,Thursday,2021,31,2021-03-31,False,False,False,False
20210319,2021-03-19,2021,1,Q1,3,March,Mar 2021,202103,11,19,Friday,2021,31,2021-03-31,False,False,False,False
20210320,2021-03-20,2021,1,Q1,3,March,Mar 2021,202103,11,20,Saturday,2021,31,2021-03-31,True,False,False,False
20210321,2021-03-21,2021,1,Q1,3,March,Mar 2021,202103,11,21,Sunday,2021,31,2021-03-31,True,False,False,False
20210322,2021-03-22,2021,1,Q1,3,March,Mar 2021,202103,12,22,Monday,2021,31,2021-03-31,False,False,False,False
20210323,2021-03-23,2021,1,Q1,3,March,Mar 2021,202103,12,23,Tuesday,2021,31,2021-03-31,False,False,False,False
20210324,2021-03-24,2021,1,Q1,3,March,Mar 2021,202103,12,24,Wednesday,2021,31,2021-03-31,False,False,False,False
20210325,2021-03-25,2021,1,Q1,3,March,Mar 2021,202103,12,25,Thursday,2021,31,2021-03-31,False,False,False,False
20210326,2021-03-26,2021,1,Q1,3,March,Mar 2021,202103,12,26,Friday,2021,31,2021-03-31,False,False,False,False
20210327,2021-03-27,2021,1,Q1,3,March,Mar 2021,202103,12,27,Saturday,2021,31,2021-03-31,True,False,False,False
20210328,2021-03-28,2021,1,Q1,3,March,Mar 2021,202103,12,28,Sunday,2021,31,2021-03-31,True,False,False,False
20210329,2021-03-29,2021,1,Q1,3,March,Mar 2021,202103,13,29,Monday,2021,31,2021-03-31,False,False,False,False
20210330,2021-03-30,2021,1,Q1,3,March,Mar 2021,202103,13,30,Tuesday,2021,31,2021-03-31,False,False,False,False
20210331,2021-03-31,2021,1,Q1,3,March,Mar 2021,202103,13,31,Wednesday,2021,31,2021-03-31,False,False,True,False
20210401,2021-04-01,2021,2,Q2,4,April,Apr 2021,202104,13,1,Thursday,2021,30,2021-04-30,False,True,False,False
20210402,2021-04-02,2021,2,Q2,4,April,Apr 2021,202104,13,2,Friday,2021,30,2021-04-30,False,False,False,False
20210403,2021-04-03,2021,2,Q2,4,April,Apr 2021,202104,13,3,Saturday,2021,30,2021-04-30,True,False,False,False
20210404,2021-04-04,2021,2,Q2,4,April,Apr 2021,202104,13,4,Sunday,2021,30,2021-04-30,True,False,False,False
20210405,2021-04-05,2021,2,Q2,4,April,Apr 2021,202104,14,5,Monday,2021,30,2021-04-30,False,False,False,False
20210406,2021-04-06,2021,2,Q2,4,April,Apr 2021,202104,14,6,Tuesday,2021,30,2021-04-30,False,False,False,False
20210407,2021-04-07,2021,2,Q2,4,April,Apr 2021,202104,14,7,Wednesday,2021,30,2021-04-30,False,False,False,False
20210408,2021-04-08,2021,2,Q2,4,April,Apr 2021,202104,14,8,Thursday,2021,30,2021-04-30,False,False,False,False
20210409,2021-04-09,2021,2,Q2,4,April,Apr 2021,202104,14,9,Friday,2021,30,2021-04-30,False,False,False,False
20210410,2021-04-10,2021,2,Q2,4,April,Apr 2021,202104,14,10,Saturday,2021,30,2021-04-30,True,False,False,False
20210411,2021-04-11,2021,2,Q2,4,April,Apr 2021,202104,14,11,Sunday,2021,30,2021-04-30,True,False,False,False
20210412,2021-04-12,2021,2,Q2,4,April,Apr 2021,202104,15,12,Monday,2021,30,2021-04-30,False,False,False,False
20210413,2021-04-13,2021,2,Q2,4,April,Apr 2021,202104,15,13,Tuesday,2021,30,2021-04-30,False,False,False,False
20210414,2021-04-14,2021,2,Q2,4,April,Apr 2021,202104,15,14,Wednesday,2021,30,2021-04-30,False,False,False,False
20210415,2021-04-15,2021,2,Q2,4,April,Apr 2021,202104,15,15,Thursday,2021,30,2021-04-30,False,False,False,False
20210416,2021-04-16,2021,2,Q2,4,April,Apr 2021,202104,15,16,Friday,2021,30,2021-04-30,False,False,False,False
20210417,2021-04-17,2021,2,Q2,4,April,Apr 2021,202104,15,17,Saturday,2021,30,2021-04-30,True,False,False,False
20210418,2021-04-18,2021,2,Q2,4,April,Apr 2021,202104,15,18,Sunday,2021,30,2021-04-30,True,False,False,False
20210419,2021-04-19,2021,2,Q2,4,April,Apr 2021,202104,16,19,Monday,2021,30,2021-04-30,False,False,False,False
20210420,2021-04-20,2021,2,Q2,4,April,Apr 2021,202104,16,20,Tuesday,2021,30,2021-04-30,False,False,False,False
20210421,2021-04-21,2021,2,Q2,4,April,Apr 2021,202104,16,21,Wednesday,2021,30,2021-04-30,False,False,False,False
20210422,2021-04-22,2021,2,Q2,4,April,Apr 2021,202104,16,22,Thursday,2021,30,2021-04-30,False,False,False,False
20210423,2021-04-23,2021,2,Q2,4,April,Apr 2021,202104,16,23,Friday,2021,30,2021-04-30,False,False,False,False
20210424,2021-04-24,2021,2,Q2,4,April,Apr 2021,202104,16,24,Saturday,2021,30,2021-04-30,True,False,False,False
20210425,2021-04-25,2021,2,Q2,4,April,Apr 2021,202104,16,25,Sunday,2021,30,2021-04-30,True,False,False,False
20210426,2021-04-26,2021,2,Q2,4,April,Apr 2021,202104,17,26,Monday,2021,30,2021-04-30,False,False,False,False
20210427,2021-04-27,2021,2,Q2,4,April,Apr 2021,202104,17,27,Tuesday,2021,30,2021-04-30,False,False,False,False
20210428,2021-04-28,2021,2,Q2,4,April,Apr 2021,202104,17,28,Wednesday,2021,30,2021-04-30,False,False,False,False
20210429,2021-04-29,2021,2,Q2,4,April,Apr 2021,202104,17,29,Thursday,2021,30,2021-04-30,False,False,False,False
20210430,2021-04-30,2021,2,Q2,4,April,Apr 2021,202104,17,30,Friday,2021,30,2021-04-30,False,False,True,False
20210501,2021-05-01,2021,2,Q2,5,May,May 2021,202105,17,1,Saturday,2021,31,2021-05-31,True,True,False,False
20210502,2021-05-02,2021,2,Q2,5,May,May 2021,202105,17,2,Sunday,2021,31,2021-05-31,True,False,False,False
20210503,2021-05-03,2021,2,Q2,5,May,May 2021,202105,18,3,Monday,2021,31,2021-05-31,False,False,False,False
20210504,2021-05-04,2021,2,Q2,5,May,May 2021,202105,18,4,Tuesday,2021,31,2021-05-31,False,False,False,False
20210505,2021-05-05,2021,2,Q2,5,May,May 2021,202105,18,5,Wednesday,2021,31,2021-05-31,False,False,False,False
20210506,2021-05-06,2021,2,Q2,5,May,May 2021,202105,18,6,Thursday,2021,31,2021-05-31,False,False,False,False
20210507,2021-05-07,2021,2,Q2,5,May,May 2021,202105,18,7,Friday,2021,31,2021-05-31,False,False,False,False
20210508,2021-05-08,2021,2,Q2,5,May,May 2021,202105,18,8,Saturday,2021,31,2021-05-31,True,False,False,False
20210509,2021-05-09,2021,2,Q2,5,May,May 2021,202105,18,9,Sunday,2021,31,2021-05-31,True,False,False,False
20210510,2021-05-10,2021,2,Q2,5,May,May 2021,202105,19,10,Monday,2021,31,2021-05-31,False,False,False,False
20210511,2021-05-11,2021,2,Q2,5,May,May 2021,202105,19,11,Tuesday,2021,31,2021-05-31,False,False,False,False
20210512,2021-05-12,2021,2,Q2,5,May,May 2021,202105,19,12,Wednesday,2021,31,2021-05-31,False,False,False,False
20210513,2021-05-13,2021,2,Q2,5,May,May 2021,202105,19,13,Thursday,2021,31,2021-05-31,False,False,False,False
20210514,2021-05-14,2021,2,Q2,5,May,May 2021,202105,19,14,Friday,2021,31,2021-05-31,False,False,False,False
20210515,2021-05-15,2021,2,Q2,5,May,May 2021,202105,19,15,Saturday,2021,31,2021-05-31,True,False,False,False
20210516,2021-05-16,2021,2,Q2,5,May,May 2021,202105,19,16,Sunday,2021,31,2021-05-31,True,False,False,False
20210517,2021-05-17,2021,2,Q2,5,May,May 2021,202105,20,17,Monday,2021,31,2021-05-31,False,False,False,False
20210518,2021-05-18,2021,2,Q2,5,May,May 2021,202105,20,18,Tuesday,2021,31,2021-05-31,False,False,False,False
20210519,2021-05-19,2021,2,Q2,5,May,May 2021,202105,20,19,Wednesday,2021,31,2021-05-31,False,False,False,False
20210520,2021-05-20,2021,2,Q2,5,May,May 2021,202105,20,20,Thursday,2021,31,2021-05-31,False,False,False,False
20210521,2021-05-21,2021,2,Q2,5,May,May 2021,202105,20,21,Friday,2021,31,2021-05-31,False,False,False,False
20210522,2021-05-22,2021,2,Q2,5,May,May 2021,202105,20,22,Saturday,2021,31,2021-05-31,True,False,False,False
20210523,2021-05-23,2021,2,Q2,5,May,May 2021,202105,20,23,Sunday,2021,31,2021-05-31,True,False,False,False
20210524,2021-05-24,2021,2,Q2,5,May,May 2021,202105,21,24,Monday,2021,31,2021-05-31,False,False,False,False
20210525,2021-05-25,2021,2,Q2,5,May,May 2021,202105,21,25,Tuesday,2021,31,2021-05-31,False,False,False,False
20210526,2021-05-26,2021,2,Q2,5,May,May 2021,202105,21,26,Wednesday,2021,31,2021-05-31,False,False,False,False
20210527,2021-05-27,2021,2,Q2,5,May,May 2021,202105,21,27,Thursday,2021,31,2021-05-31,False,False,False,False
20210528,2021-05-28,2021,2,Q2,5,May,May 2021,202105,21,28,Friday,2021,31,2021-05-31,False,False,False,False
20210529,2021-05-29,2021,2,Q2,5,May,May 2021,202105,21,29,Saturday,2021,31,2021-05-31,True,False,False,False
20210530,2021-05-30,2021,2,Q2,5,May,May 2021,202105,21,30,Sunday,2021,31,2021-05-31,True,False,False,False
20210531,2021-05-31,2021,2,Q2,5,May,May 2021,202105,22,31,Monday,2021,31,2021-05-31,False,False,True,False
20210601,2021-06-01,2021,2,Q2,6,June,Jun 2021,202106,22,1,Tuesday,2021,30,2021-06-30,False,True,False,False
20210602,2021-06-02,2021,2,Q2,6,June,Jun 2021,202106,22,2,Wednesday,2021,30,2021-06-30,False,False,False,False
20210603,2021-06-03,2021,2,Q2,6,June,Jun 2021,202106,22,3,Thursday,2021,30,2021-06-30,False,False,False,False
20210604,2021-06-04,2021,2,Q2,6,June,Jun 2021,202106,22,4,Friday,2021,30,2021-06-30,False,False,False,False
20210605,2021-06-05,2021,2,Q2,6,June,Jun 2021,202106,22,5,Saturday,2021,30,2021-06-30,True,False,False,False
20210606,2021-06-06,2021,2,Q2,6,June,Jun 2021,202106,22,6,Sunday,2021,30,2021-06-30,True,False,False,False
20210607,2021-06-07,2021,2,Q2,6,June,Jun 2021,202106,23,7,Monday,2021,30,2021-06-30,False,False,False,False
20210608,2021-06-08,2021,2,Q2,6,June,Jun 2021,202106,23,8,Tuesday,2021,30,2021-06-30,False,False,False,False
20210609,2021-06-09,2021,2,Q2,6,June,Jun 2021,202106,23,9,Wednesday,2021,30,2021-06-30,False,False,False,False
20210610,2021-06-10,2021,2,Q2,6,June,Jun 2021,202106,23,10,Thursday,2021,30,2021-06-30,False,False,False,False
20210611,2021-06-11,2021,2,Q2,6,June,Jun 2021,202106,23,11,Friday,2021,30,2021-06-30,False,False,False,False
20210612,2021-06-12,2021,2,Q2,6,June,Jun 2021,202106,23,12,Saturday,2021,30,2021-06-30,True,False,False,False
20210613,2021-06-13,2021,2,Q2,6,June,Jun 2021,202106,23,13,Sunday,2021,30,2021-06-30,True,False,False,False
20210614,2021-06-14,2021,2,Q2,6,June,Jun 2021,202106,24,14,Monday,2021,30,2021-06-30,False,False,False,False
20210615,2021-06-15,2021,2,Q2,6,June,Jun 2021,202106,24,15,Tuesday,2021,30,2021-06-30,False,False,False,False
20210616,2021-06-16,2021,2,Q2,6,June,Jun 2021,202106,24,16,Wednesday,2021,30,2021-06-30,False,False,False,False
20210617,2021-06-17,2021,2,Q2,6,June,Jun 2021,202106,24,17,Thursday,2021,30,2021-06-30,False,False,False,False
20210618,2021-06-18,2021,2,Q2,6,June,Jun 2021,202106,24,18,Friday,2021,30,2021-06-30,False,False,False,False
20210619,2021-06-19,2021,2,Q2,6,June,Jun 2021,202106,24,19,Saturday,2021,30,2021-06-30,True,False,False,False
20210620,2021-06-20,2021,2,Q2,6,June,Jun 2021,202106,24,20,Sunday,2021,30,2021-06-30,True,False,False,False
20210621,2021-06-21,2021,2,Q2,6,June,Jun 2021,202106,25,21,Monday,2021,30,2021-06-30,False,False,False,False
20210622,2021-06-22,2021,2,Q2,6,June,Jun 2021,202106,25,22,Tuesday,2021,30,2021-06-30,False,False,False,False
20210623,2021-06-23,2021,2,Q2,6,June,Jun 2021,202106,25,23,Wednesday,2021,30,2021-06-30,False,False,False,False
20210624,2021-06-24,2021,2,Q2,6,June,Jun 2021,202106,25,24,Thursday,2021,30,2021-06-30,False,False,False,False
20210625,2021-06-25,2021,2,Q2,6,June,Jun 2021,202106,25,25,Friday,2021,30,2021-06-30,False,False,False,False
20210626,2021-06-26,2021,2,Q2,6,June,Jun 2021,202106,25,26,Saturday,2021,30,2021-06-30,True,False,False,False
20210627,2021-06-27,2021,2,Q2,6,June,Jun 2021,202106,25,27,Sunday,2021,30,2021-06-30,True,False,False,False
20210628,2021-06-28,2021,2,Q2,6,June,Jun 2021,202106,26,28,Monday,2021,30,2021-06-30,False,False,False,False
20210629,2021-06-29,2021,2,Q2,6,June,Jun 2021,202106,26,29,Tuesday,2021,30,2021-06-30,False,False,False,False
20210630,2021-06-30,2021,2,Q2,6,June,Jun 2021,202106,26,30,Wednesday,2021,30,2021-06-30,False,False,True,False
20210701,2021-07-01,2021,3,Q3,7,July,Jul 2021,202107,26,1,Thursday,2021,31,2021-07-31,False,True,False,False
20210702,2021-07-02,2021,3,Q3,7,July,Jul 2021,202107,26,2,Friday,2021,31,2021-07-31,False,False,False,False
20210703,2021-07-03,2021,3,Q3,7,July,Jul 2021,202107,26,3,Saturday,2021,31,2021-07-31,True,False,False,False
20210704,2021-07-04,2021,3,Q3,7,July,Jul 2021,202107,26,4,Sunday,2021,31,2021-07-31,True,False,False,False
20210705,2021-07-05,2021,3,Q3,7,July,Jul 2021,202107,27,5,Monday,2021,31,2021-07-31,False,False,False,False
20210706,2021-07-06,2021,3,Q3,7,July,Jul 2021,202107,27,6,Tuesday,2021,31,2021-07-31,False,False,False,False
20210707,2021-07-07,2021,3,Q3,7,July,Jul 2021,202107,27,7,Wednesday,2021,31,2021-07-31,False,False,False,False
20210708,2021-07-08,2021,3,Q3,7,July,Jul 2021,202107,27,8,Thursday,2021,31,2021-07-31,False,False,False,False
20210709,2021-07-09,2021,3,Q3,7,July,Jul 2021,202107,27,9,Friday,2021,31,2021-07-31,False,False,False,False
20210710,2021-07-10,2021,3,Q3,7,July,Jul 2021,202107,27,10,Saturday,2021,31,2021-07-31,True,False,False,False
20210711,2021-07-11,2021,3,Q3,7,July,Jul 2021,202107,27,11,Sunday,2021,31,2021-07-31,True,False,False,False
20210712,2021-07-12,2021,3,Q3,7,July,Jul 2021,202107,28,12,Monday,2021,31,2021-07-31,False,False,False,False
20210713,2021-07-13,2021,3,Q3,7,July,Jul 2021,202107,28,13,Tuesday,2021,31,2021-07-31,False,False,False,False
20210714,2021-07-14,2021,3,Q3,7,July,Jul 2021,202107,28,14,Wednesday,2021,31,2021-07-31,False,False,False,False
20210715,2021-07-15,2021,3,Q3,7,July,Jul 2021,202107,28,15,Thursday,2021,31,2021-07-31,False,False,False,False
20210716,2021-07-16,2021,3,Q3,7,July,Jul 2021,202107,28,16,Friday,2021,31,2021-07-31,False,False,False,False
20210717,2021-07-17,2021,3,Q3,7,July,Jul 2021,202107,28,17,Saturday,2021,31,2021-07-31,True,False,False,False
20210718,2021-07-18,2021,3,Q3,7,July,Jul 2021,202107,28,18,Sunday,2021,31,2021-07-31,True,False,False,False
20210719,2021-07-19,2021,3,Q3,7,July,Jul 2021,202107,29,19,Monday,2021,31,2021-07-31,False,False,False,False
20210720,2021-07-20,2021,3,Q3,7,July,Jul 2021,202107,29,20,Tuesday,2021,31,2021-07-31,False,False,False,False
20210721,2021-07-21,2021,3,Q3,7,July,Jul 2021,202107,29,21,Wednesday,2021,31,2021-07-31,False,False,False,False
20210722,2021-07-22,2021,3,Q3,7,July,Jul 2021,202107,29,22,Thursday,2021,31,2021-07-31,False,False,False,False
20210723,2021-07-23,2021,3,Q3,7,July,Jul 2021,202107,29,23,Friday,2021,31,2021-07-31,False,False,False,False
20210724,2021-07-24,2021,3,Q3,7,July,Jul 2021,202107,29,24,Saturday,2021,31,2021-07-31,True,False,False,False
20210725,2021-07-25,2021,3,Q3,7,July,Jul 2021,202107,29,25,Sunday,2021,31,2021-07-31,True,False,False,False
20210726,2021-07-26,2021,3,Q3,7,July,Jul 2021,202107,30,26,Monday,2021,31,2021-07-31,False,False,False,False
20210727,2021-07-27,2021,3,Q3,7,July,Jul 2021,202107,30,27,Tuesday,2021,31,2021-07-31,False,False,False,False
20210728,2021-07-28,2021,3,Q3,7,July,Jul 2021,202107,30,28,Wednesday,2021,31,2021-07-31,False,False,False,False
20210729,2021-07-29,2021,3,Q3,7,July,Jul 2021,202107,30,29,Thursday,2021,31,2021-07-31,False,False,False,False
20210730,2021-07-30,2021,3,Q3,7,July,Jul 2021,202107,30,30,Friday,2021,31,2021-07-31,False,False,False,False
20210731,2021-07-31,2021,3,Q3,7,July,Jul 2021,202107,30,31,Saturday,2021,31,2021-07-31,True,False,True,False
20210801,2021-08-01,2021,3,Q3,8,August,Aug 2021,202108,30,1,Sunday,2021,31,2021-08-31,True,True,False,False
20210802,2021-08-02,2021,3,Q3,8,August,Aug 2021,202108,31,2,Monday,2021,31,2021-08-31,False,False,False,False
20210803,2021-08-03,2021,3,Q3,8,August,Aug 2021,202108,31,3,Tuesday,2021,31,2021-08-31,False,False,False,False
20210804,2021-08-04,2021,3,Q3,8,August,Aug 2021,202108,31,4,Wednesday,2021,31,2021-08-31,False,False,False,False
20210805,2021-08-05,2021,3,Q3,8,August,Aug 2021,202108,31,5,Thursday,2021,31,2021-08-31,False,False,False,False
20210806,2021-08-06,2021,3,Q3,8,August,Aug 2021,202108,31,6,Friday,2021,31,2021-08-31,False,False,False,False
20210807,2021-08-07,2021,3,Q3,8,August,Aug 2021,202108,31,7,Saturday,2021,31,2021-08-31,True,False,False,False
20210808,2021-08-08,2021,3,Q3,8,August,Aug 2021,202108,31,8,Sunday,2021,31,2021-08-31,True,False,False,False
20210809,2021-08-09,2021,3,Q3,8,August,Aug 2021,202108,32,9,Monday,2021,31,2021-08-31,False,False,False,False
20210810,2021-08-10,2021,3,Q3,8,August,Aug 2021,202108,32,10,Tuesday,2021,31,2021-08-31,False,False,False,False
20210811,2021-08-11,2021,3,Q3,8,August,Aug 2021,202108,32,11,Wednesday,2021,31,2021-08-31,False,False,False,False
20210812,2021-08-12,2021,3,Q3,8,August,Aug 2021,202108,32,12,Thursday,2021,31,2021-08-31,False,False,False,False
20210813,2021-08-13,2021,3,Q3,8,August,Aug 2021,202108,32,13,Friday,2021,31,2021-08-31,False,False,False,False
20210814,2021-08-14,2021,3,Q3,8,August,Aug 2021,202108,32,14,Saturday,2021,31,2021-08-31,True,False,False,False
20210815,2021-08-15,2021,3,Q3,8,August,Aug 2021,202108,32,15,Sunday,2021,31,2021-08-31,True,False,False,False
20210816,2021-08-16,2021,3,Q3,8,August,Aug 2021,202108,33,16,Monday,2021,31,2021-08-31,False,False,False,False
20210817,2021-08-17,2021,3,Q3,8,August,Aug 2021,202108,33,17,Tuesday,2021,31,2021-08-31,False,False,False,False
20210818,2021-08-18,2021,3,Q3,8,August,Aug 2021,202108,33,18,Wednesday,2021,31,2021-08-31,False,False,False,False
20210819,2021-08-19,2021,3,Q3,8,August,Aug 2021,202108,33,19,Thursday,2021,31,2021-08-31,False,False,False,False
20210820,2021-08-20,2021,3,Q3,8,August,Aug 2021,202108,33,20,Friday,2021,31,2021-08-31,False,False,False,False
20210821,2021-08-21,2021,3,Q3,8,August,Aug 2021,202108,33,21,Saturday,2021,31,2021-08-31,True,False,False,False
20210822,2021-08-22,2021,3,Q3,8,August,Aug 2021,202108,33,22,Sunday,2021,31,2021-08-31,True,False,False,False
20210823,2021-08-23,2021,3,Q3,8,August,Aug 2021,202108,34,23,Monday,2021,31,2021-08-31,False,False,False,False
20210824,2021-08-24,2021,3,Q3,8,August,Aug 2021,202108,34,24,Tuesday,2021,31,2021-08-31,False,False,False,False
20210825,2021-08-25,2021,3,Q3,8,August,Aug 2021,202108,34,25,Wednesday,2021,31,2021-08-31,False,False,False,False
20210826,2021-08-26,2021,3,Q3,8,August,Aug 2021,202108,34,26,Thursday,2021,31,2021-08-31,False,False,False,False
20210827,2021-08-27,2021,3,Q3,8,August,Aug 2021,202108,34,27,Friday,2021,31,2021-08-31,False,False,False,False
20210828,2021-08-28,2021,3,Q3,8,August,Aug 2021,202108,34,28,Saturday,2021,31,2021-08-31,True,False,False,False
20210829,2021-08-29,2021,3,Q3,8,August,Aug 2021,202108,34,29,Sunday,2021,31,2021-08-31,True,False,False,False
20210830,2021-08-30,2021,3,Q3,8,August,Aug 2021,202108,35,30,Monday,2021,31,2021-08-31,False,False,False,False
20210831,2021-08-31,2021,3,Q3,8,August,Aug 2021,202108,35,31,Tuesday,2021,31,2021-08-31,False,False,True,False
20210901,2021-09-01,2021,3,Q3,9,September,Sep 2021,202109,35,1,Wednesday,2021,30,2021-09-30,False,True,False,False
20210902,2021-09-02,2021,3,Q3,9,September,Sep 2021,202109,35,2,Thursday,2021,30,2021-09-30,False,False,False,False
20210903,2021-09-03,2021,3,Q3,9,September,Sep 2021,202109,35,3,Friday,2021,30,2021-09-30,False,False,False,False
20210904,2021-09-04,2021,3,Q3,9,September,Sep 2021,202109,35,4,Saturday,2021,30,2021-09-30,True,False,False,False
20210905,2021-09-05,2021,3,Q3,9,September,Sep 2021,202109,35,5,Sunday,2021,30,2021-09-30,True,False,False,False
20210906,2021-09-06,2021,3,Q3,9,September,Sep 2021,202109,36,6,Monday,2021,30,2021-09-30,False,False,False,False
20210907,2021-09-07,2021,3,Q3,9,September,Sep 2021,202109,36,7,Tuesday,2021,30,2021-09-30,False,False,False,False
20210908,2021-09-08,2021,3,Q3,9,September,Sep 2021,202109,36,8,Wednesday,2021,30,2021-09-30,False,False,False,False
20210909,2021-09-09,2021,3,Q3,9,September,Sep 2021,202109,36,9,Thursday,2021,30,2021-09-30,False,False,False,False
20210910,2021-09-10,2021,3,Q3,9,September,Sep 2021,202109,36,10,Friday,2021,30,2021-09-30,False,False,False,False
20210911,2021-09-11,2021,3,Q3,9,September,Sep 2021,202109,36,11,Saturday,2021,30,2021-09-30,True,False,False,False
20210912,2021-09-12,2021,3,Q3,9,September,Sep 2021,202109,36,12,Sunday,2021,30,2021-09-30,True,False,False,False
20210913,2021-09-13,2021,3,Q3,9,September,Sep 2021,202109,37,13,Monday,2021,30,2021-09-30,False,False,False,False
20210914,2021-09-14,2021,3,Q3,9,September,Sep 2021,202109,37,14,Tuesday,2021,30,2021-09-30,False,False,False,False
20210915,2021-09-15,2021,3,Q3,9,September,Sep 2021,202109,37,15,Wednesday,2021,30,2021-09-30,False,False,False,False
20210916,2021-09-16,2021,3,Q3,9,September,Sep 2021,202109,37,16,Thursday,2021,30,2021-09-30,False,False,False,False
20210917,2021-09-17,2021,3,Q3,9,September,Sep 2021,202109,37,17,Friday,2021,30,2021-09-30,False,False,False,False
20210918,2021-09-18,2021,3,Q3,9,September,Sep 2021,202109,37,18,Saturday,2021,30,2021-09-30,True,False,False,False
20210919,2021-09-19,2021,3,Q3,9,September,Sep 2021,202109,37,19,Sunday,2021,30,2021-09-30,True,False,False,False
20210920,2021-09-20,2021,3,Q3,9,September,Sep 2021,202109,38,20,Monday,2021,30,2021-09-30,False,False,False,False
20210921,2021-09-21,2021,3,Q3,9,September,Sep 2021,202109,38,21,Tuesday,2021,30,2021-09-30,False,False,False,False
20210922,2021-09-22,2021,3,Q3,9,September,Sep 2021,202109,38,22,Wednesday,2021,30,2021-09-30,False,False,False,False
20210923,2021-09-23,2021,3,Q3,9,September,Sep 2021,202109,38,23,Thursday,2021,30,2021-09-30,False,False,False,False
20210924,2021-09-24,2021,3,Q3,9,September,Sep 2021,202109,38,24,Friday,2021,30,2021-09-30,False,False,False,False
20210925,2021-09-25,2021,3,Q3,9,September,Sep 2021,202109,38,25,Saturday,2021,30,2021-09-30,True,False,False,False
20210926,2021-09-26,2021,3,Q3,9,September,Sep 2021,202109,38,26,Sunday,2021,30,2021-09-30,True,False,False,False
20210927,2021-09-27,2021,3,Q3,9,September,Sep 2021,202109,39,27,Monday,2021,30,2021-09-30,False,False,False,False
20210928,2021-09-28,2021,3,Q3,9,September,Sep 2021,202109,39,28,Tuesday,2021,30,2021-09-30,False,False,False,False
20210929,2021-09-29,2021,3,Q3,9,September,Sep 2021,202109,39,29,Wednesday,2021,30,2021-09-30,False,False,False,False
20210930,2021-09-30,2021,3,Q3,9,September,Sep 2021,202109,39,30,Thursday,2021,30,2021-09-30,False,False,True,False
20211001,2021-10-01,2021,4,Q4,10,October,Oct 2021,202110,39,1,Friday,2021,31,2021-10-31,False,True,False,False
20211002,2021-10-02,2021,4,Q4,10,October,Oct 2021,202110,39,2,Saturday,2021,31,2021-10-31,True,False,False,False
20211003,2021-10-03,2021,4,Q4,10,October,Oct 2021,202110,39,3,Sunday,2021,31,2021-10-31,True,False,False,False
20211004,2021-10-04,2021,4,Q4,10,October,Oct 2021,202110,40,4,Monday,2021,31,2021-10-31,False,False,False,False
20211005,2021-10-05,2021,4,Q4,10,October,Oct 2021,202110,40,5,Tuesday,2021,31,2021-10-31,False,False,False,False
20211006,2021-10-06,2021,4,Q4,10,October,Oct 2021,202110,40,6,Wednesday,2021,31,2021-10-31,False,False,False,False
20211007,2021-10-07,2021,4,Q4,10,October,Oct 2021,202110,40,7,Thursday,2021,31,2021-10-31,False,False,False,False
20211008,2021-10-08,2021,4,Q4,10,October,Oct 2021,202110,40,8,Friday,2021,31,2021-10-31,False,False,False,False
20211009,2021-10-09,2021,4,Q4,10,October,Oct 2021,202110,40,9,Saturday,2021,31,2021-10-31,True,False,False,False
20211010,2021-10-10,2021,4,Q4,10,October,Oct 2021,202110,40,10,Sunday,2021,31,2021-10-31,True,False,False,False
20211011,2021-10-11,2021,4,Q4,10,October,Oct 2021,202110,41,11,Monday,2021,31,2021-10-31,False,False,False,False
20211012,2021-10-12,2021,4,Q4,10,October,Oct 2021,202110,41,12,Tuesday,2021,31,2021-10-31,False,False,False,False
20211013,2021-10-13,2021,4,Q4,10,October,Oct 2021,202110,41,13,Wednesday,2021,31,2021-10-31,False,False,False,False
20211014,2021-10-14,2021,4,Q4,10,October,Oct 2021,202110,41,14,Thursday,2021,31,2021-10-31,False,False,False,False
20211015,2021-10-15,2021,4,Q4,10,October,Oct 2021,202110,41,15,Friday,2021,31,2021-10-31,False,False,False,False
20211016,2021-10-16,2021,4,Q4,10,October,Oct 2021,202110,41,16,Saturday,2021,31,2021-10-31,True,False,False,False
20211017,2021-10-17,2021,4,Q4,10,October,Oct 2021,202110,41,17,Sunday,2021,31,2021-10-31,True,False,False,False
20211018,2021-10-18,2021,4,Q4,10,October,Oct 2021,202110,42,18,Monday,2021,31,2021-10-31,False,False,False,False
20211019,2021-10-19,2021,4,Q4,10,October,Oct 2021,202110,42,19,Tuesday,2021,31,2021-10-31,False,False,False,False
20211020,2021-10-20,2021,4,Q4,10,October,Oct 2021,202110,42,20,Wednesday,2021,31,2021-10-31,False,False,False,False
20211021,2021-10-21,2021,4,Q4,10,October,Oct 2021,202110,42,21,Thursday,2021,31,2021-10-31,False,False,False,False
20211022,2021-10-22,2021,4,Q4,10,October,Oct 2021,202110,42,22,Friday,2021,31,2021-10-31,False,False,False,False
20211023,2021-10-23,2021,4,Q4,10,October,Oct 2021,202110,42,23,Saturday,2021,31,2021-10-31,True,False,False,False
20211024,2021-10-24,2021,4,Q4,10,October,Oct 2021,202110,42,24,Sunday,2021,31,2021-10-31,True,False,False,False
20211025,2021-10-25,2021,4,Q4,10,October,Oct 2021,202110,43,25,Monday,2021,31,2021-10-31,False,False,False,False
20211026,2021-10-26,2021,4,Q4,10,October,Oct 2021,202110,43,26,Tuesday,2021,31,2021-10-31,False,False,False,False
20211027,2021-10-27,2021,4,Q4,10,October,Oct 2021,202110,43,27,Wednesday,2021,31,2021-10-31,False,False,False,False
20211028,2021-10-28,2021,4,Q4,10,October,Oct 2021,202110,43,28,Thursday,2021,31,2021-10-31,False,False,False,False
20211029,2021-10-29,2021,4,Q4,10,October,Oct 2021,202110,43,29,Friday,2021,31,2021-10-31,False,False,False,False
20211030,2021-10-30,2021,4,Q4,10,October,Oct 2021,202110,43,30,Saturday,2021,31,2021-10-31,True,False,False,False
20211031,2021-10-31,2021,4,Q4,10,October,Oct 2021,202110,43,31,Sunday,2021,31,2021-10-31,True,False,True,False
20211101,2021-11-01,2021,4,Q4,11,November,Nov 2021,202111,44,1,Monday,2021,30,2021-11-30,False,True,False,False
20211102,2021-11-02,2021,4,Q4,11,November,Nov 2021,202111,44,2,Tuesday,2021,30,2021-11-30,False,False,False,False
20211103,2021-11-03,2021,4,Q4,11,November,Nov 2021,202111,44,3,Wednesday,2021,30,2021-11-30,False,False,False,False
20211104,2021-11-04,2021,4,Q4,11,November,Nov 2021,202111,44,4,Thursday,2021,30,2021-11-30,False,False,False,False
20211105,2021-11-05,2021,4,Q4,11,November,Nov 2021,202111,44,5,Friday,2021,30,2021-11-30,False,False,False,False
20211106,2021-11-06,2021,4,Q4,11,November,Nov 2021,202111,44,6,Saturday,2021,30,2021-11-30,True,False,False,False
20211107,2021-11-07,2021,4,Q4,11,November,Nov 2021,202111,44,7,Sunday,2021,30,2021-11-30,True,False,False,False
20211108,2021-11-08,2021,4,Q4,11,November,Nov 2021,202111,45,8,Monday,2021,30,2021-11-30,False,False,False,False
20211109,2021-11-09,2021,4,Q4,11,November,Nov 2021,202111,45,9,Tuesday,2021,30,2021-11-30,False,False,False,False
20211110,2021-11-10,2021,4,Q4,11,November,Nov 2021,202111,45,10,Wednesday,2021,30,2021-11-30,False,False,False,False
20211111,2021-11-11,2021,4,Q4,11,November,Nov 2021,202111,45,11,Thursday,2021,30,2021-11-30,False,False,False,False
20211112,2021-11-12,2021,4,Q4,11,November,Nov 2021,202111,45,12,Friday,2021,30,2021-11-30,False,False,False,False
20211113,2021-11-13,2021,4,Q4,11,November,Nov 2021,202111,45,13,Saturday,2021,30,2021-11-30,True,False,False,False
20211114,2021-11-14,2021,4,Q4,11,November,Nov 2021,202111,45,14,Sunday,2021,30,2021-11-30,True,False,False,False
20211115,2021-11-15,2021,4,Q4,11,November,Nov 2021,202111,46,15,Monday,2021,30,2021-11-30,False,False,False,False
20211116,2021-11-16,2021,4,Q4,11,November,Nov 2021,202111,46,16,Tuesday,2021,30,2021-11-30,False,False,False,False
20211117,2021-11-17,2021,4,Q4,11,November,Nov 2021,202111,46,17,Wednesday,2021,30,2021-11-30,False,False,False,False
20211118,2021-11-18,2021,4,Q4,11,November,Nov 2021,202111,46,18,Thursday,2021,30,2021-11-30,False,False,False,False
20211119,2021-11-19,2021,4,Q4,11,November,Nov 2021,202111,46,19,Friday,2021,30,2021-11-30,False,False,False,False
20211120,2021-11-20,2021,4,Q4,11,November,Nov 2021,202111,46,20,Saturday,2021,30,2021-11-30,True,False,False,False
20211121,2021-11-21,2021,4,Q4,11,November,Nov 2021,202111,46,21,Sunday,2021,30,2021-11-30,True,False,False,False
20211122,2021-11-22,2021,4,Q4,11,November,Nov 2021,202111,47,22,Monday,2021,30,2021-11-30,False,False,False,False
20211123,2021-11-23,2021,4,Q4,11,November,Nov 2021,202111,47,23,Tuesday,2021,30,2021-11-30,False,False,False,False
20211124,2021-11-24,2021,4,Q4,11,November,Nov 2021,202111,47,24,Wednesday,2021,30,2021-11-30,False,False,False,False
20211125,2021-11-25,2021,4,Q4,11,November,Nov 2021,202111,47,25,Thursday,2021,30,2021-11-30,False,False,False,False
20211126,2021-11-26,2021,4,Q4,11,November,Nov 2021,202111,47,26,Friday,2021,30,2021-11-30,False,False,False,False
20211127,2021-11-27,2021,4,Q4,11,November,Nov 2021,202111,47,27,Saturday,2021,30,2021-11-30,True,False,False,False
20211128,2021-11-28,2021,4,Q4,11,November,Nov 2021,202111,47,28,Sunday,2021,30,2021-11-30,True,False,False,False
20211129,2021-11-29,2021,4,Q4,11,November,Nov 2021,202111,48,29,Monday,2021,30,2021-11-30,False,False,False,False
20211130,2021-11-30,2021,4,Q4,11,November,Nov 2021,202111,48,30,Tuesday,2021,30,2021-11-30,False,False,True,False
20211201,2021-12-01,2021,4,Q4,12,December,Dec 2021,202112,48,1,Wednesday,2021,31,2021-12-31,False,True,False,False
20211202,2021-12-02,2021,4,Q4,12,December,Dec 2021,202112,48,2,Thursday,2021,31,2021-12-31,False,False,False,False
20211203,2021-12-03,2021,4,Q4,12,December,Dec 2021,202112,48,3,Friday,2021,31,2021-12-31,False,False,False,False
20211204,2021-12-04,2021,4,Q4,12,December,Dec 2021,202112,48,4,Saturday,2021,31,2021-12-31,True,False,False,False
20211205,2021-12-05,2021,4,Q4,12,December,Dec 2021,202112,48,5,Sunday,2021,31,2021-12-31,True,False,False,False
20211206,2021-12-06,2021,4,Q4,12,December,Dec 2021,202112,49,6,Monday,2021,31,2021-12-31,False,False,False,False
20211207,2021-12-07,2021,4,Q4,12,December,Dec 2021,202112,49,7,Tuesday,2021,31,2021-12-31,False,False,False,False
20211208,2021-12-08,2021,4,Q4,12,December,Dec 2021,202112,49,8,Wednesday,2021,31,2021-12-31,False,False,False,False
20211209,2021-12-09,2021,4,Q4,12,December,Dec 2021,202112,49,9,Thursday,2021,31,2021-12-31,False,False,False,False
20211210,2021-12-10,2021,4,Q4,12,December,Dec 2021,202112,49,10,Friday,2021,31,2021-12-31,False,False,False,False
20211211,2021-12-11,2021,4,Q4,12,December,Dec 2021,202112,49,11,Saturday,2021,31,2021-12-31,True,False,False,False
20211212,2021-12-12,2021,4,Q4,12,December,Dec 2021,202112,49,12,Sunday,2021,31,2021-12-31,True,False,False,False
20211213,2021-12-13,2021,4,Q4,12,December,Dec 2021,202112,50,13,Monday,2021,31,2021-12-31,False,False,False,False
20211214,2021-12-14,2021,4,Q4,12,December,Dec 2021,202112,50,14,Tuesday,2021,31,2021-12-31,False,False,False,False
20211215,2021-12-15,2021,4,Q4,12,December,Dec 2021,202112,50,15,Wednesday,2021,31,2021-12-31,False,False,False,False
20211216,2021-12-16,2021,4,Q4,12,December,Dec 2021,202112,50,16,Thursday,2021,31,2021-12-31,False,False,False,False
20211217,2021-12-17,2021,4,Q4,12,December,Dec 2021,202112,50,17,Friday,2021,31,2021-12-31,False,False,False,False
20211218,2021-12-18,2021,4,Q4,12,December,Dec 2021,202112,50,18,Saturday,2021,31,2021-12-31,True,False,False,False
20211219,2021-12-19,2021,4,Q4,12,December,Dec 2021,202112,50,19,Sunday,2021,31,2021-12-31,True,False,False,False
20211220,2021-12-20,2021,4,Q4,12,December,Dec 2021,202112,51,20,Monday,2021,31,2021-12-31,False,False,False,False
20211221,2021-12-21,2021,4,Q4,12,December,Dec 2021,202112,51,21,Tuesday,2021,31,2021-12-31,False,False,False,False
20211222,2021-12-22,2021,4,Q4,12,December,Dec 2021,202112,51,22,Wednesday,2021,31,2021-12-31,False,False,False,False
20211223,2021-12-23,2021,4,Q4,12,December,Dec 2021,202112,51,23,Thursday,2021,31,2021-12-31,False,False,False,False
20211224,2021-12-24,2021,4,Q4,12,December,Dec 2021,202112,51,24,Friday,2021,31,2021-12-31,False,False,False,False
20211225,2021-12-25,2021,4,Q4,12,December,Dec 2021,202112,51,25,Saturday,2021,31,2021-12-31,True,False,False,False
20211226,2021-12-26,2021,4,Q4,12,December,Dec 2021,202112,51,26,Sunday,2021,31,2021-12-31,True,False,False,False
20211227,2021-12-27,2021,4,Q4,12,December,Dec 2021,202112,52,27,Monday,2021,31,2021-12-31,False,False,False,False
20211228,2021-12-28,2021,4,Q4,12,December,Dec 2021,202112,52,28,Tuesday,2021,31,2021-12-31,False,False,False,False
20211229,2021-12-29,2021,4,Q4,12,December,Dec 2021,202112,52,29,Wednesday,2021,31,2021-12-31,False,False,False,False
20211230,2021-12-30,2021,4,Q4,12,December,Dec 2021,202112,52,30,Thursday,2021,31,2021-12-31,False,False,False,False
20211231,2021-12-31,2021,4,Q4,12,December,Dec 2021,202112,52,31,Friday,2021,31,2021-12-31,False,False,True,False
20220101,2022-01-01,2022,1,Q1,1,January,Jan 2022,202201,52,1,Saturday,2022,31,2022-01-31,True,True,False,False
20220102,2022-01-02,2022,1,Q1,1,January,Jan 2022,202201,52,2,Sunday,2022,31,2022-01-31,True,False,False,False
20220103,2022-01-03,2022,1,Q1,1,January,Jan 2022,202201,1,3,Monday,2022,31,2022-01-31,False,False,False,False
20220104,2022-01-04,2022,1,Q1,1,January,Jan 2022,202201,1,4,Tuesday,2022,31,2022-01-31,False,False,False,False
20220105,2022-01-05,2022,1,Q1,1,January,Jan 2022,202201,1,5,Wednesday,2022,31,2022-01-31,False,False,False,False
20220106,2022-01-06,2022,1,Q1,1,January,Jan 2022,202201,1,6,Thursday,2022,31,2022-01-31,False,False,False,False
20220107,2022-01-07,2022,1,Q1,1,January,Jan 2022,202201,1,7,Friday,2022,31,2022-01-31,False,False,False,False
20220108,2022-01-08,2022,1,Q1,1,January,Jan 2022,202201,1,8,Saturday,2022,31,2022-01-31,True,False,False,False
20220109,2022-01-09,2022,1,Q1,1,January,Jan 2022,202201,1,9,Sunday,2022,31,2022-01-31,True,False,False,False
20220110,2022-01-10,2022,1,Q1,1,January,Jan 2022,202201,2,10,Monday,2022,31,2022-01-31,False,False,False,False
20220111,2022-01-11,2022,1,Q1,1,January,Jan 2022,202201,2,11,Tuesday,2022,31,2022-01-31,False,False,False,False
20220112,2022-01-12,2022,1,Q1,1,January,Jan 2022,202201,2,12,Wednesday,2022,31,2022-01-31,False,False,False,False
20220113,2022-01-13,2022,1,Q1,1,January,Jan 2022,202201,2,13,Thursday,2022,31,2022-01-31,False,False,False,False
20220114,2022-01-14,2022,1,Q1,1,January,Jan 2022,202201,2,14,Friday,2022,31,2022-01-31,False,False,False,False
20220115,2022-01-15,2022,1,Q1,1,January,Jan 2022,202201,2,15,Saturday,2022,31,2022-01-31,True,False,False,False
20220116,2022-01-16,2022,1,Q1,1,January,Jan 2022,202201,2,16,Sunday,2022,31,2022-01-31,True,False,False,False
20220117,2022-01-17,2022,1,Q1,1,January,Jan 2022,202201,3,17,Monday,2022,31,2022-01-31,False,False,False,False
20220118,2022-01-18,2022,1,Q1,1,January,Jan 2022,202201,3,18,Tuesday,2022,31,2022-01-31,False,False,False,False
20220119,2022-01-19,2022,1,Q1,1,January,Jan 2022,202201,3,19,Wednesday,2022,31,2022-01-31,False,False,False,False
20220120,2022-01-20,2022,1,Q1,1,January,Jan 2022,202201,3,20,Thursday,2022,31,2022-01-31,False,False,False,False
20220121,2022-01-21,2022,1,Q1,1,January,Jan 2022,202201,3,21,Friday,2022,31,2022-01-31,False,False,False,False
20220122,2022-01-22,2022,1,Q1,1,January,Jan 2022,202201,3,22,Saturday,2022,31,2022-01-31,True,False,False,False
20220123,2022-01-23,2022,1,Q1,1,January,Jan 2022,202201,3,23,Sunday,2022,31,2022-01-31,True,False,False,False
20220124,2022-01-24,2022,1,Q1,1,January,Jan 2022,202201,4,24,Monday,2022,31,2022-01-31,False,False,False,False
20220125,2022-01-25,2022,1,Q1,1,January,Jan 2022,202201,4,25,Tuesday,2022,31,2022-01-31,False,False,False,False
20220126,2022-01-26,2022,1,Q1,1,January,Jan 2022,202201,4,26,Wednesday,2022,31,2022-01-31,False,False,False,False
20220127,2022-01-27,2022,1,Q1,1,January,Jan 2022,202201,4,27,Thursday,2022,31,2022-01-31,False,False,False,False
20220128,2022-01-28,2022,1,Q1,1,January,Jan 2022,202201,4,28,Friday,2022,31,2022-01-31,False,False,False,False
20220129,2022-01-29,2022,1,Q1,1,January,Jan 2022,202201,4,29,Saturday,2022,31,2022-01-31,True,False,False,False
20220130,2022-01-30,2022,1,Q1,1,January,Jan 2022,202201,4,30,Sunday,2022,31,2022-01-31,True,False,False,False
20220131,2022-01-31,2022,1,Q1,1,January,Jan 2022,202201,5,31,Monday,2022,31,2022-01-31,False,False,True,False
20220201,2022-02-01,2022,1,Q1,2,February,Feb 2022,202202,5,1,Tuesday,2022,28,2022-02-28,False,True,False,False
20220202,2022-02-02,2022,1,Q1,2,February,Feb 2022,202202,5,2,Wednesday,2022,28,2022-02-28,False,False,False,False
20220203,2022-02-03,2022,1,Q1,2,February,Feb 2022,202202,5,3,Thursday,2022,28,2022-02-28,False,False,False,False
20220204,2022-02-04,2022,1,Q1,2,February,Feb 2022,202202,5,4,Friday,2022,28,2022-02-28,False,False,False,False
20220205,2022-02-05,2022,1,Q1,2,February,Feb 2022,202202,5,5,Saturday,2022,28,2022-02-28,True,False,False,False
20220206,2022-02-06,2022,1,Q1,2,February,Feb 2022,202202,5,6,Sunday,2022,28,2022-02-28,True,False,False,False
20220207,2022-02-07,2022,1,Q1,2,February,Feb 2022,202202,6,7,Monday,2022,28,2022-02-28,False,False,False,False
20220208,2022-02-08,2022,1,Q1,2,February,Feb 2022,202202,6,8,Tuesday,2022,28,2022-02-28,False,False,False,False
20220209,2022-02-09,2022,1,Q1,2,February,Feb 2022,202202,6,9,Wednesday,2022,28,2022-02-28,False,False,False,False
20220210,2022-02-10,2022,1,Q1,2,February,Feb 2022,202202,6,10,Thursday,2022,28,2022-02-28,False,False,False,False
20220211,2022-02-11,2022,1,Q1,2,February,Feb 2022,202202,6,11,Friday,2022,28,2022-02-28,False,False,False,False
20220212,2022-02-12,2022,1,Q1,2,February,Feb 2022,202202,6,12,Saturday,2022,28,2022-02-28,True,False,False,False
20220213,2022-02-13,2022,1,Q1,2,February,Feb 2022,202202,6,13,Sunday,2022,28,2022-02-28,True,False,False,False
20220214,2022-02-14,2022,1,Q1,2,February,Feb 2022,202202,7,14,Monday,2022,28,2022-02-28,False,False,False,False
20220215,2022-02-15,2022,1,Q1,2,February,Feb 2022,202202,7,15,Tuesday,2022,28,2022-02-28,False,False,False,False
20220216,2022-02-16,2022,1,Q1,2,February,Feb 2022,202202,7,16,Wednesday,2022,28,2022-02-28,False,False,False,False
20220217,2022-02-17,2022,1,Q1,2,February,Feb 2022,202202,7,17,Thursday,2022,28,2022-02-28,False,False,False,False
20220218,2022-02-18,2022,1,Q1,2,February,Feb 2022,202202,7,18,Friday,2022,28,2022-02-28,False,False,False,False
20220219,2022-02-19,2022,1,Q1,2,February,Feb 2022,202202,7,19,Saturday,2022,28,2022-02-28,True,False,False,False
20220220,2022-02-20,2022,1,Q1,2,February,Feb 2022,202202,7,20,Sunday,2022,28,2022-02-28,True,False,False,False
20220221,2022-02-21,2022,1,Q1,2,February,Feb 2022,202202,8,21,Monday,2022,28,2022-02-28,False,False,False,False
20220222,2022-02-22,2022,1,Q1,2,February,Feb 2022,202202,8,22,Tuesday,2022,28,2022-02-28,False,False,False,False
20220223,2022-02-23,2022,1,Q1,2,February,Feb 2022,202202,8,23,Wednesday,2022,28,2022-02-28,False,False,False,False
20220224,2022-02-24,2022,1,Q1,2,February,Feb 2022,202202,8,24,Thursday,2022,28,2022-02-28,False,False,False,False
20220225,2022-02-25,2022,1,Q1,2,February,Feb 2022,202202,8,25,Friday,2022,28,2022-02-28,False,False,False,False
20220226,2022-02-26,2022,1,Q1,2,February,Feb 2022,202202,8,26,Saturday,2022,28,2022-02-28,True,False,False,False
20220227,2022-02-27,2022,1,Q1,2,February,Feb 2022,202202,8,27,Sunday,2022,28,2022-02-28,True,False,False,False
20220228,2022-02-28,2022,1,Q1,2,February,Feb 2022,202202,9,28,Monday,2022,28,2022-02-28,False,False,True,False
20220301,2022-03-01,2022,1,Q1,3,March,Mar 2022,202203,9,1,Tuesday,2022,31,2022-03-31,False,True,False,False
20220302,2022-03-02,2022,1,Q1,3,March,Mar 2022,202203,9,2,Wednesday,2022,31,2022-03-31,False,False,False,False
20220303,2022-03-03,2022,1,Q1,3,March,Mar 2022,202203,9,3,Thursday,2022,31,2022-03-31,False,False,False,False
20220304,2022-03-04,2022,1,Q1,3,March,Mar 2022,202203,9,4,Friday,2022,31,2022-03-31,False,False,False,False
20220305,2022-03-05,2022,1,Q1,3,March,Mar 2022,202203,9,5,Saturday,2022,31,2022-03-31,True,False,False,False
20220306,2022-03-06,2022,1,Q1,3,March,Mar 2022,202203,9,6,Sunday,2022,31,2022-03-31,True,False,False,False
20220307,2022-03-07,2022,1,Q1,3,March,Mar 2022,202203,10,7,Monday,2022,31,2022-03-31,False,False,False,False
20220308,2022-03-08,2022,1,Q1,3,March,Mar 2022,202203,10,8,Tuesday,2022,31,2022-03-31,False,False,False,False
20220309,2022-03-09,2022,1,Q1,3,March,Mar 2022,202203,10,9,Wednesday,2022,31,2022-03-31,False,False,False,False
20220310,2022-03-10,2022,1,Q1,3,March,Mar 2022,202203,10,10,Thursday,2022,31,2022-03-31,False,False,False,False
20220311,2022-03-11,2022,1,Q1,3,March,Mar 2022,202203,10,11,Friday,2022,31,2022-03-31,False,False,False,False
20220312,2022-03-12,2022,1,Q1,3,March,Mar 2022,202203,10,12,Saturday,2022,31,2022-03-31,True,False,False,False
20220313,2022-03-13,2022,1,Q1,3,March,Mar 2022,202203,10,13,Sunday,2022,31,2022-03-31,True,False,False,False
20220314,2022-03-14,2022,1,Q1,3,March,Mar 2022,202203,11,14,Monday,2022,31,2022-03-31,False,False,False,False
20220315,2022-03-15,2022,1,Q1,3,March,Mar 2022,202203,11,15,Tuesday,2022,31,2022-03-31,False,False,False,False
20220316,2022-03-16,2022,1,Q1,3,March,Mar 2022,202203,11,16,Wednesday,2022,31,2022-03-31,False,False,False,False
20220317,2022-03-17,2022,1,Q1,3,March,Mar 2022,202203,11,17,Thursday,2022,31,2022-03-31,False,False,False,False
20220318,2022-03-18,2022,1,Q1,3,March,Mar 2022,202203,11,18,Friday,2022,31,2022-03-31,False,False,False,False
20220319,2022-03-19,2022,1,Q1,3,March,Mar 2022,202203,11,19,Saturday,2022,31,2022-03-31,True,False,False,False
20220320,2022-03-20,2022,1,Q1,3,March,Mar 2022,202203,11,20,Sunday,2022,31,2022-03-31,True,False,False,False
20220321,2022-03-21,2022,1,Q1,3,March,Mar 2022,202203,12,21,Monday,2022,31,2022-03-31,False,False,False,False
20220322,2022-03-22,2022,1,Q1,3,March,Mar 2022,202203,12,22,Tuesday,2022,31,2022-03-31,False,False,False,False
20220323,2022-03-23,2022,1,Q1,3,March,Mar 2022,202203,12,23,Wednesday,2022,31,2022-03-31,False,False,False,False
20220324,2022-03-24,2022,1,Q1,3,March,Mar 2022,202203,12,24,Thursday,2022,31,2022-03-31,False,False,False,False
20220325,2022-03-25,2022,1,Q1,3,March,Mar 2022,202203,12,25,Friday,2022,31,2022-03-31,False,False,False,False
20220326,2022-03-26,2022,1,Q1,3,March,Mar 2022,202203,12,26,Saturday,2022,31,2022-03-31,True,False,False,False
20220327,2022-03-27,2022,1,Q1,3,March,Mar 2022,202203,12,27,Sunday,2022,31,2022-03-31,True,False,False,False
20220328,2022-03-28,2022,1,Q1,3,March,Mar 2022,202203,13,28,Monday,2022,31,2022-03-31,False,False,False,False
20220329,2022-03-29,2022,1,Q1,3,March,Mar 2022,202203,13,29,Tuesday,2022,31,2022-03-31,False,False,False,False
20220330,2022-03-30,2022,1,Q1,3,March,Mar 2022,202203,13,30,Wednesday,2022,31,2022-03-31,False,False,False,False
20220331,2022-03-31,2022,1,Q1,3,March,Mar 2022,202203,13,31,Thursday,2022,31,2022-03-31,False,False,True,False
20220401,2022-04-01,2022,2,Q2,4,April,Apr 2022,202204,13,1,Friday,2022,30,2022-04-30,False,True,False,False
20220402,2022-04-02,2022,2,Q2,4,April,Apr 2022,202204,13,2,Saturday,2022,30,2022-04-30,True,False,False,False
20220403,2022-04-03,2022,2,Q2,4,April,Apr 2022,202204,13,3,Sunday,2022,30,2022-04-30,True,False,False,False
20220404,2022-04-04,2022,2,Q2,4,April,Apr 2022,202204,14,4,Monday,2022,30,2022-04-30,False,False,False,False
20220405,2022-04-05,2022,2,Q2,4,April,Apr 2022,202204,14,5,Tuesday,2022,30,2022-04-30,False,False,False,False
20220406,2022-04-06,2022,2,Q2,4,April,Apr 2022,202204,14,6,Wednesday,2022,30,2022-04-30,False,False,False,False
20220407,2022-04-07,2022,2,Q2,4,April,Apr 2022,202204,14,7,Thursday,2022,30,2022-04-30,False,False,False,False
20220408,2022-04-08,2022,2,Q2,4,April,Apr 2022,202204,14,8,Friday,2022,30,2022-04-30,False,False,False,False
20220409,2022-04-09,2022,2,Q2,4,April,Apr 2022,202204,14,9,Saturday,2022,30,2022-04-30,True,False,False,False
20220410,2022-04-10,2022,2,Q2,4,April,Apr 2022,202204,14,10,Sunday,2022,30,2022-04-30,True,False,False,False
20220411,2022-04-11,2022,2,Q2,4,April,Apr 2022,202204,15,11,Monday,2022,30,2022-04-30,False,False,False,False
20220412,2022-04-12,2022,2,Q2,4,April,Apr 2022,202204,15,12,Tuesday,2022,30,2022-04-30,False,False,False,False
20220413,2022-04-13,2022,2,Q2,4,April,Apr 2022,202204,15,13,Wednesday,2022,30,2022-04-30,False,False,False,False
20220414,2022-04-14,2022,2,Q2,4,April,Apr 2022,202204,15,14,Thursday,2022,30,2022-04-30,False,False,False,False
20220415,2022-04-15,2022,2,Q2,4,April,Apr 2022,202204,15,15,Friday,2022,30,2022-04-30,False,False,False,False
20220416,2022-04-16,2022,2,Q2,4,April,Apr 2022,202204,15,16,Saturday,2022,30,2022-04-30,True,False,False,False
20220417,2022-04-17,2022,2,Q2,4,April,Apr 2022,202204,15,17,Sunday,2022,30,2022-04-30,True,False,False,False
20220418,2022-04-18,2022,2,Q2,4,April,Apr 2022,202204,16,18,Monday,2022,30,2022-04-30,False,False,False,False
20220419,2022-04-19,2022,2,Q2,4,April,Apr 2022,202204,16,19,Tuesday,2022,30,2022-04-30,False,False,False,False
20220420,2022-04-20,2022,2,Q2,4,April,Apr 2022,202204,16,20,Wednesday,2022,30,2022-04-30,False,False,False,False
20220421,2022-04-21,2022,2,Q2,4,April,Apr 2022,202204,16,21,Thursday,2022,30,2022-04-30,False,False,False,False
20220422,2022-04-22,2022,2,Q2,4,April,Apr 2022,202204,16,22,Friday,2022,30,2022-04-30,False,False,False,False
20220423,2022-04-23,2022,2,Q2,4,April,Apr 2022,202204,16,23,Saturday,2022,30,2022-04-30,True,False,False,False
20220424,2022-04-24,2022,2,Q2,4,April,Apr 2022,202204,16,24,Sunday,2022,30,2022-04-30,True,False,False,False
20220425,2022-04-25,2022,2,Q2,4,April,Apr 2022,202204,17,25,Monday,2022,30,2022-04-30,False,False,False,False
20220426,2022-04-26,2022,2,Q2,4,April,Apr 2022,202204,17,26,Tuesday,2022,30,2022-04-30,False,False,False,False
20220427,2022-04-27,2022,2,Q2,4,April,Apr 2022,202204,17,27,Wednesday,2022,30,2022-04-30,False,False,False,False
20220428,2022-04-28,2022,2,Q2,4,April,Apr 2022,202204,17,28,Thursday,2022,30,2022-04-30,False,False,False,False
20220429,2022-04-29,2022,2,Q2,4,April,Apr 2022,202204,17,29,Friday,2022,30,2022-04-30,False,False,False,False
20220430,2022-04-30,2022,2,Q2,4,April,Apr 2022,202204,17,30,Saturday,2022,30,2022-04-30,True,False,True,False
20220501,2022-05-01,2022,2,Q2,5,May,May 2022,202205,17,1,Sunday,2022,31,2022-05-31,True,True,False,False
20220502,2022-05-02,2022,2,Q2,5,May,May 2022,202205,18,2,Monday,2022,31,2022-05-31,False,False,False,False
20220503,2022-05-03,2022,2,Q2,5,May,May 2022,202205,18,3,Tuesday,2022,31,2022-05-31,False,False,False,False
20220504,2022-05-04,2022,2,Q2,5,May,May 2022,202205,18,4,Wednesday,2022,31,2022-05-31,False,False,False,False
20220505,2022-05-05,2022,2,Q2,5,May,May 2022,202205,18,5,Thursday,2022,31,2022-05-31,False,False,False,False
20220506,2022-05-06,2022,2,Q2,5,May,May 2022,202205,18,6,Friday,2022,31,2022-05-31,False,False,False,False
20220507,2022-05-07,2022,2,Q2,5,May,May 2022,202205,18,7,Saturday,2022,31,2022-05-31,True,False,False,False
20220508,2022-05-08,2022,2,Q2,5,May,May 2022,202205,18,8,Sunday,2022,31,2022-05-31,True,False,False,False
20220509,2022-05-09,2022,2,Q2,5,May,May 2022,202205,19,9,Monday,2022,31,2022-05-31,False,False,False,False
20220510,2022-05-10,2022,2,Q2,5,May,May 2022,202205,19,10,Tuesday,2022,31,2022-05-31,False,False,False,False
20220511,2022-05-11,2022,2,Q2,5,May,May 2022,202205,19,11,Wednesday,2022,31,2022-05-31,False,False,False,False
20220512,2022-05-12,2022,2,Q2,5,May,May 2022,202205,19,12,Thursday,2022,31,2022-05-31,False,False,False,False
20220513,2022-05-13,2022,2,Q2,5,May,May 2022,202205,19,13,Friday,2022,31,2022-05-31,False,False,False,False
20220514,2022-05-14,2022,2,Q2,5,May,May 2022,202205,19,14,Saturday,2022,31,2022-05-31,True,False,False,False
20220515,2022-05-15,2022,2,Q2,5,May,May 2022,202205,19,15,Sunday,2022,31,2022-05-31,True,False,False,False
20220516,2022-05-16,2022,2,Q2,5,May,May 2022,202205,20,16,Monday,2022,31,2022-05-31,False,False,False,False
20220517,2022-05-17,2022,2,Q2,5,May,May 2022,202205,20,17,Tuesday,2022,31,2022-05-31,False,False,False,False
20220518,2022-05-18,2022,2,Q2,5,May,May 2022,202205,20,18,Wednesday,2022,31,2022-05-31,False,False,False,False
20220519,2022-05-19,2022,2,Q2,5,May,May 2022,202205,20,19,Thursday,2022,31,2022-05-31,False,False,False,False
20220520,2022-05-20,2022,2,Q2,5,May,May 2022,202205,20,20,Friday,2022,31,2022-05-31,False,False,False,False
20220521,2022-05-21,2022,2,Q2,5,May,May 2022,202205,20,21,Saturday,2022,31,2022-05-31,True,False,False,False
20220522,2022-05-22,2022,2,Q2,5,May,May 2022,202205,20,22,Sunday,2022,31,2022-05-31,True,False,False,False
20220523,2022-05-23,2022,2,Q2,5,May,May 2022,202205,21,23,Monday,2022,31,2022-05-31,False,False,False,False
20220524,2022-05-24,2022,2,Q2,5,May,May 2022,202205,21,24,Tuesday,2022,31,2022-05-31,False,False,False,False
20220525,2022-05-25,2022,2,Q2,5,May,May 2022,202205,21,25,Wednesday,2022,31,2022-05-31,False,False,False,False
20220526,2022-05-26,2022,2,Q2,5,May,May 2022,202205,21,26,Thursday,2022,31,2022-05-31,False,False,False,False
20220527,2022-05-27,2022,2,Q2,5,May,May 2022,202205,21,27,Friday,2022,31,2022-05-31,False,False,False,False
20220528,2022-05-28,2022,2,Q2,5,May,May 2022,202205,21,28,Saturday,2022,31,2022-05-31,True,False,False,False
20220529,2022-05-29,2022,2,Q2,5,May,May 2022,202205,21,29,Sunday,2022,31,2022-05-31,True,False,False,False
20220530,2022-05-30,2022,2,Q2,5,May,May 2022,202205,22,30,Monday,2022,31,2022-05-31,False,False,False,False
20220531,2022-05-31,2022,2,Q2,5,May,May 2022,202205,22,31,Tuesday,2022,31,2022-05-31,False,False,True,False
20220601,2022-06-01,2022,2,Q2,6,June,Jun 2022,202206,22,1,Wednesday,2022,30,2022-06-30,False,True,False,False
20220602,2022-06-02,2022,2,Q2,6,June,Jun 2022,202206,22,2,Thursday,2022,30,2022-06-30,False,False,False,False
20220603,2022-06-03,2022,2,Q2,6,June,Jun 2022,202206,22,3,Friday,2022,30,2022-06-30,False,False,False,False
20220604,2022-06-04,2022,2,Q2,6,June,Jun 2022,202206,22,4,Saturday,2022,30,2022-06-30,True,False,False,False
20220605,2022-06-05,2022,2,Q2,6,June,Jun 2022,202206,22,5,Sunday,2022,30,2022-06-30,True,False,False,False
20220606,2022-06-06,2022,2,Q2,6,June,Jun 2022,202206,23,6,Monday,2022,30,2022-06-30,False,False,False,False
20220607,2022-06-07,2022,2,Q2,6,June,Jun 2022,202206,23,7,Tuesday,2022,30,2022-06-30,False,False,False,False
20220608,2022-06-08,2022,2,Q2,6,June,Jun 2022,202206,23,8,Wednesday,2022,30,2022-06-30,False,False,False,False
20220609,2022-06-09,2022,2,Q2,6,June,Jun 2022,202206,23,9,Thursday,2022,30,2022-06-30,False,False,False,False
20220610,2022-06-10,2022,2,Q2,6,June,Jun 2022,202206,23,10,Friday,2022,30,2022-06-30,False,False,False,False
20220611,2022-06-11,2022,2,Q2,6,June,Jun 2022,202206,23,11,Saturday,2022,30,2022-06-30,True,False,False,False
20220612,2022-06-12,2022,2,Q2,6,June,Jun 2022,202206,23,12,Sunday,2022,30,2022-06-30,True,False,False,False
20220613,2022-06-13,2022,2,Q2,6,June,Jun 2022,202206,24,13,Monday,2022,30,2022-06-30,False,False,False,False
20220614,2022-06-14,2022,2,Q2,6,June,Jun 2022,202206,24,14,Tuesday,2022,30,2022-06-30,False,False,False,False
20220615,2022-06-15,2022,2,Q2,6,June,Jun 2022,202206,24,15,Wednesday,2022,30,2022-06-30,False,False,False,False
20220616,2022-06-16,2022,2,Q2,6,June,Jun 2022,202206,24,16,Thursday,2022,30,2022-06-30,False,False,False,False
20220617,2022-06-17,2022,2,Q2,6,June,Jun 2022,202206,24,17,Friday,2022,30,2022-06-30,False,False,False,False
20220618,2022-06-18,2022,2,Q2,6,June,Jun 2022,202206,24,18,Saturday,2022,30,2022-06-30,True,False,False,False
20220619,2022-06-19,2022,2,Q2,6,June,Jun 2022,202206,24,19,Sunday,2022,30,2022-06-30,True,False,False,False
20220620,2022-06-20,2022,2,Q2,6,June,Jun 2022,202206,25,20,Monday,2022,30,2022-06-30,False,False,False,False
20220621,2022-06-21,2022,2,Q2,6,June,Jun 2022,202206,25,21,Tuesday,2022,30,2022-06-30,False,False,False,False
20220622,2022-06-22,2022,2,Q2,6,June,Jun 2022,202206,25,22,Wednesday,2022,30,2022-06-30,False,False,False,False
20220623,2022-06-23,2022,2,Q2,6,June,Jun 2022,202206,25,23,Thursday,2022,30,2022-06-30,False,False,False,False
20220624,2022-06-24,2022,2,Q2,6,June,Jun 2022,202206,25,24,Friday,2022,30,2022-06-30,False,False,False,False
20220625,2022-06-25,2022,2,Q2,6,June,Jun 2022,202206,25,25,Saturday,2022,30,2022-06-30,True,False,False,False
20220626,2022-06-26,2022,2,Q2,6,June,Jun 2022,202206,25,26,Sunday,2022,30,2022-06-30,True,False,False,False
20220627,2022-06-27,2022,2,Q2,6,June,Jun 2022,202206,26,27,Monday,2022,30,2022-06-30,False,False,False,False
20220628,2022-06-28,2022,2,Q2,6,June,Jun 2022,202206,26,28,Tuesday,2022,30,2022-06-30,False,False,False,False
20220629,2022-06-29,2022,2,Q2,6,June,Jun 2022,202206,26,29,Wednesday,2022,30,2022-06-30,False,False,False,False
20220630,2022-06-30,2022,2,Q2,6,June,Jun 2022,202206,26,30,Thursday,2022,30,2022-06-30,False,False,True,False
20220701,2022-07-01,2022,3,Q3,7,July,Jul 2022,202207,26,1,Friday,2022,31,2022-07-31,False,True,False,False
20220702,2022-07-02,2022,3,Q3,7,July,Jul 2022,202207,26,2,Saturday,2022,31,2022-07-31,True,False,False,False
20220703,2022-07-03,2022,3,Q3,7,July,Jul 2022,202207,26,3,Sunday,2022,31,2022-07-31,True,False,False,False
20220704,2022-07-04,2022,3,Q3,7,July,Jul 2022,202207,27,4,Monday,2022,31,2022-07-31,False,False,False,False
20220705,2022-07-05,2022,3,Q3,7,July,Jul 2022,202207,27,5,Tuesday,2022,31,2022-07-31,False,False,False,False
20220706,2022-07-06,2022,3,Q3,7,July,Jul 2022,202207,27,6,Wednesday,2022,31,2022-07-31,False,False,False,False
20220707,2022-07-07,2022,3,Q3,7,July,Jul 2022,202207,27,7,Thursday,2022,31,2022-07-31,False,False,False,False
20220708,2022-07-08,2022,3,Q3,7,July,Jul 2022,202207,27,8,Friday,2022,31,2022-07-31,False,False,False,False
20220709,2022-07-09,2022,3,Q3,7,July,Jul 2022,202207,27,9,Saturday,2022,31,2022-07-31,True,False,False,False
20220710,2022-07-10,2022,3,Q3,7,July,Jul 2022,202207,27,10,Sunday,2022,31,2022-07-31,True,False,False,False
20220711,2022-07-11,2022,3,Q3,7,July,Jul 2022,202207,28,11,Monday,2022,31,2022-07-31,False,False,False,False
20220712,2022-07-12,2022,3,Q3,7,July,Jul 2022,202207,28,12,Tuesday,2022,31,2022-07-31,False,False,False,False
20220713,2022-07-13,2022,3,Q3,7,July,Jul 2022,202207,28,13,Wednesday,2022,31,2022-07-31,False,False,False,False
20220714,2022-07-14,2022,3,Q3,7,July,Jul 2022,202207,28,14,Thursday,2022,31,2022-07-31,False,False,False,False
20220715,2022-07-15,2022,3,Q3,7,July,Jul 2022,202207,28,15,Friday,2022,31,2022-07-31,False,False,False,False
20220716,2022-07-16,2022,3,Q3,7,July,Jul 2022,202207,28,16,Saturday,2022,31,2022-07-31,True,False,False,False
20220717,2022-07-17,2022,3,Q3,7,July,Jul 2022,202207,28,17,Sunday,2022,31,2022-07-31,True,False,False,False
20220718,2022-07-18,2022,3,Q3,7,July,Jul 2022,202207,29,18,Monday,2022,31,2022-07-31,False,False,False,False
20220719,2022-07-19,2022,3,Q3,7,July,Jul 2022,202207,29,19,Tuesday,2022,31,2022-07-31,False,False,False,False
20220720,2022-07-20,2022,3,Q3,7,July,Jul 2022,202207,29,20,Wednesday,2022,31,2022-07-31,False,False,False,False
20220721,2022-07-21,2022,3,Q3,7,July,Jul 2022,202207,29,21,Thursday,2022,31,2022-07-31,False,False,False,False
20220722,2022-07-22,2022,3,Q3,7,July,Jul 2022,202207,29,22,Friday,2022,31,2022-07-31,False,False,False,False
20220723,2022-07-23,2022,3,Q3,7,July,Jul 2022,202207,29,23,Saturday,2022,31,2022-07-31,True,False,False,False
20220724,2022-07-24,2022,3,Q3,7,July,Jul 2022,202207,29,24,Sunday,2022,31,2022-07-31,True,False,False,False
20220725,2022-07-25,2022,3,Q3,7,July,Jul 2022,202207,30,25,Monday,2022,31,2022-07-31,False,False,False,False
20220726,2022-07-26,2022,3,Q3,7,July,Jul 2022,202207,30,26,Tuesday,2022,31,2022-07-31,False,False,False,False
20220727,2022-07-27,2022,3,Q3,7,July,Jul 2022,202207,30,27,Wednesday,2022,31,2022-07-31,False,False,False,False
20220728,2022-07-28,2022,3,Q3,7,July,Jul 2022,202207,30,28,Thursday,2022,31,2022-07-31,False,False,False,False
20220729,2022-07-29,2022,3,Q3,7,July,Jul 2022,202207,30,29,Friday,2022,31,2022-07-31,False,False,False,False
20220730,2022-07-30,2022,3,Q3,7,July,Jul 2022,202207,30,30,Saturday,2022,31,2022-07-31,True,False,False,False
20220731,2022-07-31,2022,3,Q3,7,July,Jul 2022,202207,30,31,Sunday,2022,31,2022-07-31,True,False,True,False
20220801,2022-08-01,2022,3,Q3,8,August,Aug 2022,202208,31,1,Monday,2022,31,2022-08-31,False,True,False,False
20220802,2022-08-02,2022,3,Q3,8,August,Aug 2022,202208,31,2,Tuesday,2022,31,2022-08-31,False,False,False,False
20220803,2022-08-03,2022,3,Q3,8,August,Aug 2022,202208,31,3,Wednesday,2022,31,2022-08-31,False,False,False,False
20220804,2022-08-04,2022,3,Q3,8,August,Aug 2022,202208,31,4,Thursday,2022,31,2022-08-31,False,False,False,False
20220805,2022-08-05,2022,3,Q3,8,August,Aug 2022,202208,31,5,Friday,2022,31,2022-08-31,False,False,False,False
20220806,2022-08-06,2022,3,Q3,8,August,Aug 2022,202208,31,6,Saturday,2022,31,2022-08-31,True,False,False,False
20220807,2022-08-07,2022,3,Q3,8,August,Aug 2022,202208,31,7,Sunday,2022,31,2022-08-31,True,False,False,False
20220808,2022-08-08,2022,3,Q3,8,August,Aug 2022,202208,32,8,Monday,2022,31,2022-08-31,False,False,False,False
20220809,2022-08-09,2022,3,Q3,8,August,Aug 2022,202208,32,9,Tuesday,2022,31,2022-08-31,False,False,False,False
20220810,2022-08-10,2022,3,Q3,8,August,Aug 2022,202208,32,10,Wednesday,2022,31,2022-08-31,False,False,False,False
20220811,2022-08-11,2022,3,Q3,8,August,Aug 2022,202208,32,11,Thursday,2022,31,2022-08-31,False,False,False,False
20220812,2022-08-12,2022,3,Q3,8,August,Aug 2022,202208,32,12,Friday,2022,31,2022-08-31,False,False,False,False
20220813,2022-08-13,2022,3,Q3,8,August,Aug 2022,202208,32,13,Saturday,2022,31,2022-08-31,True,False,False,False
20220814,2022-08-14,2022,3,Q3,8,August,Aug 2022,202208,32,14,Sunday,2022,31,2022-08-31,True,False,False,False
20220815,2022-08-15,2022,3,Q3,8,August,Aug 2022,202208,33,15,Monday,2022,31,2022-08-31,False,False,False,False
20220816,2022-08-16,2022,3,Q3,8,August,Aug 2022,202208,33,16,Tuesday,2022,31,2022-08-31,False,False,False,False
20220817,2022-08-17,2022,3,Q3,8,August,Aug 2022,202208,33,17,Wednesday,2022,31,2022-08-31,False,False,False,False
20220818,2022-08-18,2022,3,Q3,8,August,Aug 2022,202208,33,18,Thursday,2022,31,2022-08-31,False,False,False,False
20220819,2022-08-19,2022,3,Q3,8,August,Aug 2022,202208,33,19,Friday,2022,31,2022-08-31,False,False,False,False
20220820,2022-08-20,2022,3,Q3,8,August,Aug 2022,202208,33,20,Saturday,2022,31,2022-08-31,True,False,False,False
20220821,2022-08-21,2022,3,Q3,8,August,Aug 2022,202208,33,21,Sunday,2022,31,2022-08-31,True,False,False,False
20220822,2022-08-22,2022,3,Q3,8,August,Aug 2022,202208,34,22,Monday,2022,31,2022-08-31,False,False,False,False
20220823,2022-08-23,2022,3,Q3,8,August,Aug 2022,202208,34,23,Tuesday,2022,31,2022-08-31,False,False,False,False
20220824,2022-08-24,2022,3,Q3,8,August,Aug 2022,202208,34,24,Wednesday,2022,31,2022-08-31,False,False,False,False
20220825,2022-08-25,2022,3,Q3,8,August,Aug 2022,202208,34,25,Thursday,2022,31,2022-08-31,False,False,False,False
20220826,2022-08-26,2022,3,Q3,8,August,Aug 2022,202208,34,26,Friday,2022,31,2022-08-31,False,False,False,False
20220827,2022-08-27,2022,3,Q3,8,August,Aug 2022,202208,34,27,Saturday,2022,31,2022-08-31,True,False,False,False
20220828,2022-08-28,2022,3,Q3,8,August,Aug 2022,202208,34,28,Sunday,2022,31,2022-08-31,True,False,False,False
20220829,2022-08-29,2022,3,Q3,8,August,Aug 2022,202208,35,29,Monday,2022,31,2022-08-31,False,False,False,False
20220830,2022-08-30,2022,3,Q3,8,August,Aug 2022,202208,35,30,Tuesday,2022,31,2022-08-31,False,False,False,False
20220831,2022-08-31,2022,3,Q3,8,August,Aug 2022,202208,35,31,Wednesday,2022,31,2022-08-31,False,False,True,False
20220901,2022-09-01,2022,3,Q3,9,September,Sep 2022,202209,35,1,Thursday,2022,30,2022-09-30,False,True,False,False
20220902,2022-09-02,2022,3,Q3,9,September,Sep 2022,202209,35,2,Friday,2022,30,2022-09-30,False,False,False,False
20220903,2022-09-03,2022,3,Q3,9,September,Sep 2022,202209,35,3,Saturday,2022,30,2022-09-30,True,False,False,False
20220904,2022-09-04,2022,3,Q3,9,September,Sep 2022,202209,35,4,Sunday,2022,30,2022-09-30,True,False,False,False
20220905,2022-09-05,2022,3,Q3,9,September,Sep 2022,202209,36,5,Monday,2022,30,2022-09-30,False,False,False,False
20220906,2022-09-06,2022,3,Q3,9,September,Sep 2022,202209,36,6,Tuesday,2022,30,2022-09-30,False,False,False,False
20220907,2022-09-07,2022,3,Q3,9,September,Sep 2022,202209,36,7,Wednesday,2022,30,2022-09-30,False,False,False,False
20220908,2022-09-08,2022,3,Q3,9,September,Sep 2022,202209,36,8,Thursday,2022,30,2022-09-30,False,False,False,False
20220909,2022-09-09,2022,3,Q3,9,September,Sep 2022,202209,36,9,Friday,2022,30,2022-09-30,False,False,False,False
20220910,2022-09-10,2022,3,Q3,9,September,Sep 2022,202209,36,10,Saturday,2022,30,2022-09-30,True,False,False,False
20220911,2022-09-11,2022,3,Q3,9,September,Sep 2022,202209,36,11,Sunday,2022,30,2022-09-30,True,False,False,False
20220912,2022-09-12,2022,3,Q3,9,September,Sep 2022,202209,37,12,Monday,2022,30,2022-09-30,False,False,False,False
20220913,2022-09-13,2022,3,Q3,9,September,Sep 2022,202209,37,13,Tuesday,2022,30,2022-09-30,False,False,False,False
20220914,2022-09-14,2022,3,Q3,9,September,Sep 2022,202209,37,14,Wednesday,2022,30,2022-09-30,False,False,False,False
20220915,2022-09-15,2022,3,Q3,9,September,Sep 2022,202209,37,15,Thursday,2022,30,2022-09-30,False,False,False,False
20220916,2022-09-16,2022,3,Q3,9,September,Sep 2022,202209,37,16,Friday,2022,30,2022-09-30,False,False,False,False
20220917,2022-09-17,2022,3,Q3,9,September,Sep 2022,202209,37,17,Saturday,2022,30,2022-09-30,True,False,False,False
20220918,2022-09-18,2022,3,Q3,9,September,Sep 2022,202209,37,18,Sunday,2022,30,2022-09-30,True,False,False,False
20220919,2022-09-19,2022,3,Q3,9,September,Sep 2022,202209,38,19,Monday,2022,30,2022-09-30,False,False,False,False
20220920,2022-09-20,2022,3,Q3,9,September,Sep 2022,202209,38,20,Tuesday,2022,30,2022-09-30,False,False,False,False
20220921,2022-09-21,2022,3,Q3,9,September,Sep 2022,202209,38,21,Wednesday,2022,30,2022-09-30,False,False,False,False
20220922,2022-09-22,2022,3,Q3,9,September,Sep 2022,202209,38,22,Thursday,2022,30,2022-09-30,False,False,False,False
20220923,2022-09-23,2022,3,Q3,9,September,Sep 2022,202209,38,23,Friday,2022,30,2022-09-30,False,False,False,False
20220924,2022-09-24,2022,3,Q3,9,September,Sep 2022,202209,38,24,Saturday,2022,30,2022-09-30,True,False,False,False
20220925,2022-09-25,2022,3,Q3,9,September,Sep 2022,202209,38,25,Sunday,2022,30,2022-09-30,True,False,False,False
20220926,2022-09-26,2022,3,Q3,9,September,Sep 2022,202209,39,26,Monday,2022,30,2022-09-30,False,False,False,False
20220927,2022-09-27,2022,3,Q3,9,September,Sep 2022,202209,39,27,Tuesday,2022,30,2022-09-30,False,False,False,False
20220928,2022-09-28,2022,3,Q3,9,September,Sep 2022,202209,39,28,Wednesday,2022,30,2022-09-30,False,False,False,False
20220929,2022-09-29,2022,3,Q3,9,September,Sep 2022,202209,39,29,Thursday,2022,30,2022-09-30,False,False,False,False
20220930,2022-09-30,2022,3,Q3,9,September,Sep 2022,202209,39,30,Friday,2022,30,2022-09-30,False,False,True,False
20221001,2022-10-01,2022,4,Q4,10,October,Oct 2022,202210,39,1,Saturday,2022,31,2022-10-31,True,True,False,False
20221002,2022-10-02,2022,4,Q4,10,October,Oct 2022,202210,39,2,Sunday,2022,31,2022-10-31,True,False,False,False
20221003,2022-10-03,2022,4,Q4,10,October,Oct 2022,202210,40,3,Monday,2022,31,2022-10-31,False,False,False,False
20221004,2022-10-04,2022,4,Q4,10,October,Oct 2022,202210,40,4,Tuesday,2022,31,2022-10-31,False,False,False,False
20221005,2022-10-05,2022,4,Q4,10,October,Oct 2022,202210,40,5,Wednesday,2022,31,2022-10-31,False,False,False,False
20221006,2022-10-06,2022,4,Q4,10,October,Oct 2022,202210,40,6,Thursday,2022,31,2022-10-31,False,False,False,False
20221007,2022-10-07,2022,4,Q4,10,October,Oct 2022,202210,40,7,Friday,2022,31,2022-10-31,False,False,False,False
20221008,2022-10-08,2022,4,Q4,10,October,Oct 2022,202210,40,8,Saturday,2022,31,2022-10-31,True,False,False,False
20221009,2022-10-09,2022,4,Q4,10,October,Oct 2022,202210,40,9,Sunday,2022,31,2022-10-31,True,False,False,False
20221010,2022-10-10,2022,4,Q4,10,October,Oct 2022,202210,41,10,Monday,2022,31,2022-10-31,False,False,False,False
20221011,2022-10-11,2022,4,Q4,10,October,Oct 2022,202210,41,11,Tuesday,2022,31,2022-10-31,False,False,False,False
20221012,2022-10-12,2022,4,Q4,10,October,Oct 2022,202210,41,12,Wednesday,2022,31,2022-10-31,False,False,False,False
20221013,2022-10-13,2022,4,Q4,10,October,Oct 2022,202210,41,13,Thursday,2022,31,2022-10-31,False,False,False,False
20221014,2022-10-14,2022,4,Q4,10,October,Oct 2022,202210,41,14,Friday,2022,31,2022-10-31,False,False,False,False
20221015,2022-10-15,2022,4,Q4,10,October,Oct 2022,202210,41,15,Saturday,2022,31,2022-10-31,True,False,False,False
20221016,2022-10-16,2022,4,Q4,10,October,Oct 2022,202210,41,16,Sunday,2022,31,2022-10-31,True,False,False,False
20221017,2022-10-17,2022,4,Q4,10,October,Oct 2022,202210,42,17,Monday,2022,31,2022-10-31,False,False,False,False
20221018,2022-10-18,2022,4,Q4,10,October,Oct 2022,202210,42,18,Tuesday,2022,31,2022-10-31,False,False,False,False
20221019,2022-10-19,2022,4,Q4,10,October,Oct 2022,202210,42,19,Wednesday,2022,31,2022-10-31,False,False,False,False
20221020,2022-10-20,2022,4,Q4,10,October,Oct 2022,202210,42,20,Thursday,2022,31,2022-10-31,False,False,False,False
20221021,2022-10-21,2022,4,Q4,10,October,Oct 2022,202210,42,21,Friday,2022,31,2022-10-31,False,False,False,False
20221022,2022-10-22,2022,4,Q4,10,October,Oct 2022,202210,42,22,Saturday,2022,31,2022-10-31,True,False,False,False
20221023,2022-10-23,2022,4,Q4,10,October,Oct 2022,202210,42,23,Sunday,2022,31,2022-10-31,True,False,False,False
20221024,2022-10-24,2022,4,Q4,10,October,Oct 2022,202210,43,24,Monday,2022,31,2022-10-31,False,False,False,False
20221025,2022-10-25,2022,4,Q4,10,October,Oct 2022,202210,43,25,Tuesday,2022,31,2022-10-31,False,False,False,False
20221026,2022-10-26,2022,4,Q4,10,October,Oct 2022,202210,43,26,Wednesday,2022,31,2022-10-31,False,False,False,False
20221027,2022-10-27,2022,4,Q4,10,October,Oct 2022,202210,43,27,Thursday,2022,31,2022-10-31,False,False,False,False
20221028,2022-10-28,2022,4,Q4,10,October,Oct 2022,202210,43,28,Friday,2022,31,2022-10-31,False,False,False,False
20221029,2022-10-29,2022,4,Q4,10,October,Oct 2022,202210,43,29,Saturday,2022,31,2022-10-31,True,False,False,False
20221030,2022-10-30,2022,4,Q4,10,October,Oct 2022,202210,43,30,Sunday,2022,31,2022-10-31,True,False,False,False
20221031,2022-10-31,2022,4,Q4,10,October,Oct 2022,202210,44,31,Monday,2022,31,2022-10-31,False,False,True,False
20221101,2022-11-01,2022,4,Q4,11,November,Nov 2022,202211,44,1,Tuesday,2022,30,2022-11-30,False,True,False,False
20221102,2022-11-02,2022,4,Q4,11,November,Nov 2022,202211,44,2,Wednesday,2022,30,2022-11-30,False,False,False,False
20221103,2022-11-03,2022,4,Q4,11,November,Nov 2022,202211,44,3,Thursday,2022,30,2022-11-30,False,False,False,False
20221104,2022-11-04,2022,4,Q4,11,November,Nov 2022,202211,44,4,Friday,2022,30,2022-11-30,False,False,False,False
20221105,2022-11-05,2022,4,Q4,11,November,Nov 2022,202211,44,5,Saturday,2022,30,2022-11-30,True,False,False,False
20221106,2022-11-06,2022,4,Q4,11,November,Nov 2022,202211,44,6,Sunday,2022,30,2022-11-30,True,False,False,False
20221107,2022-11-07,2022,4,Q4,11,November,Nov 2022,202211,45,7,Monday,2022,30,2022-11-30,False,False,False,False
20221108,2022-11-08,2022,4,Q4,11,November,Nov 2022,202211,45,8,Tuesday,2022,30,2022-11-30,False,False,False,False
20221109,2022-11-09,2022,4,Q4,11,November,Nov 2022,202211,45,9,Wednesday,2022,30,2022-11-30,False,False,False,False
20221110,2022-11-10,2022,4,Q4,11,November,Nov 2022,202211,45,10,Thursday,2022,30,2022-11-30,False,False,False,False
20221111,2022-11-11,2022,4,Q4,11,November,Nov 2022,202211,45,11,Friday,2022,30,2022-11-30,False,False,False,False
20221112,2022-11-12,2022,4,Q4,11,November,Nov 2022,202211,45,12,Saturday,2022,30,2022-11-30,True,False,False,False
20221113,2022-11-13,2022,4,Q4,11,November,Nov 2022,202211,45,13,Sunday,2022,30,2022-11-30,True,False,False,False
20221114,2022-11-14,2022,4,Q4,11,November,Nov 2022,202211,46,14,Monday,2022,30,2022-11-30,False,False,False,False
20221115,2022-11-15,2022,4,Q4,11,November,Nov 2022,202211,46,15,Tuesday,2022,30,2022-11-30,False,False,False,False
20221116,2022-11-16,2022,4,Q4,11,November,Nov 2022,202211,46,16,Wednesday,2022,30,2022-11-30,False,False,False,False
20221117,2022-11-17,2022,4,Q4,11,November,Nov 2022,202211,46,17,Thursday,2022,30,2022-11-30,False,False,False,False
20221118,2022-11-18,2022,4,Q4,11,November,Nov 2022,202211,46,18,Friday,2022,30,2022-11-30,False,False,False,False
20221119,2022-11-19,2022,4,Q4,11,November,Nov 2022,202211,46,19,Saturday,2022,30,2022-11-30,True,False,False,False
20221120,2022-11-20,2022,4,Q4,11,November,Nov 2022,202211,46,20,Sunday,2022,30,2022-11-30,True,False,False,False
20221121,2022-11-21,2022,4,Q4,11,November,Nov 2022,202211,47,21,Monday,2022,30,2022-11-30,False,False,False,False
20221122,2022-11-22,2022,4,Q4,11,November,Nov 2022,202211,47,22,Tuesday,2022,30,2022-11-30,False,False,False,False
20221123,2022-11-23,2022,4,Q4,11,November,Nov 2022,202211,47,23,Wednesday,2022,30,2022-11-30,False,False,False,False
20221124,2022-11-24,2022,4,Q4,11,November,Nov 2022,202211,47,24,Thursday,2022,30,2022-11-30,False,False,False,False
20221125,2022-11-25,2022,4,Q4,11,November,Nov 2022,202211,47,25,Friday,2022,30,2022-11-30,False,False,False,False
20221126,2022-11-26,2022,4,Q4,11,November,Nov 2022,202211,47,26,Saturday,2022,30,2022-11-30,True,False,False,False
20221127,2022-11-27,2022,4,Q4,11,November,Nov 2022,202211,47,27,Sunday,2022,30,2022-11-30,True,False,False,False
20221128,2022-11-28,2022,4,Q4,11,November,Nov 2022,202211,48,28,Monday,2022,30,2022-11-30,False,False,False,False
20221129,2022-11-29,2022,4,Q4,11,November,Nov 2022,202211,48,29,Tuesday,2022,30,2022-11-30,False,False,False,False
20221130,2022-11-30,2022,4,Q4,11,November,Nov 2022,202211,48,30,Wednesday,2022,30,2022-11-30,False,False,True,False
20221201,2022-12-01,2022,4,Q4,12,December,Dec 2022,202212,48,1,Thursday,2022,31,2022-12-31,False,True,False,False
20221202,2022-12-02,2022,4,Q4,12,December,Dec 2022,202212,48,2,Friday,2022,31,2022-12-31,False,False,False,False
20221203,2022-12-03,2022,4,Q4,12,December,Dec 2022,202212,48,3,Saturday,2022,31,2022-12-31,True,False,False,False
20221204,2022-12-04,2022,4,Q4,12,December,Dec 2022,202212,48,4,Sunday,2022,31,2022-12-31,True,False,False,False
20221205,2022-12-05,2022,4,Q4,12,December,Dec 2022,202212,49,5,Monday,2022,31,2022-12-31,False,False,False,False
20221206,2022-12-06,2022,4,Q4,12,December,Dec 2022,202212,49,6,Tuesday,2022,31,2022-12-31,False,False,False,False
20221207,2022-12-07,2022,4,Q4,12,December,Dec 2022,202212,49,7,Wednesday,2022,31,2022-12-31,False,False,False,False
20221208,2022-12-08,2022,4,Q4,12,December,Dec 2022,202212,49,8,Thursday,2022,31,2022-12-31,False,False,False,False
20221209,2022-12-09,2022,4,Q4,12,December,Dec 2022,202212,49,9,Friday,2022,31,2022-12-31,False,False,False,False
20221210,2022-12-10,2022,4,Q4,12,December,Dec 2022,202212,49,10,Saturday,2022,31,2022-12-31,True,False,False,False
20221211,2022-12-11,2022,4,Q4,12,December,Dec 2022,202212,49,11,Sunday,2022,31,2022-12-31,True,False,False,False
20221212,2022-12-12,2022,4,Q4,12,December,Dec 2022,202212,50,12,Monday,2022,31,2022-12-31,False,False,False,False
20221213,2022-12-13,2022,4,Q4,12,December,Dec 2022,202212,50,13,Tuesday,2022,31,2022-12-31,False,False,False,False
20221214,2022-12-14,2022,4,Q4,12,December,Dec 2022,202212,50,14,Wednesday,2022,31,2022-12-31,False,False,False,False
20221215,2022-12-15,2022,4,Q4,12,December,Dec 2022,202212,50,15,Thursday,2022,31,2022-12-31,False,False,False,False
20221216,2022-12-16,2022,4,Q4,12,December,Dec 2022,202212,50,16,Friday,2022,31,2022-12-31,False,False,False,False
20221217,2022-12-17,2022,4,Q4,12,December,Dec 2022,202212,50,17,Saturday,2022,31,2022-12-31,True,False,False,False
20221218,2022-12-18,2022,4,Q4,12,December,Dec 2022,202212,50,18,Sunday,2022,31,2022-12-31,True,False,False,False
20221219,2022-12-19,2022,4,Q4,12,December,Dec 2022,202212,51,19,Monday,2022,31,2022-12-31,False,False,False,False
20221220,2022-12-20,2022,4,Q4,12,December,Dec 2022,202212,51,20,Tuesday,2022,31,2022-12-31,False,False,False,False
20221221,2022-12-21,2022,4,Q4,12,December,Dec 2022,202212,51,21,Wednesday,2022,31,2022-12-31,False,False,False,False
20221222,2022-12-22,2022,4,Q4,12,December,Dec 2022,202212,51,22,Thursday,2022,31,2022-12-31,False,False,False,False
20221223,2022-12-23,2022,4,Q4,12,December,Dec 2022,202212,51,23,Friday,2022,31,2022-12-31,False,False,False,False
20221224,2022-12-24,2022,4,Q4,12,December,Dec 2022,202212,51,24,Saturday,2022,31,2022-12-31,True,False,False,False
20221225,2022-12-25,2022,4,Q4,12,December,Dec 2022,202212,51,25,Sunday,2022,31,2022-12-31,True,False,False,False
20221226,2022-12-26,2022,4,Q4,12,December,Dec 2022,202212,52,26,Monday,2022,31,2022-12-31,False,False,False,False
20221227,2022-12-27,2022,4,Q4,12,December,Dec 2022,202212,52,27,Tuesday,2022,31,2022-12-31,False,False,False,False
20221228,2022-12-28,2022,4,Q4,12,December,Dec 2022,202212,52,28,Wednesday,2022,31,2022-12-31,False,False,False,False
20221229,2022-12-29,2022,4,Q4,12,December,Dec 2022,202212,52,29,Thursday,2022,31,2022-12-31,False,False,False,False
20221230,2022-12-30,2022,4,Q4,12,December,Dec 2022,202212,52,30,Friday,2022,31,2022-12-31,False,False,False,False
20221231,2022-12-31,2022,4,Q4,12,December,Dec 2022,202212,52,31,Saturday,2022,31,2022-12-31,True,False,True,False
20230101,2023-01-01,2023,1,Q1,1,January,Jan 2023,202301,52,1,Sunday,2023,31,2023-01-31,True,True,False,False
20230102,2023-01-02,2023,1,Q1,1,January,Jan 2023,202301,1,2,Monday,2023,31,2023-01-31,False,False,False,False
20230103,2023-01-03,2023,1,Q1,1,January,Jan 2023,202301,1,3,Tuesday,2023,31,2023-01-31,False,False,False,False
20230104,2023-01-04,2023,1,Q1,1,January,Jan 2023,202301,1,4,Wednesday,2023,31,2023-01-31,False,False,False,False
20230105,2023-01-05,2023,1,Q1,1,January,Jan 2023,202301,1,5,Thursday,2023,31,2023-01-31,False,False,False,False
20230106,2023-01-06,2023,1,Q1,1,January,Jan 2023,202301,1,6,Friday,2023,31,2023-01-31,False,False,False,False
20230107,2023-01-07,2023,1,Q1,1,January,Jan 2023,202301,1,7,Saturday,2023,31,2023-01-31,True,False,False,False
20230108,2023-01-08,2023,1,Q1,1,January,Jan 2023,202301,1,8,Sunday,2023,31,2023-01-31,True,False,False,False
20230109,2023-01-09,2023,1,Q1,1,January,Jan 2023,202301,2,9,Monday,2023,31,2023-01-31,False,False,False,False
20230110,2023-01-10,2023,1,Q1,1,January,Jan 2023,202301,2,10,Tuesday,2023,31,2023-01-31,False,False,False,False
20230111,2023-01-11,2023,1,Q1,1,January,Jan 2023,202301,2,11,Wednesday,2023,31,2023-01-31,False,False,False,False
20230112,2023-01-12,2023,1,Q1,1,January,Jan 2023,202301,2,12,Thursday,2023,31,2023-01-31,False,False,False,False
20230113,2023-01-13,2023,1,Q1,1,January,Jan 2023,202301,2,13,Friday,2023,31,2023-01-31,False,False,False,False
20230114,2023-01-14,2023,1,Q1,1,January,Jan 2023,202301,2,14,Saturday,2023,31,2023-01-31,True,False,False,False
20230115,2023-01-15,2023,1,Q1,1,January,Jan 2023,202301,2,15,Sunday,2023,31,2023-01-31,True,False,False,False
20230116,2023-01-16,2023,1,Q1,1,January,Jan 2023,202301,3,16,Monday,2023,31,2023-01-31,False,False,False,False
20230117,2023-01-17,2023,1,Q1,1,January,Jan 2023,202301,3,17,Tuesday,2023,31,2023-01-31,False,False,False,False
20230118,2023-01-18,2023,1,Q1,1,January,Jan 2023,202301,3,18,Wednesday,2023,31,2023-01-31,False,False,False,False
20230119,2023-01-19,2023,1,Q1,1,January,Jan 2023,202301,3,19,Thursday,2023,31,2023-01-31,False,False,False,False
20230120,2023-01-20,2023,1,Q1,1,January,Jan 2023,202301,3,20,Friday,2023,31,2023-01-31,False,False,False,False
20230121,2023-01-21,2023,1,Q1,1,January,Jan 2023,202301,3,21,Saturday,2023,31,2023-01-31,True,False,False,False
20230122,2023-01-22,2023,1,Q1,1,January,Jan 2023,202301,3,22,Sunday,2023,31,2023-01-31,True,False,False,False
20230123,2023-01-23,2023,1,Q1,1,January,Jan 2023,202301,4,23,Monday,2023,31,2023-01-31,False,False,False,False
20230124,2023-01-24,2023,1,Q1,1,January,Jan 2023,202301,4,24,Tuesday,2023,31,2023-01-31,False,False,False,False
20230125,2023-01-25,2023,1,Q1,1,January,Jan 2023,202301,4,25,Wednesday,2023,31,2023-01-31,False,False,False,False
20230126,2023-01-26,2023,1,Q1,1,January,Jan 2023,202301,4,26,Thursday,2023,31,2023-01-31,False,False,False,False
20230127,2023-01-27,2023,1,Q1,1,January,Jan 2023,202301,4,27,Friday,2023,31,2023-01-31,False,False,False,False
20230128,2023-01-28,2023,1,Q1,1,January,Jan 2023,202301,4,28,Saturday,2023,31,2023-01-31,True,False,False,False
20230129,2023-01-29,2023,1,Q1,1,January,Jan 2023,202301,4,29,Sunday,2023,31,2023-01-31,True,False,False,False
20230130,2023-01-30,2023,1,Q1,1,January,Jan 2023,202301,5,30,Monday,2023,31,2023-01-31,False,False,False,False
20230131,2023-01-31,2023,1,Q1,1,January,Jan 2023,202301,5,31,Tuesday,2023,31,2023-01-31,False,False,True,False
20230201,2023-02-01,2023,1,Q1,2,February,Feb 2023,202302,5,1,Wednesday,2023,28,2023-02-28,False,True,False,False
20230202,2023-02-02,2023,1,Q1,2,February,Feb 2023,202302,5,2,Thursday,2023,28,2023-02-28,False,False,False,False
20230203,2023-02-03,2023,1,Q1,2,February,Feb 2023,202302,5,3,Friday,2023,28,2023-02-28,False,False,False,False
20230204,2023-02-04,2023,1,Q1,2,February,Feb 2023,202302,5,4,Saturday,2023,28,2023-02-28,True,False,False,False
20230205,2023-02-05,2023,1,Q1,2,February,Feb 2023,202302,5,5,Sunday,2023,28,2023-02-28,True,False,False,False
20230206,2023-02-06,2023,1,Q1,2,February,Feb 2023,202302,6,6,Monday,2023,28,2023-02-28,False,False,False,False
20230207,2023-02-07,2023,1,Q1,2,February,Feb 2023,202302,6,7,Tuesday,2023,28,2023-02-28,False,False,False,False
20230208,2023-02-08,2023,1,Q1,2,February,Feb 2023,202302,6,8,Wednesday,2023,28,2023-02-28,False,False,False,False
20230209,2023-02-09,2023,1,Q1,2,February,Feb 2023,202302,6,9,Thursday,2023,28,2023-02-28,False,False,False,False
20230210,2023-02-10,2023,1,Q1,2,February,Feb 2023,202302,6,10,Friday,2023,28,2023-02-28,False,False,False,False
20230211,2023-02-11,2023,1,Q1,2,February,Feb 2023,202302,6,11,Saturday,2023,28,2023-02-28,True,False,False,False
20230212,2023-02-12,2023,1,Q1,2,February,Feb 2023,202302,6,12,Sunday,2023,28,2023-02-28,True,False,False,False
20230213,2023-02-13,2023,1,Q1,2,February,Feb 2023,202302,7,13,Monday,2023,28,2023-02-28,False,False,False,False
20230214,2023-02-14,2023,1,Q1,2,February,Feb 2023,202302,7,14,Tuesday,2023,28,2023-02-28,False,False,False,False
20230215,2023-02-15,2023,1,Q1,2,February,Feb 2023,202302,7,15,Wednesday,2023,28,2023-02-28,False,False,False,False
20230216,2023-02-16,2023,1,Q1,2,February,Feb 2023,202302,7,16,Thursday,2023,28,2023-02-28,False,False,False,False
20230217,2023-02-17,2023,1,Q1,2,February,Feb 2023,202302,7,17,Friday,2023,28,2023-02-28,False,False,False,False
20230218,2023-02-18,2023,1,Q1,2,February,Feb 2023,202302,7,18,Saturday,2023,28,2023-02-28,True,False,False,False
20230219,2023-02-19,2023,1,Q1,2,February,Feb 2023,202302,7,19,Sunday,2023,28,2023-02-28,True,False,False,False
20230220,2023-02-20,2023,1,Q1,2,February,Feb 2023,202302,8,20,Monday,2023,28,2023-02-28,False,False,False,False
20230221,2023-02-21,2023,1,Q1,2,February,Feb 2023,202302,8,21,Tuesday,2023,28,2023-02-28,False,False,False,False
20230222,2023-02-22,2023,1,Q1,2,February,Feb 2023,202302,8,22,Wednesday,2023,28,2023-02-28,False,False,False,False
20230223,2023-02-23,2023,1,Q1,2,February,Feb 2023,202302,8,23,Thursday,2023,28,2023-02-28,False,False,False,False
20230224,2023-02-24,2023,1,Q1,2,February,Feb 2023,202302,8,24,Friday,2023,28,2023-02-28,False,False,False,False
20230225,2023-02-25,2023,1,Q1,2,February,Feb 2023,202302,8,25,Saturday,2023,28,2023-02-28,True,False,False,False
20230226,2023-02-26,2023,1,Q1,2,February,Feb 2023,202302,8,26,Sunday,2023,28,2023-02-28,True,False,False,False
20230227,2023-02-27,2023,1,Q1,2,February,Feb 2023,202302,9,27,Monday,2023,28,2023-02-28,False,False,False,False
20230228,2023-02-28,2023,1,Q1,2,February,Feb 2023,202302,9,28,Tuesday,2023,28,2023-02-28,False,False,True,False
20230301,2023-03-01,2023,1,Q1,3,March,Mar 2023,202303,9,1,Wednesday,2023,31,2023-03-31,False,True,False,False
20230302,2023-03-02,2023,1,Q1,3,March,Mar 2023,202303,9,2,Thursday,2023,31,2023-03-31,False,False,False,False
20230303,2023-03-03,2023,1,Q1,3,March,Mar 2023,202303,9,3,Friday,2023,31,2023-03-31,False,False,False,False
20230304,2023-03-04,2023,1,Q1,3,March,Mar 2023,202303,9,4,Saturday,2023,31,2023-03-31,True,False,False,False
20230305,2023-03-05,2023,1,Q1,3,March,Mar 2023,202303,9,5,Sunday,2023,31,2023-03-31,True,False,False,False
20230306,2023-03-06,2023,1,Q1,3,March,Mar 2023,202303,10,6,Monday,2023,31,2023-03-31,False,False,False,False
20230307,2023-03-07,2023,1,Q1,3,March,Mar 2023,202303,10,7,Tuesday,2023,31,2023-03-31,False,False,False,False
20230308,2023-03-08,2023,1,Q1,3,March,Mar 2023,202303,10,8,Wednesday,2023,31,2023-03-31,False,False,False,False
20230309,2023-03-09,2023,1,Q1,3,March,Mar 2023,202303,10,9,Thursday,2023,31,2023-03-31,False,False,False,False
20230310,2023-03-10,2023,1,Q1,3,March,Mar 2023,202303,10,10,Friday,2023,31,2023-03-31,False,False,False,False
20230311,2023-03-11,2023,1,Q1,3,March,Mar 2023,202303,10,11,Saturday,2023,31,2023-03-31,True,False,False,False
20230312,2023-03-12,2023,1,Q1,3,March,Mar 2023,202303,10,12,Sunday,2023,31,2023-03-31,True,False,False,False
20230313,2023-03-13,2023,1,Q1,3,March,Mar 2023,202303,11,13,Monday,2023,31,2023-03-31,False,False,False,False
20230314,2023-03-14,2023,1,Q1,3,March,Mar 2023,202303,11,14,Tuesday,2023,31,2023-03-31,False,False,False,False
20230315,2023-03-15,2023,1,Q1,3,March,Mar 2023,202303,11,15,Wednesday,2023,31,2023-03-31,False,False,False,False
20230316,2023-03-16,2023,1,Q1,3,March,Mar 2023,202303,11,16,Thursday,2023,31,2023-03-31,False,False,False,False
20230317,2023-03-17,2023,1,Q1,3,March,Mar 2023,202303,11,17,Friday,2023,31,2023-03-31,False,False,False,False
20230318,2023-03-18,2023,1,Q1,3,March,Mar 2023,202303,11,18,Saturday,2023,31,2023-03-31,True,False,False,False
20230319,2023-03-19,2023,1,Q1,3,March,Mar 2023,202303,11,19,Sunday,2023,31,2023-03-31,True,False,False,False
20230320,2023-03-20,2023,1,Q1,3,March,Mar 2023,202303,12,20,Monday,2023,31,2023-03-31,False,False,False,False
20230321,2023-03-21,2023,1,Q1,3,March,Mar 2023,202303,12,21,Tuesday,2023,31,2023-03-31,False,False,False,False
20230322,2023-03-22,2023,1,Q1,3,March,Mar 2023,202303,12,22,Wednesday,2023,31,2023-03-31,False,False,False,False
20230323,2023-03-23,2023,1,Q1,3,March,Mar 2023,202303,12,23,Thursday,2023,31,2023-03-31,False,False,False,False
20230324,2023-03-24,2023,1,Q1,3,March,Mar 2023,202303,12,24,Friday,2023,31,2023-03-31,False,False,False,False
20230325,2023-03-25,2023,1,Q1,3,March,Mar 2023,202303,12,25,Saturday,2023,31,2023-03-31,True,False,False,False
20230326,2023-03-26,2023,1,Q1,3,March,Mar 2023,202303,12,26,Sunday,2023,31,2023-03-31,True,False,False,False
20230327,2023-03-27,2023,1,Q1,3,March,Mar 2023,202303,13,27,Monday,2023,31,2023-03-31,False,False,False,False
20230328,2023-03-28,2023,1,Q1,3,March,Mar 2023,202303,13,28,Tuesday,2023,31,2023-03-31,False,False,False,False
20230329,2023-03-29,2023,1,Q1,3,March,Mar 2023,202303,13,29,Wednesday,2023,31,2023-03-31,False,False,False,False
20230330,2023-03-30,2023,1,Q1,3,March,Mar 2023,202303,13,30,Thursday,2023,31,2023-03-31,False,False,False,False
20230331,2023-03-31,2023,1,Q1,3,March,Mar 2023,202303,13,31,Friday,2023,31,2023-03-31,False,False,True,False
20230401,2023-04-01,2023,2,Q2,4,April,Apr 2023,202304,13,1,Saturday,2023,30,2023-04-30,True,True,False,False
20230402,2023-04-02,2023,2,Q2,4,April,Apr 2023,202304,13,2,Sunday,2023,30,2023-04-30,True,False,False,False
20230403,2023-04-03,2023,2,Q2,4,April,Apr 2023,202304,14,3,Monday,2023,30,2023-04-30,False,False,False,False
20230404,2023-04-04,2023,2,Q2,4,April,Apr 2023,202304,14,4,Tuesday,2023,30,2023-04-30,False,False,False,False
20230405,2023-04-05,2023,2,Q2,4,April,Apr 2023,202304,14,5,Wednesday,2023,30,2023-04-30,False,False,False,False
20230406,2023-04-06,2023,2,Q2,4,April,Apr 2023,202304,14,6,Thursday,2023,30,2023-04-30,False,False,False,False
20230407,2023-04-07,2023,2,Q2,4,April,Apr 2023,202304,14,7,Friday,2023,30,2023-04-30,False,False,False,False
20230408,2023-04-08,2023,2,Q2,4,April,Apr 2023,202304,14,8,Saturday,2023,30,2023-04-30,True,False,False,False
20230409,2023-04-09,2023,2,Q2,4,April,Apr 2023,202304,14,9,Sunday,2023,30,2023-04-30,True,False,False,False
20230410,2023-04-10,2023,2,Q2,4,April,Apr 2023,202304,15,10,Monday,2023,30,2023-04-30,False,False,False,False
20230411,2023-04-11,2023,2,Q2,4,April,Apr 2023,202304,15,11,Tuesday,2023,30,2023-04-30,False,False,False,False
20230412,2023-04-12,2023,2,Q2,4,April,Apr 2023,202304,15,12,Wednesday,2023,30,2023-04-30,False,False,False,False
20230413,2023-04-13,2023,2,Q2,4,April,Apr 2023,202304,15,13,Thursday,2023,30,2023-04-30,False,False,False,False
20230414,2023-04-14,2023,2,Q2,4,April,Apr 2023,202304,15,14,Friday,2023,30,2023-04-30,False,False,False,False
20230415,2023-04-15,2023,2,Q2,4,April,Apr 2023,202304,15,15,Saturday,2023,30,2023-04-30,True,False,False,False
20230416,2023-04-16,2023,2,Q2,4,April,Apr 2023,202304,15,16,Sunday,2023,30,2023-04-30,True,False,False,False
20230417,2023-04-17,2023,2,Q2,4,April,Apr 2023,202304,16,17,Monday,2023,30,2023-04-30,False,False,False,False
20230418,2023-04-18,2023,2,Q2,4,April,Apr 2023,202304,16,18,Tuesday,2023,30,2023-04-30,False,False,False,False
20230419,2023-04-19,2023,2,Q2,4,April,Apr 2023,202304,16,19,Wednesday,2023,30,2023-04-30,False,False,False,False
20230420,2023-04-20,2023,2,Q2,4,April,Apr 2023,202304,16,20,Thursday,2023,30,2023-04-30,False,False,False,False
20230421,2023-04-21,2023,2,Q2,4,April,Apr 2023,202304,16,21,Friday,2023,30,2023-04-30,False,False,False,False
20230422,2023-04-22,2023,2,Q2,4,April,Apr 2023,202304,16,22,Saturday,2023,30,2023-04-30,True,False,False,False
20230423,2023-04-23,2023,2,Q2,4,April,Apr 2023,202304,16,23,Sunday,2023,30,2023-04-30,True,False,False,False
20230424,2023-04-24,2023,2,Q2,4,April,Apr 2023,202304,17,24,Monday,2023,30,2023-04-30,False,False,False,False
20230425,2023-04-25,2023,2,Q2,4,April,Apr 2023,202304,17,25,Tuesday,2023,30,2023-04-30,False,False,False,False
20230426,2023-04-26,2023,2,Q2,4,April,Apr 2023,202304,17,26,Wednesday,2023,30,2023-04-30,False,False,False,False
20230427,2023-04-27,2023,2,Q2,4,April,Apr 2023,202304,17,27,Thursday,2023,30,2023-04-30,False,False,False,False
20230428,2023-04-28,2023,2,Q2,4,April,Apr 2023,202304,17,28,Friday,2023,30,2023-04-30,False,False,False,False
20230429,2023-04-29,2023,2,Q2,4,April,Apr 2023,202304,17,29,Saturday,2023,30,2023-04-30,True,False,False,False
20230430,2023-04-30,2023,2,Q2,4,April,Apr 2023,202304,17,30,Sunday,2023,30,2023-04-30,True,False,True,False
20230501,2023-05-01,2023,2,Q2,5,May,May 2023,202305,18,1,Monday,2023,31,2023-05-31,False,True,False,False
20230502,2023-05-02,2023,2,Q2,5,May,May 2023,202305,18,2,Tuesday,2023,31,2023-05-31,False,False,False,False
20230503,2023-05-03,2023,2,Q2,5,May,May 2023,202305,18,3,Wednesday,2023,31,2023-05-31,False,False,False,False
20230504,2023-05-04,2023,2,Q2,5,May,May 2023,202305,18,4,Thursday,2023,31,2023-05-31,False,False,False,False
20230505,2023-05-05,2023,2,Q2,5,May,May 2023,202305,18,5,Friday,2023,31,2023-05-31,False,False,False,False
20230506,2023-05-06,2023,2,Q2,5,May,May 2023,202305,18,6,Saturday,2023,31,2023-05-31,True,False,False,False
20230507,2023-05-07,2023,2,Q2,5,May,May 2023,202305,18,7,Sunday,2023,31,2023-05-31,True,False,False,False
20230508,2023-05-08,2023,2,Q2,5,May,May 2023,202305,19,8,Monday,2023,31,2023-05-31,False,False,False,False
20230509,2023-05-09,2023,2,Q2,5,May,May 2023,202305,19,9,Tuesday,2023,31,2023-05-31,False,False,False,False
20230510,2023-05-10,2023,2,Q2,5,May,May 2023,202305,19,10,Wednesday,2023,31,2023-05-31,False,False,False,False
20230511,2023-05-11,2023,2,Q2,5,May,May 2023,202305,19,11,Thursday,2023,31,2023-05-31,False,False,False,False
20230512,2023-05-12,2023,2,Q2,5,May,May 2023,202305,19,12,Friday,2023,31,2023-05-31,False,False,False,False
20230513,2023-05-13,2023,2,Q2,5,May,May 2023,202305,19,13,Saturday,2023,31,2023-05-31,True,False,False,False
20230514,2023-05-14,2023,2,Q2,5,May,May 2023,202305,19,14,Sunday,2023,31,2023-05-31,True,False,False,False
20230515,2023-05-15,2023,2,Q2,5,May,May 2023,202305,20,15,Monday,2023,31,2023-05-31,False,False,False,False
20230516,2023-05-16,2023,2,Q2,5,May,May 2023,202305,20,16,Tuesday,2023,31,2023-05-31,False,False,False,False
20230517,2023-05-17,2023,2,Q2,5,May,May 2023,202305,20,17,Wednesday,2023,31,2023-05-31,False,False,False,False
20230518,2023-05-18,2023,2,Q2,5,May,May 2023,202305,20,18,Thursday,2023,31,2023-05-31,False,False,False,False
20230519,2023-05-19,2023,2,Q2,5,May,May 2023,202305,20,19,Friday,2023,31,2023-05-31,False,False,False,False
20230520,2023-05-20,2023,2,Q2,5,May,May 2023,202305,20,20,Saturday,2023,31,2023-05-31,True,False,False,False
20230521,2023-05-21,2023,2,Q2,5,May,May 2023,202305,20,21,Sunday,2023,31,2023-05-31,True,False,False,False
20230522,2023-05-22,2023,2,Q2,5,May,May 2023,202305,21,22,Monday,2023,31,2023-05-31,False,False,False,False
20230523,2023-05-23,2023,2,Q2,5,May,May 2023,202305,21,23,Tuesday,2023,31,2023-05-31,False,False,False,False
20230524,2023-05-24,2023,2,Q2,5,May,May 2023,202305,21,24,Wednesday,2023,31,2023-05-31,False,False,False,False
20230525,2023-05-25,2023,2,Q2,5,May,May 2023,202305,21,25,Thursday,2023,31,2023-05-31,False,False,False,False
20230526,2023-05-26,2023,2,Q2,5,May,May 2023,202305,21,26,Friday,2023,31,2023-05-31,False,False,False,False
20230527,2023-05-27,2023,2,Q2,5,May,May 2023,202305,21,27,Saturday,2023,31,2023-05-31,True,False,False,False
20230528,2023-05-28,2023,2,Q2,5,May,May 2023,202305,21,28,Sunday,2023,31,2023-05-31,True,False,False,False
20230529,2023-05-29,2023,2,Q2,5,May,May 2023,202305,22,29,Monday,2023,31,2023-05-31,False,False,False,False
20230530,2023-05-30,2023,2,Q2,5,May,May 2023,202305,22,30,Tuesday,2023,31,2023-05-31,False,False,False,False
20230531,2023-05-31,2023,2,Q2,5,May,May 2023,202305,22,31,Wednesday,2023,31,2023-05-31,False,False,True,False
20230601,2023-06-01,2023,2,Q2,6,June,Jun 2023,202306,22,1,Thursday,2023,30,2023-06-30,False,True,False,False
20230602,2023-06-02,2023,2,Q2,6,June,Jun 2023,202306,22,2,Friday,2023,30,2023-06-30,False,False,False,False
20230603,2023-06-03,2023,2,Q2,6,June,Jun 2023,202306,22,3,Saturday,2023,30,2023-06-30,True,False,False,False
20230604,2023-06-04,2023,2,Q2,6,June,Jun 2023,202306,22,4,Sunday,2023,30,2023-06-30,True,False,False,False
20230605,2023-06-05,2023,2,Q2,6,June,Jun 2023,202306,23,5,Monday,2023,30,2023-06-30,False,False,False,False
20230606,2023-06-06,2023,2,Q2,6,June,Jun 2023,202306,23,6,Tuesday,2023,30,2023-06-30,False,False,False,False
20230607,2023-06-07,2023,2,Q2,6,June,Jun 2023,202306,23,7,Wednesday,2023,30,2023-06-30,False,False,False,False
20230608,2023-06-08,2023,2,Q2,6,June,Jun 2023,202306,23,8,Thursday,2023,30,2023-06-30,False,False,False,False
20230609,2023-06-09,2023,2,Q2,6,June,Jun 2023,202306,23,9,Friday,2023,30,2023-06-30,False,False,False,False
20230610,2023-06-10,2023,2,Q2,6,June,Jun 2023,202306,23,10,Saturday,2023,30,2023-06-30,True,False,False,False
20230611,2023-06-11,2023,2,Q2,6,June,Jun 2023,202306,23,11,Sunday,2023,30,2023-06-30,True,False,False,False
20230612,2023-06-12,2023,2,Q2,6,June,Jun 2023,202306,24,12,Monday,2023,30,2023-06-30,False,False,False,False
20230613,2023-06-13,2023,2,Q2,6,June,Jun 2023,202306,24,13,Tuesday,2023,30,2023-06-30,False,False,False,False
20230614,2023-06-14,2023,2,Q2,6,June,Jun 2023,202306,24,14,Wednesday,2023,30,2023-06-30,False,False,False,False
20230615,2023-06-15,2023,2,Q2,6,June,Jun 2023,202306,24,15,Thursday,2023,30,2023-06-30,False,False,False,False
20230616,2023-06-16,2023,2,Q2,6,June,Jun 2023,202306,24,16,Friday,2023,30,2023-06-30,False,False,False,False
20230617,2023-06-17,2023,2,Q2,6,June,Jun 2023,202306,24,17,Saturday,2023,30,2023-06-30,True,False,False,False
20230618,2023-06-18,2023,2,Q2,6,June,Jun 2023,202306,24,18,Sunday,2023,30,2023-06-30,True,False,False,False
20230619,2023-06-19,2023,2,Q2,6,June,Jun 2023,202306,25,19,Monday,2023,30,2023-06-30,False,False,False,False
20230620,2023-06-20,2023,2,Q2,6,June,Jun 2023,202306,25,20,Tuesday,2023,30,2023-06-30,False,False,False,False
20230621,2023-06-21,2023,2,Q2,6,June,Jun 2023,202306,25,21,Wednesday,2023,30,2023-06-30,False,False,False,False
20230622,2023-06-22,2023,2,Q2,6,June,Jun 2023,202306,25,22,Thursday,2023,30,2023-06-30,False,False,False,False
20230623,2023-06-23,2023,2,Q2,6,June,Jun 2023,202306,25,23,Friday,2023,30,2023-06-30,False,False,False,False
20230624,2023-06-24,2023,2,Q2,6,June,Jun 2023,202306,25,24,Saturday,2023,30,2023-06-30,True,False,False,False
20230625,2023-06-25,2023,2,Q2,6,June,Jun 2023,202306,25,25,Sunday,2023,30,2023-06-30,True,False,False,False
20230626,2023-06-26,2023,2,Q2,6,June,Jun 2023,202306,26,26,Monday,2023,30,2023-06-30,False,False,False,False
20230627,2023-06-27,2023,2,Q2,6,June,Jun 2023,202306,26,27,Tuesday,2023,30,2023-06-30,False,False,False,False
20230628,2023-06-28,2023,2,Q2,6,June,Jun 2023,202306,26,28,Wednesday,2023,30,2023-06-30,False,False,False,False
20230629,2023-06-29,2023,2,Q2,6,June,Jun 2023,202306,26,29,Thursday,2023,30,2023-06-30,False,False,False,False
20230630,2023-06-30,2023,2,Q2,6,June,Jun 2023,202306,26,30,Friday,2023,30,2023-06-30,False,False,True,False
20230701,2023-07-01,2023,3,Q3,7,July,Jul 2023,202307,26,1,Saturday,2023,31,2023-07-31,True,True,False,False
20230702,2023-07-02,2023,3,Q3,7,July,Jul 2023,202307,26,2,Sunday,2023,31,2023-07-31,True,False,False,False
20230703,2023-07-03,2023,3,Q3,7,July,Jul 2023,202307,27,3,Monday,2023,31,2023-07-31,False,False,False,False
20230704,2023-07-04,2023,3,Q3,7,July,Jul 2023,202307,27,4,Tuesday,2023,31,2023-07-31,False,False,False,False
20230705,2023-07-05,2023,3,Q3,7,July,Jul 2023,202307,27,5,Wednesday,2023,31,2023-07-31,False,False,False,False
20230706,2023-07-06,2023,3,Q3,7,July,Jul 2023,202307,27,6,Thursday,2023,31,2023-07-31,False,False,False,False
20230707,2023-07-07,2023,3,Q3,7,July,Jul 2023,202307,27,7,Friday,2023,31,2023-07-31,False,False,False,False
20230708,2023-07-08,2023,3,Q3,7,July,Jul 2023,202307,27,8,Saturday,2023,31,2023-07-31,True,False,False,False
20230709,2023-07-09,2023,3,Q3,7,July,Jul 2023,202307,27,9,Sunday,2023,31,2023-07-31,True,False,False,False
20230710,2023-07-10,2023,3,Q3,7,July,Jul 2023,202307,28,10,Monday,2023,31,2023-07-31,False,False,False,False
20230711,2023-07-11,2023,3,Q3,7,July,Jul 2023,202307,28,11,Tuesday,2023,31,2023-07-31,False,False,False,False
20230712,2023-07-12,2023,3,Q3,7,July,Jul 2023,202307,28,12,Wednesday,2023,31,2023-07-31,False,False,False,False
20230713,2023-07-13,2023,3,Q3,7,July,Jul 2023,202307,28,13,Thursday,2023,31,2023-07-31,False,False,False,False
20230714,2023-07-14,2023,3,Q3,7,July,Jul 2023,202307,28,14,Friday,2023,31,2023-07-31,False,False,False,False
20230715,2023-07-15,2023,3,Q3,7,July,Jul 2023,202307,28,15,Saturday,2023,31,2023-07-31,True,False,False,False
20230716,2023-07-16,2023,3,Q3,7,July,Jul 2023,202307,28,16,Sunday,2023,31,2023-07-31,True,False,False,False
20230717,2023-07-17,2023,3,Q3,7,July,Jul 2023,202307,29,17,Monday,2023,31,2023-07-31,False,False,False,False
20230718,2023-07-18,2023,3,Q3,7,July,Jul 2023,202307,29,18,Tuesday,2023,31,2023-07-31,False,False,False,False
20230719,2023-07-19,2023,3,Q3,7,July,Jul 2023,202307,29,19,Wednesday,2023,31,2023-07-31,False,False,False,False
20230720,2023-07-20,2023,3,Q3,7,July,Jul 2023,202307,29,20,Thursday,2023,31,2023-07-31,False,False,False,False
20230721,2023-07-21,2023,3,Q3,7,July,Jul 2023,202307,29,21,Friday,2023,31,2023-07-31,False,False,False,False
20230722,2023-07-22,2023,3,Q3,7,July,Jul 2023,202307,29,22,Saturday,2023,31,2023-07-31,True,False,False,False
20230723,2023-07-23,2023,3,Q3,7,July,Jul 2023,202307,29,23,Sunday,2023,31,2023-07-31,True,False,False,False
20230724,2023-07-24,2023,3,Q3,7,July,Jul 2023,202307,30,24,Monday,2023,31,2023-07-31,False,False,False,False
20230725,2023-07-25,2023,3,Q3,7,July,Jul 2023,202307,30,25,Tuesday,2023,31,2023-07-31,False,False,False,False
20230726,2023-07-26,2023,3,Q3,7,July,Jul 2023,202307,30,26,Wednesday,2023,31,2023-07-31,False,False,False,False
20230727,2023-07-27,2023,3,Q3,7,July,Jul 2023,202307,30,27,Thursday,2023,31,2023-07-31,False,False,False,False
20230728,2023-07-28,2023,3,Q3,7,July,Jul 2023,202307,30,28,Friday,2023,31,2023-07-31,False,False,False,False
20230729,2023-07-29,2023,3,Q3,7,July,Jul 2023,202307,30,29,Saturday,2023,31,2023-07-31,True,False,False,False
20230730,2023-07-30,2023,3,Q3,7,July,Jul 2023,202307,30,30,Sunday,2023,31,2023-07-31,True,False,False,False
20230731,2023-07-31,2023,3,Q3,7,July,Jul 2023,202307,31,31,Monday,2023,31,2023-07-31,False,False,True,False
20230801,2023-08-01,2023,3,Q3,8,August,Aug 2023,202308,31,1,Tuesday,2023,31,2023-08-31,False,True,False,False
20230802,2023-08-02,2023,3,Q3,8,August,Aug 2023,202308,31,2,Wednesday,2023,31,2023-08-31,False,False,False,False
20230803,2023-08-03,2023,3,Q3,8,August,Aug 2023,202308,31,3,Thursday,2023,31,2023-08-31,False,False,False,False
20230804,2023-08-04,2023,3,Q3,8,August,Aug 2023,202308,31,4,Friday,2023,31,2023-08-31,False,False,False,False
20230805,2023-08-05,2023,3,Q3,8,August,Aug 2023,202308,31,5,Saturday,2023,31,2023-08-31,True,False,False,False
20230806,2023-08-06,2023,3,Q3,8,August,Aug 2023,202308,31,6,Sunday,2023,31,2023-08-31,True,False,False,False
20230807,2023-08-07,2023,3,Q3,8,August,Aug 2023,202308,32,7,Monday,2023,31,2023-08-31,False,False,False,False
20230808,2023-08-08,2023,3,Q3,8,August,Aug 2023,202308,32,8,Tuesday,2023,31,2023-08-31,False,False,False,False
20230809,2023-08-09,2023,3,Q3,8,August,Aug 2023,202308,32,9,Wednesday,2023,31,2023-08-31,False,False,False,False
20230810,2023-08-10,2023,3,Q3,8,August,Aug 2023,202308,32,10,Thursday,2023,31,2023-08-31,False,False,False,False
20230811,2023-08-11,2023,3,Q3,8,August,Aug 2023,202308,32,11,Friday,2023,31,2023-08-31,False,False,False,False
20230812,2023-08-12,2023,3,Q3,8,August,Aug 2023,202308,32,12,Saturday,2023,31,2023-08-31,True,False,False,False
20230813,2023-08-13,2023,3,Q3,8,August,Aug 2023,202308,32,13,Sunday,2023,31,2023-08-31,True,False,False,False
20230814,2023-08-14,2023,3,Q3,8,August,Aug 2023,202308,33,14,Monday,2023,31,2023-08-31,False,False,False,False
20230815,2023-08-15,2023,3,Q3,8,August,Aug 2023,202308,33,15,Tuesday,2023,31,2023-08-31,False,False,False,False
20230816,2023-08-16,2023,3,Q3,8,August,Aug 2023,202308,33,16,Wednesday,2023,31,2023-08-31,False,False,False,False
20230817,2023-08-17,2023,3,Q3,8,August,Aug 2023,202308,33,17,Thursday,2023,31,2023-08-31,False,False,False,False
20230818,2023-08-18,2023,3,Q3,8,August,Aug 2023,202308,33,18,Friday,2023,31,2023-08-31,False,False,False,False
20230819,2023-08-19,2023,3,Q3,8,August,Aug 2023,202308,33,19,Saturday,2023,31,2023-08-31,True,False,False,False
20230820,2023-08-20,2023,3,Q3,8,August,Aug 2023,202308,33,20,Sunday,2023,31,2023-08-31,True,False,False,False
20230821,2023-08-21,2023,3,Q3,8,August,Aug 2023,202308,34,21,Monday,2023,31,2023-08-31,False,False,False,False
20230822,2023-08-22,2023,3,Q3,8,August,Aug 2023,202308,34,22,Tuesday,2023,31,2023-08-31,False,False,False,False
20230823,2023-08-23,2023,3,Q3,8,August,Aug 2023,202308,34,23,Wednesday,2023,31,2023-08-31,False,False,False,False
20230824,2023-08-24,2023,3,Q3,8,August,Aug 2023,202308,34,24,Thursday,2023,31,2023-08-31,False,False,False,False
20230825,2023-08-25,2023,3,Q3,8,August,Aug 2023,202308,34,25,Friday,2023,31,2023-08-31,False,False,False,False
20230826,2023-08-26,2023,3,Q3,8,August,Aug 2023,202308,34,26,Saturday,2023,31,2023-08-31,True,False,False,False
20230827,2023-08-27,2023,3,Q3,8,August,Aug 2023,202308,34,27,Sunday,2023,31,2023-08-31,True,False,False,False
20230828,2023-08-28,2023,3,Q3,8,August,Aug 2023,202308,35,28,Monday,2023,31,2023-08-31,False,False,False,False
20230829,2023-08-29,2023,3,Q3,8,August,Aug 2023,202308,35,29,Tuesday,2023,31,2023-08-31,False,False,False,False
20230830,2023-08-30,2023,3,Q3,8,August,Aug 2023,202308,35,30,Wednesday,2023,31,2023-08-31,False,False,False,False
20230831,2023-08-31,2023,3,Q3,8,August,Aug 2023,202308,35,31,Thursday,2023,31,2023-08-31,False,False,True,False
20230901,2023-09-01,2023,3,Q3,9,September,Sep 2023,202309,35,1,Friday,2023,30,2023-09-30,False,True,False,False
20230902,2023-09-02,2023,3,Q3,9,September,Sep 2023,202309,35,2,Saturday,2023,30,2023-09-30,True,False,False,False
20230903,2023-09-03,2023,3,Q3,9,September,Sep 2023,202309,35,3,Sunday,2023,30,2023-09-30,True,False,False,False
20230904,2023-09-04,2023,3,Q3,9,September,Sep 2023,202309,36,4,Monday,2023,30,2023-09-30,False,False,False,False
20230905,2023-09-05,2023,3,Q3,9,September,Sep 2023,202309,36,5,Tuesday,2023,30,2023-09-30,False,False,False,False
20230906,2023-09-06,2023,3,Q3,9,September,Sep 2023,202309,36,6,Wednesday,2023,30,2023-09-30,False,False,False,False
20230907,2023-09-07,2023,3,Q3,9,September,Sep 2023,202309,36,7,Thursday,2023,30,2023-09-30,False,False,False,False
20230908,2023-09-08,2023,3,Q3,9,September,Sep 2023,202309,36,8,Friday,2023,30,2023-09-30,False,False,False,False
20230909,2023-09-09,2023,3,Q3,9,September,Sep 2023,202309,36,9,Saturday,2023,30,2023-09-30,True,False,False,False
20230910,2023-09-10,2023,3,Q3,9,September,Sep 2023,202309,36,10,Sunday,2023,30,2023-09-30,True,False,False,False
20230911,2023-09-11,2023,3,Q3,9,September,Sep 2023,202309,37,11,Monday,2023,30,2023-09-30,False,False,False,False
20230912,2023-09-12,2023,3,Q3,9,September,Sep 2023,202309,37,12,Tuesday,2023,30,2023-09-30,False,False,False,False
20230913,2023-09-13,2023,3,Q3,9,September,Sep 2023,202309,37,13,Wednesday,2023,30,2023-09-30,False,False,False,False
20230914,2023-09-14,2023,3,Q3,9,September,Sep 2023,202309,37,14,Thursday,2023,30,2023-09-30,False,False,False,False
20230915,2023-09-15,2023,3,Q3,9,September,Sep 2023,202309,37,15,Friday,2023,30,2023-09-30,False,False,False,False
20230916,2023-09-16,2023,3,Q3,9,September,Sep 2023,202309,37,16,Saturday,2023,30,2023-09-30,True,False,False,False
20230917,2023-09-17,2023,3,Q3,9,September,Sep 2023,202309,37,17,Sunday,2023,30,2023-09-30,True,False,False,False
20230918,2023-09-18,2023,3,Q3,9,September,Sep 2023,202309,38,18,Monday,2023,30,2023-09-30,False,False,False,False
20230919,2023-09-19,2023,3,Q3,9,September,Sep 2023,202309,38,19,Tuesday,2023,30,2023-09-30,False,False,False,False
20230920,2023-09-20,2023,3,Q3,9,September,Sep 2023,202309,38,20,Wednesday,2023,30,2023-09-30,False,False,False,False
20230921,2023-09-21,2023,3,Q3,9,September,Sep 2023,202309,38,21,Thursday,2023,30,2023-09-30,False,False,False,False
20230922,2023-09-22,2023,3,Q3,9,September,Sep 2023,202309,38,22,Friday,2023,30,2023-09-30,False,False,False,False
20230923,2023-09-23,2023,3,Q3,9,September,Sep 2023,202309,38,23,Saturday,2023,30,2023-09-30,True,False,False,False
20230924,2023-09-24,2023,3,Q3,9,September,Sep 2023,202309,38,24,Sunday,2023,30,2023-09-30,True,False,False,False
20230925,2023-09-25,2023,3,Q3,9,September,Sep 2023,202309,39,25,Monday,2023,30,2023-09-30,False,False,False,False
20230926,2023-09-26,2023,3,Q3,9,September,Sep 2023,202309,39,26,Tuesday,2023,30,2023-09-30,False,False,False,False
20230927,2023-09-27,2023,3,Q3,9,September,Sep 2023,202309,39,27,Wednesday,2023,30,2023-09-30,False,False,False,False
20230928,2023-09-28,2023,3,Q3,9,September,Sep 2023,202309,39,28,Thursday,2023,30,2023-09-30,False,False,False,False
20230929,2023-09-29,2023,3,Q3,9,September,Sep 2023,202309,39,29,Friday,2023,30,2023-09-30,False,False,False,False
20230930,2023-09-30,2023,3,Q3,9,September,Sep 2023,202309,39,30,Saturday,2023,30,2023-09-30,True,False,True,False
20231001,2023-10-01,2023,4,Q4,10,October,Oct 2023,202310,39,1,Sunday,2023,31,2023-10-31,True,True,False,False
20231002,2023-10-02,2023,4,Q4,10,October,Oct 2023,202310,40,2,Monday,2023,31,2023-10-31,False,False,False,False
20231003,2023-10-03,2023,4,Q4,10,October,Oct 2023,202310,40,3,Tuesday,2023,31,2023-10-31,False,False,False,False
20231004,2023-10-04,2023,4,Q4,10,October,Oct 2023,202310,40,4,Wednesday,2023,31,2023-10-31,False,False,False,False
20231005,2023-10-05,2023,4,Q4,10,October,Oct 2023,202310,40,5,Thursday,2023,31,2023-10-31,False,False,False,False
20231006,2023-10-06,2023,4,Q4,10,October,Oct 2023,202310,40,6,Friday,2023,31,2023-10-31,False,False,False,False
20231007,2023-10-07,2023,4,Q4,10,October,Oct 2023,202310,40,7,Saturday,2023,31,2023-10-31,True,False,False,False
20231008,2023-10-08,2023,4,Q4,10,October,Oct 2023,202310,40,8,Sunday,2023,31,2023-10-31,True,False,False,False
20231009,2023-10-09,2023,4,Q4,10,October,Oct 2023,202310,41,9,Monday,2023,31,2023-10-31,False,False,False,False
20231010,2023-10-10,2023,4,Q4,10,October,Oct 2023,202310,41,10,Tuesday,2023,31,2023-10-31,False,False,False,False
20231011,2023-10-11,2023,4,Q4,10,October,Oct 2023,202310,41,11,Wednesday,2023,31,2023-10-31,False,False,False,False
20231012,2023-10-12,2023,4,Q4,10,October,Oct 2023,202310,41,12,Thursday,2023,31,2023-10-31,False,False,False,False
20231013,2023-10-13,2023,4,Q4,10,October,Oct 2023,202310,41,13,Friday,2023,31,2023-10-31,False,False,False,False
20231014,2023-10-14,2023,4,Q4,10,October,Oct 2023,202310,41,14,Saturday,2023,31,2023-10-31,True,False,False,False
20231015,2023-10-15,2023,4,Q4,10,October,Oct 2023,202310,41,15,Sunday,2023,31,2023-10-31,True,False,False,False
20231016,2023-10-16,2023,4,Q4,10,October,Oct 2023,202310,42,16,Monday,2023,31,2023-10-31,False,False,False,False
20231017,2023-10-17,2023,4,Q4,10,October,Oct 2023,202310,42,17,Tuesday,2023,31,2023-10-31,False,False,False,False
20231018,2023-10-18,2023,4,Q4,10,October,Oct 2023,202310,42,18,Wednesday,2023,31,2023-10-31,False,False,False,False
20231019,2023-10-19,2023,4,Q4,10,October,Oct 2023,202310,42,19,Thursday,2023,31,2023-10-31,False,False,False,False
20231020,2023-10-20,2023,4,Q4,10,October,Oct 2023,202310,42,20,Friday,2023,31,2023-10-31,False,False,False,False
20231021,2023-10-21,2023,4,Q4,10,October,Oct 2023,202310,42,21,Saturday,2023,31,2023-10-31,True,False,False,False
20231022,2023-10-22,2023,4,Q4,10,October,Oct 2023,202310,42,22,Sunday,2023,31,2023-10-31,True,False,False,False
20231023,2023-10-23,2023,4,Q4,10,October,Oct 2023,202310,43,23,Monday,2023,31,2023-10-31,False,False,False,False
20231024,2023-10-24,2023,4,Q4,10,October,Oct 2023,202310,43,24,Tuesday,2023,31,2023-10-31,False,False,False,False
20231025,2023-10-25,2023,4,Q4,10,October,Oct 2023,202310,43,25,Wednesday,2023,31,2023-10-31,False,False,False,False
20231026,2023-10-26,2023,4,Q4,10,October,Oct 2023,202310,43,26,Thursday,2023,31,2023-10-31,False,False,False,False
20231027,2023-10-27,2023,4,Q4,10,October,Oct 2023,202310,43,27,Friday,2023,31,2023-10-31,False,False,False,False
20231028,2023-10-28,2023,4,Q4,10,October,Oct 2023,202310,43,28,Saturday,2023,31,2023-10-31,True,False,False,False
20231029,2023-10-29,2023,4,Q4,10,October,Oct 2023,202310,43,29,Sunday,2023,31,2023-10-31,True,False,False,False
20231030,2023-10-30,2023,4,Q4,10,October,Oct 2023,202310,44,30,Monday,2023,31,2023-10-31,False,False,False,False
20231031,2023-10-31,2023,4,Q4,10,October,Oct 2023,202310,44,31,Tuesday,2023,31,2023-10-31,False,False,True,False
20231101,2023-11-01,2023,4,Q4,11,November,Nov 2023,202311,44,1,Wednesday,2023,30,2023-11-30,False,True,False,False
20231102,2023-11-02,2023,4,Q4,11,November,Nov 2023,202311,44,2,Thursday,2023,30,2023-11-30,False,False,False,False
20231103,2023-11-03,2023,4,Q4,11,November,Nov 2023,202311,44,3,Friday,2023,30,2023-11-30,False,False,False,False
20231104,2023-11-04,2023,4,Q4,11,November,Nov 2023,202311,44,4,Saturday,2023,30,2023-11-30,True,False,False,False
20231105,2023-11-05,2023,4,Q4,11,November,Nov 2023,202311,44,5,Sunday,2023,30,2023-11-30,True,False,False,False
20231106,2023-11-06,2023,4,Q4,11,November,Nov 2023,202311,45,6,Monday,2023,30,2023-11-30,False,False,False,False
20231107,2023-11-07,2023,4,Q4,11,November,Nov 2023,202311,45,7,Tuesday,2023,30,2023-11-30,False,False,False,False
20231108,2023-11-08,2023,4,Q4,11,November,Nov 2023,202311,45,8,Wednesday,2023,30,2023-11-30,False,False,False,False
20231109,2023-11-09,2023,4,Q4,11,November,Nov 2023,202311,45,9,Thursday,2023,30,2023-11-30,False,False,False,False
20231110,2023-11-10,2023,4,Q4,11,November,Nov 2023,202311,45,10,Friday,2023,30,2023-11-30,False,False,False,False
20231111,2023-11-11,2023,4,Q4,11,November,Nov 2023,202311,45,11,Saturday,2023,30,2023-11-30,True,False,False,False
20231112,2023-11-12,2023,4,Q4,11,November,Nov 2023,202311,45,12,Sunday,2023,30,2023-11-30,True,False,False,False
20231113,2023-11-13,2023,4,Q4,11,November,Nov 2023,202311,46,13,Monday,2023,30,2023-11-30,False,False,False,False
20231114,2023-11-14,2023,4,Q4,11,November,Nov 2023,202311,46,14,Tuesday,2023,30,2023-11-30,False,False,False,False
20231115,2023-11-15,2023,4,Q4,11,November,Nov 2023,202311,46,15,Wednesday,2023,30,2023-11-30,False,False,False,False
20231116,2023-11-16,2023,4,Q4,11,November,Nov 2023,202311,46,16,Thursday,2023,30,2023-11-30,False,False,False,False
20231117,2023-11-17,2023,4,Q4,11,November,Nov 2023,202311,46,17,Friday,2023,30,2023-11-30,False,False,False,False
20231118,2023-11-18,2023,4,Q4,11,November,Nov 2023,202311,46,18,Saturday,2023,30,2023-11-30,True,False,False,False
20231119,2023-11-19,2023,4,Q4,11,November,Nov 2023,202311,46,19,Sunday,2023,30,2023-11-30,True,False,False,False
20231120,2023-11-20,2023,4,Q4,11,November,Nov 2023,202311,47,20,Monday,2023,30,2023-11-30,False,False,False,False
20231121,2023-11-21,2023,4,Q4,11,November,Nov 2023,202311,47,21,Tuesday,2023,30,2023-11-30,False,False,False,False
20231122,2023-11-22,2023,4,Q4,11,November,Nov 2023,202311,47,22,Wednesday,2023,30,2023-11-30,False,False,False,False
20231123,2023-11-23,2023,4,Q4,11,November,Nov 2023,202311,47,23,Thursday,2023,30,2023-11-30,False,False,False,False
20231124,2023-11-24,2023,4,Q4,11,November,Nov 2023,202311,47,24,Friday,2023,30,2023-11-30,False,False,False,False
20231125,2023-11-25,2023,4,Q4,11,November,Nov 2023,202311,47,25,Saturday,2023,30,2023-11-30,True,False,False,False
20231126,2023-11-26,2023,4,Q4,11,November,Nov 2023,202311,47,26,Sunday,2023,30,2023-11-30,True,False,False,False
20231127,2023-11-27,2023,4,Q4,11,November,Nov 2023,202311,48,27,Monday,2023,30,2023-11-30,False,False,False,False
20231128,2023-11-28,2023,4,Q4,11,November,Nov 2023,202311,48,28,Tuesday,2023,30,2023-11-30,False,False,False,False
20231129,2023-11-29,2023,4,Q4,11,November,Nov 2023,202311,48,29,Wednesday,2023,30,2023-11-30,False,False,False,False
20231130,2023-11-30,2023,4,Q4,11,November,Nov 2023,202311,48,30,Thursday,2023,30,2023-11-30,False,False,True,False
20231201,2023-12-01,2023,4,Q4,12,December,Dec 2023,202312,48,1,Friday,2023,31,2023-12-31,False,True,False,False
20231202,2023-12-02,2023,4,Q4,12,December,Dec 2023,202312,48,2,Saturday,2023,31,2023-12-31,True,False,False,False
20231203,2023-12-03,2023,4,Q4,12,December,Dec 2023,202312,48,3,Sunday,2023,31,2023-12-31,True,False,False,False
20231204,2023-12-04,2023,4,Q4,12,December,Dec 2023,202312,49,4,Monday,2023,31,2023-12-31,False,False,False,False
20231205,2023-12-05,2023,4,Q4,12,December,Dec 2023,202312,49,5,Tuesday,2023,31,2023-12-31,False,False,False,False
20231206,2023-12-06,2023,4,Q4,12,December,Dec 2023,202312,49,6,Wednesday,2023,31,2023-12-31,False,False,False,False
20231207,2023-12-07,2023,4,Q4,12,December,Dec 2023,202312,49,7,Thursday,2023,31,2023-12-31,False,False,False,False
20231208,2023-12-08,2023,4,Q4,12,December,Dec 2023,202312,49,8,Friday,2023,31,2023-12-31,False,False,False,False
20231209,2023-12-09,2023,4,Q4,12,December,Dec 2023,202312,49,9,Saturday,2023,31,2023-12-31,True,False,False,False
20231210,2023-12-10,2023,4,Q4,12,December,Dec 2023,202312,49,10,Sunday,2023,31,2023-12-31,True,False,False,False
20231211,2023-12-11,2023,4,Q4,12,December,Dec 2023,202312,50,11,Monday,2023,31,2023-12-31,False,False,False,False
20231212,2023-12-12,2023,4,Q4,12,December,Dec 2023,202312,50,12,Tuesday,2023,31,2023-12-31,False,False,False,False
20231213,2023-12-13,2023,4,Q4,12,December,Dec 2023,202312,50,13,Wednesday,2023,31,2023-12-31,False,False,False,False
20231214,2023-12-14,2023,4,Q4,12,December,Dec 2023,202312,50,14,Thursday,2023,31,2023-12-31,False,False,False,False
20231215,2023-12-15,2023,4,Q4,12,December,Dec 2023,202312,50,15,Friday,2023,31,2023-12-31,False,False,False,False
20231216,2023-12-16,2023,4,Q4,12,December,Dec 2023,202312,50,16,Saturday,2023,31,2023-12-31,True,False,False,False
20231217,2023-12-17,2023,4,Q4,12,December,Dec 2023,202312,50,17,Sunday,2023,31,2023-12-31,True,False,False,False
20231218,2023-12-18,2023,4,Q4,12,December,Dec 2023,202312,51,18,Monday,2023,31,2023-12-31,False,False,False,False
20231219,2023-12-19,2023,4,Q4,12,December,Dec 2023,202312,51,19,Tuesday,2023,31,2023-12-31,False,False,False,False
20231220,2023-12-20,2023,4,Q4,12,December,Dec 2023,202312,51,20,Wednesday,2023,31,2023-12-31,False,False,False,False
20231221,2023-12-21,2023,4,Q4,12,December,Dec 2023,202312,51,21,Thursday,2023,31,2023-12-31,False,False,False,False
20231222,2023-12-22,2023,4,Q4,12,December,Dec 2023,202312,51,22,Friday,2023,31,2023-12-31,False,False,False,False
20231223,2023-12-23,2023,4,Q4,12,December,Dec 2023,202312,51,23,Saturday,2023,31,2023-12-31,True,False,False,False
20231224,2023-12-24,2023,4,Q4,12,December,Dec 2023,202312,51,24,Sunday,2023,31,2023-12-31,True,False,False,False
20231225,2023-12-25,2023,4,Q4,12,December,Dec 2023,202312,52,25,Monday,2023,31,2023-12-31,False,False,False,False
20231226,2023-12-26,2023,4,Q4,12,December,Dec 2023,202312,52,26,Tuesday,2023,31,2023-12-31,False,False,False,False
20231227,2023-12-27,2023,4,Q4,12,December,Dec 2023,202312,52,27,Wednesday,2023,31,2023-12-31,False,False,False,False
20231228,2023-12-28,2023,4,Q4,12,December,Dec 2023,202312,52,28,Thursday,2023,31,2023-12-31,False,False,False,False
20231229,2023-12-29,2023,4,Q4,12,December,Dec 2023,202312,52,29,Friday,2023,31,2023-12-31,False,False,False,False
20231230,2023-12-30,2023,4,Q4,12,December,Dec 2023,202312,52,30,Saturday,2023,31,2023-12-31,True,False,False,False
20231231,2023-12-31,2023,4,Q4,12,December,Dec 2023,202312,52,31,Sunday,2023,31,2023-12-31,True,False,True,False
20240101,2024-01-01,2024,1,Q1,1,January,Jan 2024,202401,1,1,Monday,2024,31,2024-01-31,False,True,False,True
20240102,2024-01-02,2024,1,Q1,1,January,Jan 2024,202401,1,2,Tuesday,2024,31,2024-01-31,False,False,False,True
20240103,2024-01-03,2024,1,Q1,1,January,Jan 2024,202401,1,3,Wednesday,2024,31,2024-01-31,False,False,False,True
20240104,2024-01-04,2024,1,Q1,1,January,Jan 2024,202401,1,4,Thursday,2024,31,2024-01-31,False,False,False,True
20240105,2024-01-05,2024,1,Q1,1,January,Jan 2024,202401,1,5,Friday,2024,31,2024-01-31,False,False,False,True
20240106,2024-01-06,2024,1,Q1,1,January,Jan 2024,202401,1,6,Saturday,2024,31,2024-01-31,True,False,False,True
20240107,2024-01-07,2024,1,Q1,1,January,Jan 2024,202401,1,7,Sunday,2024,31,2024-01-31,True,False,False,True
20240108,2024-01-08,2024,1,Q1,1,January,Jan 2024,202401,2,8,Monday,2024,31,2024-01-31,False,False,False,True
20240109,2024-01-09,2024,1,Q1,1,January,Jan 2024,202401,2,9,Tuesday,2024,31,2024-01-31,False,False,False,True
20240110,2024-01-10,2024,1,Q1,1,January,Jan 2024,202401,2,10,Wednesday,2024,31,2024-01-31,False,False,False,True
20240111,2024-01-11,2024,1,Q1,1,January,Jan 2024,202401,2,11,Thursday,2024,31,2024-01-31,False,False,False,True
20240112,2024-01-12,2024,1,Q1,1,January,Jan 2024,202401,2,12,Friday,2024,31,2024-01-31,False,False,False,True
20240113,2024-01-13,2024,1,Q1,1,January,Jan 2024,202401,2,13,Saturday,2024,31,2024-01-31,True,False,False,True
20240114,2024-01-14,2024,1,Q1,1,January,Jan 2024,202401,2,14,Sunday,2024,31,2024-01-31,True,False,False,True
20240115,2024-01-15,2024,1,Q1,1,January,Jan 2024,202401,3,15,Monday,2024,31,2024-01-31,False,False,False,True
20240116,2024-01-16,2024,1,Q1,1,January,Jan 2024,202401,3,16,Tuesday,2024,31,2024-01-31,False,False,False,True
20240117,2024-01-17,2024,1,Q1,1,January,Jan 2024,202401,3,17,Wednesday,2024,31,2024-01-31,False,False,False,True
20240118,2024-01-18,2024,1,Q1,1,January,Jan 2024,202401,3,18,Thursday,2024,31,2024-01-31,False,False,False,True
20240119,2024-01-19,2024,1,Q1,1,January,Jan 2024,202401,3,19,Friday,2024,31,2024-01-31,False,False,False,True
20240120,2024-01-20,2024,1,Q1,1,January,Jan 2024,202401,3,20,Saturday,2024,31,2024-01-31,True,False,False,True
20240121,2024-01-21,2024,1,Q1,1,January,Jan 2024,202401,3,21,Sunday,2024,31,2024-01-31,True,False,False,True
20240122,2024-01-22,2024,1,Q1,1,January,Jan 2024,202401,4,22,Monday,2024,31,2024-01-31,False,False,False,True
20240123,2024-01-23,2024,1,Q1,1,January,Jan 2024,202401,4,23,Tuesday,2024,31,2024-01-31,False,False,False,True
20240124,2024-01-24,2024,1,Q1,1,January,Jan 2024,202401,4,24,Wednesday,2024,31,2024-01-31,False,False,False,True
20240125,2024-01-25,2024,1,Q1,1,January,Jan 2024,202401,4,25,Thursday,2024,31,2024-01-31,False,False,False,True
20240126,2024-01-26,2024,1,Q1,1,January,Jan 2024,202401,4,26,Friday,2024,31,2024-01-31,False,False,False,True
20240127,2024-01-27,2024,1,Q1,1,January,Jan 2024,202401,4,27,Saturday,2024,31,2024-01-31,True,False,False,True
20240128,2024-01-28,2024,1,Q1,1,January,Jan 2024,202401,4,28,Sunday,2024,31,2024-01-31,True,False,False,True
20240129,2024-01-29,2024,1,Q1,1,January,Jan 2024,202401,5,29,Monday,2024,31,2024-01-31,False,False,False,True
20240130,2024-01-30,2024,1,Q1,1,January,Jan 2024,202401,5,30,Tuesday,2024,31,2024-01-31,False,False,False,True
20240131,2024-01-31,2024,1,Q1,1,January,Jan 2024,202401,5,31,Wednesday,2024,31,2024-01-31,False,False,True,True
20240201,2024-02-01,2024,1,Q1,2,February,Feb 2024,202402,5,1,Thursday,2024,29,2024-02-29,False,True,False,True
20240202,2024-02-02,2024,1,Q1,2,February,Feb 2024,202402,5,2,Friday,2024,29,2024-02-29,False,False,False,True
20240203,2024-02-03,2024,1,Q1,2,February,Feb 2024,202402,5,3,Saturday,2024,29,2024-02-29,True,False,False,True
20240204,2024-02-04,2024,1,Q1,2,February,Feb 2024,202402,5,4,Sunday,2024,29,2024-02-29,True,False,False,True
20240205,2024-02-05,2024,1,Q1,2,February,Feb 2024,202402,6,5,Monday,2024,29,2024-02-29,False,False,False,True
20240206,2024-02-06,2024,1,Q1,2,February,Feb 2024,202402,6,6,Tuesday,2024,29,2024-02-29,False,False,False,True
20240207,2024-02-07,2024,1,Q1,2,February,Feb 2024,202402,6,7,Wednesday,2024,29,2024-02-29,False,False,False,True
20240208,2024-02-08,2024,1,Q1,2,February,Feb 2024,202402,6,8,Thursday,2024,29,2024-02-29,False,False,False,True
20240209,2024-02-09,2024,1,Q1,2,February,Feb 2024,202402,6,9,Friday,2024,29,2024-02-29,False,False,False,True
20240210,2024-02-10,2024,1,Q1,2,February,Feb 2024,202402,6,10,Saturday,2024,29,2024-02-29,True,False,False,True
20240211,2024-02-11,2024,1,Q1,2,February,Feb 2024,202402,6,11,Sunday,2024,29,2024-02-29,True,False,False,True
20240212,2024-02-12,2024,1,Q1,2,February,Feb 2024,202402,7,12,Monday,2024,29,2024-02-29,False,False,False,True
20240213,2024-02-13,2024,1,Q1,2,February,Feb 2024,202402,7,13,Tuesday,2024,29,2024-02-29,False,False,False,True
20240214,2024-02-14,2024,1,Q1,2,February,Feb 2024,202402,7,14,Wednesday,2024,29,2024-02-29,False,False,False,True
20240215,2024-02-15,2024,1,Q1,2,February,Feb 2024,202402,7,15,Thursday,2024,29,2024-02-29,False,False,False,True
20240216,2024-02-16,2024,1,Q1,2,February,Feb 2024,202402,7,16,Friday,2024,29,2024-02-29,False,False,False,True
20240217,2024-02-17,2024,1,Q1,2,February,Feb 2024,202402,7,17,Saturday,2024,29,2024-02-29,True,False,False,True
20240218,2024-02-18,2024,1,Q1,2,February,Feb 2024,202402,7,18,Sunday,2024,29,2024-02-29,True,False,False,True
20240219,2024-02-19,2024,1,Q1,2,February,Feb 2024,202402,8,19,Monday,2024,29,2024-02-29,False,False,False,True
20240220,2024-02-20,2024,1,Q1,2,February,Feb 2024,202402,8,20,Tuesday,2024,29,2024-02-29,False,False,False,True
20240221,2024-02-21,2024,1,Q1,2,February,Feb 2024,202402,8,21,Wednesday,2024,29,2024-02-29,False,False,False,True
20240222,2024-02-22,2024,1,Q1,2,February,Feb 2024,202402,8,22,Thursday,2024,29,2024-02-29,False,False,False,True
20240223,2024-02-23,2024,1,Q1,2,February,Feb 2024,202402,8,23,Friday,2024,29,2024-02-29,False,False,False,True
20240224,2024-02-24,2024,1,Q1,2,February,Feb 2024,202402,8,24,Saturday,2024,29,2024-02-29,True,False,False,True
20240225,2024-02-25,2024,1,Q1,2,February,Feb 2024,202402,8,25,Sunday,2024,29,2024-02-29,True,False,False,True
20240226,2024-02-26,2024,1,Q1,2,February,Feb 2024,202402,9,26,Monday,2024,29,2024-02-29,False,False,False,True
20240227,2024-02-27,2024,1,Q1,2,February,Feb 2024,202402,9,27,Tuesday,2024,29,2024-02-29,False,False,False,True
20240228,2024-02-28,2024,1,Q1,2,February,Feb 2024,202402,9,28,Wednesday,2024,29,2024-02-29,False,False,False,True
20240229,2024-02-29,2024,1,Q1,2,February,Feb 2024,202402,9,29,Thursday,2024,29,2024-02-29,False,False,True,True
20240301,2024-03-01,2024,1,Q1,3,March,Mar 2024,202403,9,1,Friday,2024,31,2024-03-31,False,True,False,True
20240302,2024-03-02,2024,1,Q1,3,March,Mar 2024,202403,9,2,Saturday,2024,31,2024-03-31,True,False,False,True
20240303,2024-03-03,2024,1,Q1,3,March,Mar 2024,202403,9,3,Sunday,2024,31,2024-03-31,True,False,False,True
20240304,2024-03-04,2024,1,Q1,3,March,Mar 2024,202403,10,4,Monday,2024,31,2024-03-31,False,False,False,True
20240305,2024-03-05,2024,1,Q1,3,March,Mar 2024,202403,10,5,Tuesday,2024,31,2024-03-31,False,False,False,True
20240306,2024-03-06,2024,1,Q1,3,March,Mar 2024,202403,10,6,Wednesday,2024,31,2024-03-31,False,False,False,True
20240307,2024-03-07,2024,1,Q1,3,March,Mar 2024,202403,10,7,Thursday,2024,31,2024-03-31,False,False,False,True
20240308,2024-03-08,2024,1,Q1,3,March,Mar 2024,202403,10,8,Friday,2024,31,2024-03-31,False,False,False,True
20240309,2024-03-09,2024,1,Q1,3,March,Mar 2024,202403,10,9,Saturday,2024,31,2024-03-31,True,False,False,True
20240310,2024-03-10,2024,1,Q1,3,March,Mar 2024,202403,10,10,Sunday,2024,31,2024-03-31,True,False,False,True
20240311,2024-03-11,2024,1,Q1,3,March,Mar 2024,202403,11,11,Monday,2024,31,2024-03-31,False,False,False,True
20240312,2024-03-12,2024,1,Q1,3,March,Mar 2024,202403,11,12,Tuesday,2024,31,2024-03-31,False,False,False,True
20240313,2024-03-13,2024,1,Q1,3,March,Mar 2024,202403,11,13,Wednesday,2024,31,2024-03-31,False,False,False,True
20240314,2024-03-14,2024,1,Q1,3,March,Mar 2024,202403,11,14,Thursday,2024,31,2024-03-31,False,False,False,True
20240315,2024-03-15,2024,1,Q1,3,March,Mar 2024,202403,11,15,Friday,2024,31,2024-03-31,False,False,False,True
20240316,2024-03-16,2024,1,Q1,3,March,Mar 2024,202403,11,16,Saturday,2024,31,2024-03-31,True,False,False,True
20240317,2024-03-17,2024,1,Q1,3,March,Mar 2024,202403,11,17,Sunday,2024,31,2024-03-31,True,False,False,True
20240318,2024-03-18,2024,1,Q1,3,March,Mar 2024,202403,12,18,Monday,2024,31,2024-03-31,False,False,False,True
20240319,2024-03-19,2024,1,Q1,3,March,Mar 2024,202403,12,19,Tuesday,2024,31,2024-03-31,False,False,False,True
20240320,2024-03-20,2024,1,Q1,3,March,Mar 2024,202403,12,20,Wednesday,2024,31,2024-03-31,False,False,False,True
20240321,2024-03-21,2024,1,Q1,3,March,Mar 2024,202403,12,21,Thursday,2024,31,2024-03-31,False,False,False,True
20240322,2024-03-22,2024,1,Q1,3,March,Mar 2024,202403,12,22,Friday,2024,31,2024-03-31,False,False,False,True
20240323,2024-03-23,2024,1,Q1,3,March,Mar 2024,202403,12,23,Saturday,2024,31,2024-03-31,True,False,False,True
20240324,2024-03-24,2024,1,Q1,3,March,Mar 2024,202403,12,24,Sunday,2024,31,2024-03-31,True,False,False,True
20240325,2024-03-25,2024,1,Q1,3,March,Mar 2024,202403,13,25,Monday,2024,31,2024-03-31,False,False,False,True
20240326,2024-03-26,2024,1,Q1,3,March,Mar 2024,202403,13,26,Tuesday,2024,31,2024-03-31,False,False,False,True
20240327,2024-03-27,2024,1,Q1,3,March,Mar 2024,202403,13,27,Wednesday,2024,31,2024-03-31,False,False,False,True
20240328,2024-03-28,2024,1,Q1,3,March,Mar 2024,202403,13,28,Thursday,2024,31,2024-03-31,False,False,False,True
20240329,2024-03-29,2024,1,Q1,3,March,Mar 2024,202403,13,29,Friday,2024,31,2024-03-31,False,False,False,True
20240330,2024-03-30,2024,1,Q1,3,March,Mar 2024,202403,13,30,Saturday,2024,31,2024-03-31,True,False,False,True
20240331,2024-03-31,2024,1,Q1,3,March,Mar 2024,202403,13,31,Sunday,2024,31,2024-03-31,True,False,True,True
20240401,2024-04-01,2024,2,Q2,4,April,Apr 2024,202404,14,1,Monday,2024,30,2024-04-30,False,True,False,True
20240402,2024-04-02,2024,2,Q2,4,April,Apr 2024,202404,14,2,Tuesday,2024,30,2024-04-30,False,False,False,True
20240403,2024-04-03,2024,2,Q2,4,April,Apr 2024,202404,14,3,Wednesday,2024,30,2024-04-30,False,False,False,True
20240404,2024-04-04,2024,2,Q2,4,April,Apr 2024,202404,14,4,Thursday,2024,30,2024-04-30,False,False,False,True
20240405,2024-04-05,2024,2,Q2,4,April,Apr 2024,202404,14,5,Friday,2024,30,2024-04-30,False,False,False,True
20240406,2024-04-06,2024,2,Q2,4,April,Apr 2024,202404,14,6,Saturday,2024,30,2024-04-30,True,False,False,True
20240407,2024-04-07,2024,2,Q2,4,April,Apr 2024,202404,14,7,Sunday,2024,30,2024-04-30,True,False,False,True
20240408,2024-04-08,2024,2,Q2,4,April,Apr 2024,202404,15,8,Monday,2024,30,2024-04-30,False,False,False,True
20240409,2024-04-09,2024,2,Q2,4,April,Apr 2024,202404,15,9,Tuesday,2024,30,2024-04-30,False,False,False,True
20240410,2024-04-10,2024,2,Q2,4,April,Apr 2024,202404,15,10,Wednesday,2024,30,2024-04-30,False,False,False,True
20240411,2024-04-11,2024,2,Q2,4,April,Apr 2024,202404,15,11,Thursday,2024,30,2024-04-30,False,False,False,True
20240412,2024-04-12,2024,2,Q2,4,April,Apr 2024,202404,15,12,Friday,2024,30,2024-04-30,False,False,False,True
20240413,2024-04-13,2024,2,Q2,4,April,Apr 2024,202404,15,13,Saturday,2024,30,2024-04-30,True,False,False,True
20240414,2024-04-14,2024,2,Q2,4,April,Apr 2024,202404,15,14,Sunday,2024,30,2024-04-30,True,False,False,True
20240415,2024-04-15,2024,2,Q2,4,April,Apr 2024,202404,16,15,Monday,2024,30,2024-04-30,False,False,False,True
20240416,2024-04-16,2024,2,Q2,4,April,Apr 2024,202404,16,16,Tuesday,2024,30,2024-04-30,False,False,False,True
20240417,2024-04-17,2024,2,Q2,4,April,Apr 2024,202404,16,17,Wednesday,2024,30,2024-04-30,False,False,False,True
20240418,2024-04-18,2024,2,Q2,4,April,Apr 2024,202404,16,18,Thursday,2024,30,2024-04-30,False,False,False,True
20240419,2024-04-19,2024,2,Q2,4,April,Apr 2024,202404,16,19,Friday,2024,30,2024-04-30,False,False,False,True
20240420,2024-04-20,2024,2,Q2,4,April,Apr 2024,202404,16,20,Saturday,2024,30,2024-04-30,True,False,False,True
20240421,2024-04-21,2024,2,Q2,4,April,Apr 2024,202404,16,21,Sunday,2024,30,2024-04-30,True,False,False,True
20240422,2024-04-22,2024,2,Q2,4,April,Apr 2024,202404,17,22,Monday,2024,30,2024-04-30,False,False,False,True
20240423,2024-04-23,2024,2,Q2,4,April,Apr 2024,202404,17,23,Tuesday,2024,30,2024-04-30,False,False,False,True
20240424,2024-04-24,2024,2,Q2,4,April,Apr 2024,202404,17,24,Wednesday,2024,30,2024-04-30,False,False,False,True
20240425,2024-04-25,2024,2,Q2,4,April,Apr 2024,202404,17,25,Thursday,2024,30,2024-04-30,False,False,False,True
20240426,2024-04-26,2024,2,Q2,4,April,Apr 2024,202404,17,26,Friday,2024,30,2024-04-30,False,False,False,True
20240427,2024-04-27,2024,2,Q2,4,April,Apr 2024,202404,17,27,Saturday,2024,30,2024-04-30,True,False,False,True
20240428,2024-04-28,2024,2,Q2,4,April,Apr 2024,202404,17,28,Sunday,2024,30,2024-04-30,True,False,False,True
20240429,2024-04-29,2024,2,Q2,4,April,Apr 2024,202404,18,29,Monday,2024,30,2024-04-30,False,False,False,True
20240430,2024-04-30,2024,2,Q2,4,April,Apr 2024,202404,18,30,Tuesday,2024,30,2024-04-30,False,False,True,True
20240501,2024-05-01,2024,2,Q2,5,May,May 2024,202405,18,1,Wednesday,2024,31,2024-05-31,False,True,False,True
20240502,2024-05-02,2024,2,Q2,5,May,May 2024,202405,18,2,Thursday,2024,31,2024-05-31,False,False,False,True
20240503,2024-05-03,2024,2,Q2,5,May,May 2024,202405,18,3,Friday,2024,31,2024-05-31,False,False,False,True
20240504,2024-05-04,2024,2,Q2,5,May,May 2024,202405,18,4,Saturday,2024,31,2024-05-31,True,False,False,True
20240505,2024-05-05,2024,2,Q2,5,May,May 2024,202405,18,5,Sunday,2024,31,2024-05-31,True,False,False,True
20240506,2024-05-06,2024,2,Q2,5,May,May 2024,202405,19,6,Monday,2024,31,2024-05-31,False,False,False,True
20240507,2024-05-07,2024,2,Q2,5,May,May 2024,202405,19,7,Tuesday,2024,31,2024-05-31,False,False,False,True
20240508,2024-05-08,2024,2,Q2,5,May,May 2024,202405,19,8,Wednesday,2024,31,2024-05-31,False,False,False,True
20240509,2024-05-09,2024,2,Q2,5,May,May 2024,202405,19,9,Thursday,2024,31,2024-05-31,False,False,False,True
20240510,2024-05-10,2024,2,Q2,5,May,May 2024,202405,19,10,Friday,2024,31,2024-05-31,False,False,False,True
20240511,2024-05-11,2024,2,Q2,5,May,May 2024,202405,19,11,Saturday,2024,31,2024-05-31,True,False,False,True
20240512,2024-05-12,2024,2,Q2,5,May,May 2024,202405,19,12,Sunday,2024,31,2024-05-31,True,False,False,True
20240513,2024-05-13,2024,2,Q2,5,May,May 2024,202405,20,13,Monday,2024,31,2024-05-31,False,False,False,True
20240514,2024-05-14,2024,2,Q2,5,May,May 2024,202405,20,14,Tuesday,2024,31,2024-05-31,False,False,False,True
20240515,2024-05-15,2024,2,Q2,5,May,May 2024,202405,20,15,Wednesday,2024,31,2024-05-31,False,False,False,True
20240516,2024-05-16,2024,2,Q2,5,May,May 2024,202405,20,16,Thursday,2024,31,2024-05-31,False,False,False,True
20240517,2024-05-17,2024,2,Q2,5,May,May 2024,202405,20,17,Friday,2024,31,2024-05-31,False,False,False,True
20240518,2024-05-18,2024,2,Q2,5,May,May 2024,202405,20,18,Saturday,2024,31,2024-05-31,True,False,False,True
20240519,2024-05-19,2024,2,Q2,5,May,May 2024,202405,20,19,Sunday,2024,31,2024-05-31,True,False,False,True
20240520,2024-05-20,2024,2,Q2,5,May,May 2024,202405,21,20,Monday,2024,31,2024-05-31,False,False,False,True
20240521,2024-05-21,2024,2,Q2,5,May,May 2024,202405,21,21,Tuesday,2024,31,2024-05-31,False,False,False,True
20240522,2024-05-22,2024,2,Q2,5,May,May 2024,202405,21,22,Wednesday,2024,31,2024-05-31,False,False,False,True
20240523,2024-05-23,2024,2,Q2,5,May,May 2024,202405,21,23,Thursday,2024,31,2024-05-31,False,False,False,True
20240524,2024-05-24,2024,2,Q2,5,May,May 2024,202405,21,24,Friday,2024,31,2024-05-31,False,False,False,True
20240525,2024-05-25,2024,2,Q2,5,May,May 2024,202405,21,25,Saturday,2024,31,2024-05-31,True,False,False,True
20240526,2024-05-26,2024,2,Q2,5,May,May 2024,202405,21,26,Sunday,2024,31,2024-05-31,True,False,False,True
20240527,2024-05-27,2024,2,Q2,5,May,May 2024,202405,22,27,Monday,2024,31,2024-05-31,False,False,False,True
20240528,2024-05-28,2024,2,Q2,5,May,May 2024,202405,22,28,Tuesday,2024,31,2024-05-31,False,False,False,True
20240529,2024-05-29,2024,2,Q2,5,May,May 2024,202405,22,29,Wednesday,2024,31,2024-05-31,False,False,False,True
20240530,2024-05-30,2024,2,Q2,5,May,May 2024,202405,22,30,Thursday,2024,31,2024-05-31,False,False,False,True
20240531,2024-05-31,2024,2,Q2,5,May,May 2024,202405,22,31,Friday,2024,31,2024-05-31,False,False,True,True
20240601,2024-06-01,2024,2,Q2,6,June,Jun 2024,202406,22,1,Saturday,2024,30,2024-06-30,True,True,False,True
20240602,2024-06-02,2024,2,Q2,6,June,Jun 2024,202406,22,2,Sunday,2024,30,2024-06-30,True,False,False,True
20240603,2024-06-03,2024,2,Q2,6,June,Jun 2024,202406,23,3,Monday,2024,30,2024-06-30,False,False,False,True
20240604,2024-06-04,2024,2,Q2,6,June,Jun 2024,202406,23,4,Tuesday,2024,30,2024-06-30,False,False,False,True
20240605,2024-06-05,2024,2,Q2,6,June,Jun 2024,202406,23,5,Wednesday,2024,30,2024-06-30,False,False,False,True
20240606,2024-06-06,2024,2,Q2,6,June,Jun 2024,202406,23,6,Thursday,2024,30,2024-06-30,False,False,False,True
20240607,2024-06-07,2024,2,Q2,6,June,Jun 2024,202406,23,7,Friday,2024,30,2024-06-30,False,False,False,True
20240608,2024-06-08,2024,2,Q2,6,June,Jun 2024,202406,23,8,Saturday,2024,30,2024-06-30,True,False,False,True
20240609,2024-06-09,2024,2,Q2,6,June,Jun 2024,202406,23,9,Sunday,2024,30,2024-06-30,True,False,False,True
20240610,2024-06-10,2024,2,Q2,6,June,Jun 2024,202406,24,10,Monday,2024,30,2024-06-30,False,False,False,True
20240611,2024-06-11,2024,2,Q2,6,June,Jun 2024,202406,24,11,Tuesday,2024,30,2024-06-30,False,False,False,True
20240612,2024-06-12,2024,2,Q2,6,June,Jun 2024,202406,24,12,Wednesday,2024,30,2024-06-30,False,False,False,True
20240613,2024-06-13,2024,2,Q2,6,June,Jun 2024,202406,24,13,Thursday,2024,30,2024-06-30,False,False,False,True
20240614,2024-06-14,2024,2,Q2,6,June,Jun 2024,202406,24,14,Friday,2024,30,2024-06-30,False,False,False,True
20240615,2024-06-15,2024,2,Q2,6,June,Jun 2024,202406,24,15,Saturday,2024,30,2024-06-30,True,False,False,True
20240616,2024-06-16,2024,2,Q2,6,June,Jun 2024,202406,24,16,Sunday,2024,30,2024-06-30,True,False,False,True
20240617,2024-06-17,2024,2,Q2,6,June,Jun 2024,202406,25,17,Monday,2024,30,2024-06-30,False,False,False,True
20240618,2024-06-18,2024,2,Q2,6,June,Jun 2024,202406,25,18,Tuesday,2024,30,2024-06-30,False,False,False,True
20240619,2024-06-19,2024,2,Q2,6,June,Jun 2024,202406,25,19,Wednesday,2024,30,2024-06-30,False,False,False,True
20240620,2024-06-20,2024,2,Q2,6,June,Jun 2024,202406,25,20,Thursday,2024,30,2024-06-30,False,False,False,True
20240621,2024-06-21,2024,2,Q2,6,June,Jun 2024,202406,25,21,Friday,2024,30,2024-06-30,False,False,False,True
20240622,2024-06-22,2024,2,Q2,6,June,Jun 2024,202406,25,22,Saturday,2024,30,2024-06-30,True,False,False,True
20240623,2024-06-23,2024,2,Q2,6,June,Jun 2024,202406,25,23,Sunday,2024,30,2024-06-30,True,False,False,True
20240624,2024-06-24,2024,2,Q2,6,June,Jun 2024,202406,26,24,Monday,2024,30,2024-06-30,False,False,False,True
20240625,2024-06-25,2024,2,Q2,6,June,Jun 2024,202406,26,25,Tuesday,2024,30,2024-06-30,False,False,False,True
20240626,2024-06-26,2024,2,Q2,6,June,Jun 2024,202406,26,26,Wednesday,2024,30,2024-06-30,False,False,False,True
20240627,2024-06-27,2024,2,Q2,6,June,Jun 2024,202406,26,27,Thursday,2024,30,2024-06-30,False,False,False,True
20240628,2024-06-28,2024,2,Q2,6,June,Jun 2024,202406,26,28,Friday,2024,30,2024-06-30,False,False,False,True
20240629,2024-06-29,2024,2,Q2,6,June,Jun 2024,202406,26,29,Saturday,2024,30,2024-06-30,True,False,False,True
20240630,2024-06-30,2024,2,Q2,6,June,Jun 2024,202406,26,30,Sunday,2024,30,2024-06-30,True,False,True,True
20240701,2024-07-01,2024,3,Q3,7,July,Jul 2024,202407,27,1,Monday,2024,31,2024-07-31,False,True,False,True
20240702,2024-07-02,2024,3,Q3,7,July,Jul 2024,202407,27,2,Tuesday,2024,31,2024-07-31,False,False,False,True
20240703,2024-07-03,2024,3,Q3,7,July,Jul 2024,202407,27,3,Wednesday,2024,31,2024-07-31,False,False,False,True
20240704,2024-07-04,2024,3,Q3,7,July,Jul 2024,202407,27,4,Thursday,2024,31,2024-07-31,False,False,False,True
20240705,2024-07-05,2024,3,Q3,7,July,Jul 2024,202407,27,5,Friday,2024,31,2024-07-31,False,False,False,True
20240706,2024-07-06,2024,3,Q3,7,July,Jul 2024,202407,27,6,Saturday,2024,31,2024-07-31,True,False,False,True
20240707,2024-07-07,2024,3,Q3,7,July,Jul 2024,202407,27,7,Sunday,2024,31,2024-07-31,True,False,False,True
20240708,2024-07-08,2024,3,Q3,7,July,Jul 2024,202407,28,8,Monday,2024,31,2024-07-31,False,False,False,True
20240709,2024-07-09,2024,3,Q3,7,July,Jul 2024,202407,28,9,Tuesday,2024,31,2024-07-31,False,False,False,True
20240710,2024-07-10,2024,3,Q3,7,July,Jul 2024,202407,28,10,Wednesday,2024,31,2024-07-31,False,False,False,True
20240711,2024-07-11,2024,3,Q3,7,July,Jul 2024,202407,28,11,Thursday,2024,31,2024-07-31,False,False,False,True
20240712,2024-07-12,2024,3,Q3,7,July,Jul 2024,202407,28,12,Friday,2024,31,2024-07-31,False,False,False,True
20240713,2024-07-13,2024,3,Q3,7,July,Jul 2024,202407,28,13,Saturday,2024,31,2024-07-31,True,False,False,True
20240714,2024-07-14,2024,3,Q3,7,July,Jul 2024,202407,28,14,Sunday,2024,31,2024-07-31,True,False,False,True
20240715,2024-07-15,2024,3,Q3,7,July,Jul 2024,202407,29,15,Monday,2024,31,2024-07-31,False,False,False,True
20240716,2024-07-16,2024,3,Q3,7,July,Jul 2024,202407,29,16,Tuesday,2024,31,2024-07-31,False,False,False,True
20240717,2024-07-17,2024,3,Q3,7,July,Jul 2024,202407,29,17,Wednesday,2024,31,2024-07-31,False,False,False,True
20240718,2024-07-18,2024,3,Q3,7,July,Jul 2024,202407,29,18,Thursday,2024,31,2024-07-31,False,False,False,True
20240719,2024-07-19,2024,3,Q3,7,July,Jul 2024,202407,29,19,Friday,2024,31,2024-07-31,False,False,False,True
20240720,2024-07-20,2024,3,Q3,7,July,Jul 2024,202407,29,20,Saturday,2024,31,2024-07-31,True,False,False,True
20240721,2024-07-21,2024,3,Q3,7,July,Jul 2024,202407,29,21,Sunday,2024,31,2024-07-31,True,False,False,True
20240722,2024-07-22,2024,3,Q3,7,July,Jul 2024,202407,30,22,Monday,2024,31,2024-07-31,False,False,False,True
20240723,2024-07-23,2024,3,Q3,7,July,Jul 2024,202407,30,23,Tuesday,2024,31,2024-07-31,False,False,False,True
20240724,2024-07-24,2024,3,Q3,7,July,Jul 2024,202407,30,24,Wednesday,2024,31,2024-07-31,False,False,False,True
20240725,2024-07-25,2024,3,Q3,7,July,Jul 2024,202407,30,25,Thursday,2024,31,2024-07-31,False,False,False,True
20240726,2024-07-26,2024,3,Q3,7,July,Jul 2024,202407,30,26,Friday,2024,31,2024-07-31,False,False,False,True
20240727,2024-07-27,2024,3,Q3,7,July,Jul 2024,202407,30,27,Saturday,2024,31,2024-07-31,True,False,False,True
20240728,2024-07-28,2024,3,Q3,7,July,Jul 2024,202407,30,28,Sunday,2024,31,2024-07-31,True,False,False,True
20240729,2024-07-29,2024,3,Q3,7,July,Jul 2024,202407,31,29,Monday,2024,31,2024-07-31,False,False,False,True
20240730,2024-07-30,2024,3,Q3,7,July,Jul 2024,202407,31,30,Tuesday,2024,31,2024-07-31,False,False,False,True
20240731,2024-07-31,2024,3,Q3,7,July,Jul 2024,202407,31,31,Wednesday,2024,31,2024-07-31,False,False,True,True
20240801,2024-08-01,2024,3,Q3,8,August,Aug 2024,202408,31,1,Thursday,2024,31,2024-08-31,False,True,False,True
20240802,2024-08-02,2024,3,Q3,8,August,Aug 2024,202408,31,2,Friday,2024,31,2024-08-31,False,False,False,True
20240803,2024-08-03,2024,3,Q3,8,August,Aug 2024,202408,31,3,Saturday,2024,31,2024-08-31,True,False,False,True
20240804,2024-08-04,2024,3,Q3,8,August,Aug 2024,202408,31,4,Sunday,2024,31,2024-08-31,True,False,False,True
20240805,2024-08-05,2024,3,Q3,8,August,Aug 2024,202408,32,5,Monday,2024,31,2024-08-31,False,False,False,True
20240806,2024-08-06,2024,3,Q3,8,August,Aug 2024,202408,32,6,Tuesday,2024,31,2024-08-31,False,False,False,True
20240807,2024-08-07,2024,3,Q3,8,August,Aug 2024,202408,32,7,Wednesday,2024,31,2024-08-31,False,False,False,True
20240808,2024-08-08,2024,3,Q3,8,August,Aug 2024,202408,32,8,Thursday,2024,31,2024-08-31,False,False,False,True
20240809,2024-08-09,2024,3,Q3,8,August,Aug 2024,202408,32,9,Friday,2024,31,2024-08-31,False,False,False,True
20240810,2024-08-10,2024,3,Q3,8,August,Aug 2024,202408,32,10,Saturday,2024,31,2024-08-31,True,False,False,True
20240811,2024-08-11,2024,3,Q3,8,August,Aug 2024,202408,32,11,Sunday,2024,31,2024-08-31,True,False,False,True
20240812,2024-08-12,2024,3,Q3,8,August,Aug 2024,202408,33,12,Monday,2024,31,2024-08-31,False,False,False,True
20240813,2024-08-13,2024,3,Q3,8,August,Aug 2024,202408,33,13,Tuesday,2024,31,2024-08-31,False,False,False,True
20240814,2024-08-14,2024,3,Q3,8,August,Aug 2024,202408,33,14,Wednesday,2024,31,2024-08-31,False,False,False,True
20240815,2024-08-15,2024,3,Q3,8,August,Aug 2024,202408,33,15,Thursday,2024,31,2024-08-31,False,False,False,True
20240816,2024-08-16,2024,3,Q3,8,August,Aug 2024,202408,33,16,Friday,2024,31,2024-08-31,False,False,False,True
20240817,2024-08-17,2024,3,Q3,8,August,Aug 2024,202408,33,17,Saturday,2024,31,2024-08-31,True,False,False,True
20240818,2024-08-18,2024,3,Q3,8,August,Aug 2024,202408,33,18,Sunday,2024,31,2024-08-31,True,False,False,True
20240819,2024-08-19,2024,3,Q3,8,August,Aug 2024,202408,34,19,Monday,2024,31,2024-08-31,False,False,False,True
20240820,2024-08-20,2024,3,Q3,8,August,Aug 2024,202408,34,20,Tuesday,2024,31,2024-08-31,False,False,False,True
20240821,2024-08-21,2024,3,Q3,8,August,Aug 2024,202408,34,21,Wednesday,2024,31,2024-08-31,False,False,False,True
20240822,2024-08-22,2024,3,Q3,8,August,Aug 2024,202408,34,22,Thursday,2024,31,2024-08-31,False,False,False,True
20240823,2024-08-23,2024,3,Q3,8,August,Aug 2024,202408,34,23,Friday,2024,31,2024-08-31,False,False,False,True
20240824,2024-08-24,2024,3,Q3,8,August,Aug 2024,202408,34,24,Saturday,2024,31,2024-08-31,True,False,False,True
20240825,2024-08-25,2024,3,Q3,8,August,Aug 2024,202408,34,25,Sunday,2024,31,2024-08-31,True,False,False,True
20240826,2024-08-26,2024,3,Q3,8,August,Aug 2024,202408,35,26,Monday,2024,31,2024-08-31,False,False,False,True
20240827,2024-08-27,2024,3,Q3,8,August,Aug 2024,202408,35,27,Tuesday,2024,31,2024-08-31,False,False,False,True
20240828,2024-08-28,2024,3,Q3,8,August,Aug 2024,202408,35,28,Wednesday,2024,31,2024-08-31,False,False,False,True
20240829,2024-08-29,2024,3,Q3,8,August,Aug 2024,202408,35,29,Thursday,2024,31,2024-08-31,False,False,False,True
20240830,2024-08-30,2024,3,Q3,8,August,Aug 2024,202408,35,30,Friday,2024,31,2024-08-31,False,False,False,True
20240831,2024-08-31,2024,3,Q3,8,August,Aug 2024,202408,35,31,Saturday,2024,31,2024-08-31,True,False,True,True
20240901,2024-09-01,2024,3,Q3,9,September,Sep 2024,202409,35,1,Sunday,2024,30,2024-09-30,True,True,False,True
20240902,2024-09-02,2024,3,Q3,9,September,Sep 2024,202409,36,2,Monday,2024,30,2024-09-30,False,False,False,True
20240903,2024-09-03,2024,3,Q3,9,September,Sep 2024,202409,36,3,Tuesday,2024,30,2024-09-30,False,False,False,True
20240904,2024-09-04,2024,3,Q3,9,September,Sep 2024,202409,36,4,Wednesday,2024,30,2024-09-30,False,False,False,True
20240905,2024-09-05,2024,3,Q3,9,September,Sep 2024,202409,36,5,Thursday,2024,30,2024-09-30,False,False,False,True
20240906,2024-09-06,2024,3,Q3,9,September,Sep 2024,202409,36,6,Friday,2024,30,2024-09-30,False,False,False,True
20240907,2024-09-07,2024,3,Q3,9,September,Sep 2024,202409,36,7,Saturday,2024,30,2024-09-30,True,False,False,True
20240908,2024-09-08,2024,3,Q3,9,September,Sep 2024,202409,36,8,Sunday,2024,30,2024-09-30,True,False,False,True
20240909,2024-09-09,2024,3,Q3,9,September,Sep 2024,202409,37,9,Monday,2024,30,2024-09-30,False,False,False,True
20240910,2024-09-10,2024,3,Q3,9,September,Sep 2024,202409,37,10,Tuesday,2024,30,2024-09-30,False,False,False,True
20240911,2024-09-11,2024,3,Q3,9,September,Sep 2024,202409,37,11,Wednesday,2024,30,2024-09-30,False,False,False,True
20240912,2024-09-12,2024,3,Q3,9,September,Sep 2024,202409,37,12,Thursday,2024,30,2024-09-30,False,False,False,True
20240913,2024-09-13,2024,3,Q3,9,September,Sep 2024,202409,37,13,Friday,2024,30,2024-09-30,False,False,False,True
20240914,2024-09-14,2024,3,Q3,9,September,Sep 2024,202409,37,14,Saturday,2024,30,2024-09-30,True,False,False,True
20240915,2024-09-15,2024,3,Q3,9,September,Sep 2024,202409,37,15,Sunday,2024,30,2024-09-30,True,False,False,True
20240916,2024-09-16,2024,3,Q3,9,September,Sep 2024,202409,38,16,Monday,2024,30,2024-09-30,False,False,False,True
20240917,2024-09-17,2024,3,Q3,9,September,Sep 2024,202409,38,17,Tuesday,2024,30,2024-09-30,False,False,False,True
20240918,2024-09-18,2024,3,Q3,9,September,Sep 2024,202409,38,18,Wednesday,2024,30,2024-09-30,False,False,False,True
20240919,2024-09-19,2024,3,Q3,9,September,Sep 2024,202409,38,19,Thursday,2024,30,2024-09-30,False,False,False,True
20240920,2024-09-20,2024,3,Q3,9,September,Sep 2024,202409,38,20,Friday,2024,30,2024-09-30,False,False,False,True
20240921,2024-09-21,2024,3,Q3,9,September,Sep 2024,202409,38,21,Saturday,2024,30,2024-09-30,True,False,False,True
20240922,2024-09-22,2024,3,Q3,9,September,Sep 2024,202409,38,22,Sunday,2024,30,2024-09-30,True,False,False,True
20240923,2024-09-23,2024,3,Q3,9,September,Sep 2024,202409,39,23,Monday,2024,30,2024-09-30,False,False,False,True
20240924,2024-09-24,2024,3,Q3,9,September,Sep 2024,202409,39,24,Tuesday,2024,30,2024-09-30,False,False,False,True
20240925,2024-09-25,2024,3,Q3,9,September,Sep 2024,202409,39,25,Wednesday,2024,30,2024-09-30,False,False,False,True
20240926,2024-09-26,2024,3,Q3,9,September,Sep 2024,202409,39,26,Thursday,2024,30,2024-09-30,False,False,False,True
20240927,2024-09-27,2024,3,Q3,9,September,Sep 2024,202409,39,27,Friday,2024,30,2024-09-30,False,False,False,True
20240928,2024-09-28,2024,3,Q3,9,September,Sep 2024,202409,39,28,Saturday,2024,30,2024-09-30,True,False,False,True
20240929,2024-09-29,2024,3,Q3,9,September,Sep 2024,202409,39,29,Sunday,2024,30,2024-09-30,True,False,False,True
20240930,2024-09-30,2024,3,Q3,9,September,Sep 2024,202409,40,30,Monday,2024,30,2024-09-30,False,False,True,True
20241001,2024-10-01,2024,4,Q4,10,October,Oct 2024,202410,40,1,Tuesday,2024,31,2024-10-31,False,True,False,True
20241002,2024-10-02,2024,4,Q4,10,October,Oct 2024,202410,40,2,Wednesday,2024,31,2024-10-31,False,False,False,True
20241003,2024-10-03,2024,4,Q4,10,October,Oct 2024,202410,40,3,Thursday,2024,31,2024-10-31,False,False,False,True
20241004,2024-10-04,2024,4,Q4,10,October,Oct 2024,202410,40,4,Friday,2024,31,2024-10-31,False,False,False,True
20241005,2024-10-05,2024,4,Q4,10,October,Oct 2024,202410,40,5,Saturday,2024,31,2024-10-31,True,False,False,True
20241006,2024-10-06,2024,4,Q4,10,October,Oct 2024,202410,40,6,Sunday,2024,31,2024-10-31,True,False,False,True
20241007,2024-10-07,2024,4,Q4,10,October,Oct 2024,202410,41,7,Monday,2024,31,2024-10-31,False,False,False,True
20241008,2024-10-08,2024,4,Q4,10,October,Oct 2024,202410,41,8,Tuesday,2024,31,2024-10-31,False,False,False,True
20241009,2024-10-09,2024,4,Q4,10,October,Oct 2024,202410,41,9,Wednesday,2024,31,2024-10-31,False,False,False,True
20241010,2024-10-10,2024,4,Q4,10,October,Oct 2024,202410,41,10,Thursday,2024,31,2024-10-31,False,False,False,True
20241011,2024-10-11,2024,4,Q4,10,October,Oct 2024,202410,41,11,Friday,2024,31,2024-10-31,False,False,False,True
20241012,2024-10-12,2024,4,Q4,10,October,Oct 2024,202410,41,12,Saturday,2024,31,2024-10-31,True,False,False,True
20241013,2024-10-13,2024,4,Q4,10,October,Oct 2024,202410,41,13,Sunday,2024,31,2024-10-31,True,False,False,True
20241014,2024-10-14,2024,4,Q4,10,October,Oct 2024,202410,42,14,Monday,2024,31,2024-10-31,False,False,False,True
20241015,2024-10-15,2024,4,Q4,10,October,Oct 2024,202410,42,15,Tuesday,2024,31,2024-10-31,False,False,False,True
20241016,2024-10-16,2024,4,Q4,10,October,Oct 2024,202410,42,16,Wednesday,2024,31,2024-10-31,False,False,False,True
20241017,2024-10-17,2024,4,Q4,10,October,Oct 2024,202410,42,17,Thursday,2024,31,2024-10-31,False,False,False,True
20241018,2024-10-18,2024,4,Q4,10,October,Oct 2024,202410,42,18,Friday,2024,31,2024-10-31,False,False,False,True
20241019,2024-10-19,2024,4,Q4,10,October,Oct 2024,202410,42,19,Saturday,2024,31,2024-10-31,True,False,False,True
20241020,2024-10-20,2024,4,Q4,10,October,Oct 2024,202410,42,20,Sunday,2024,31,2024-10-31,True,False,False,True
20241021,2024-10-21,2024,4,Q4,10,October,Oct 2024,202410,43,21,Monday,2024,31,2024-10-31,False,False,False,True
20241022,2024-10-22,2024,4,Q4,10,October,Oct 2024,202410,43,22,Tuesday,2024,31,2024-10-31,False,False,False,True
20241023,2024-10-23,2024,4,Q4,10,October,Oct 2024,202410,43,23,Wednesday,2024,31,2024-10-31,False,False,False,True
20241024,2024-10-24,2024,4,Q4,10,October,Oct 2024,202410,43,24,Thursday,2024,31,2024-10-31,False,False,False,True
20241025,2024-10-25,2024,4,Q4,10,October,Oct 2024,202410,43,25,Friday,2024,31,2024-10-31,False,False,False,True
20241026,2024-10-26,2024,4,Q4,10,October,Oct 2024,202410,43,26,Saturday,2024,31,2024-10-31,True,False,False,True
20241027,2024-10-27,2024,4,Q4,10,October,Oct 2024,202410,43,27,Sunday,2024,31,2024-10-31,True,False,False,True
20241028,2024-10-28,2024,4,Q4,10,October,Oct 2024,202410,44,28,Monday,2024,31,2024-10-31,False,False,False,True
20241029,2024-10-29,2024,4,Q4,10,October,Oct 2024,202410,44,29,Tuesday,2024,31,2024-10-31,False,False,False,True
20241030,2024-10-30,2024,4,Q4,10,October,Oct 2024,202410,44,30,Wednesday,2024,31,2024-10-31,False,False,False,True
20241031,2024-10-31,2024,4,Q4,10,October,Oct 2024,202410,44,31,Thursday,2024,31,2024-10-31,False,False,True,True
20241101,2024-11-01,2024,4,Q4,11,November,Nov 2024,202411,44,1,Friday,2024,30,2024-11-30,False,True,False,True
20241102,2024-11-02,2024,4,Q4,11,November,Nov 2024,202411,44,2,Saturday,2024,30,2024-11-30,True,False,False,True
20241103,2024-11-03,2024,4,Q4,11,November,Nov 2024,202411,44,3,Sunday,2024,30,2024-11-30,True,False,False,True
20241104,2024-11-04,2024,4,Q4,11,November,Nov 2024,202411,45,4,Monday,2024,30,2024-11-30,False,False,False,True
20241105,2024-11-05,2024,4,Q4,11,November,Nov 2024,202411,45,5,Tuesday,2024,30,2024-11-30,False,False,False,True
20241106,2024-11-06,2024,4,Q4,11,November,Nov 2024,202411,45,6,Wednesday,2024,30,2024-11-30,False,False,False,True
20241107,2024-11-07,2024,4,Q4,11,November,Nov 2024,202411,45,7,Thursday,2024,30,2024-11-30,False,False,False,True
20241108,2024-11-08,2024,4,Q4,11,November,Nov 2024,202411,45,8,Friday,2024,30,2024-11-30,False,False,False,True
20241109,2024-11-09,2024,4,Q4,11,November,Nov 2024,202411,45,9,Saturday,2024,30,2024-11-30,True,False,False,True
20241110,2024-11-10,2024,4,Q4,11,November,Nov 2024,202411,45,10,Sunday,2024,30,2024-11-30,True,False,False,True
20241111,2024-11-11,2024,4,Q4,11,November,Nov 2024,202411,46,11,Monday,2024,30,2024-11-30,False,False,False,True
20241112,2024-11-12,2024,4,Q4,11,November,Nov 2024,202411,46,12,Tuesday,2024,30,2024-11-30,False,False,False,True
20241113,2024-11-13,2024,4,Q4,11,November,Nov 2024,202411,46,13,Wednesday,2024,30,2024-11-30,False,False,False,True
20241114,2024-11-14,2024,4,Q4,11,November,Nov 2024,202411,46,14,Thursday,2024,30,2024-11-30,False,False,False,True
20241115,2024-11-15,2024,4,Q4,11,November,Nov 2024,202411,46,15,Friday,2024,30,2024-11-30,False,False,False,True
20241116,2024-11-16,2024,4,Q4,11,November,Nov 2024,202411,46,16,Saturday,2024,30,2024-11-30,True,False,False,True
20241117,2024-11-17,2024,4,Q4,11,November,Nov 2024,202411,46,17,Sunday,2024,30,2024-11-30,True,False,False,True
20241118,2024-11-18,2024,4,Q4,11,November,Nov 2024,202411,47,18,Monday,2024,30,2024-11-30,False,False,False,True
20241119,2024-11-19,2024,4,Q4,11,November,Nov 2024,202411,47,19,Tuesday,2024,30,2024-11-30,False,False,False,True
20241120,2024-11-20,2024,4,Q4,11,November,Nov 2024,202411,47,20,Wednesday,2024,30,2024-11-30,False,False,False,True
20241121,2024-11-21,2024,4,Q4,11,November,Nov 2024,202411,47,21,Thursday,2024,30,2024-11-30,False,False,False,True
20241122,2024-11-22,2024,4,Q4,11,November,Nov 2024,202411,47,22,Friday,2024,30,2024-11-30,False,False,False,True
20241123,2024-11-23,2024,4,Q4,11,November,Nov 2024,202411,47,23,Saturday,2024,30,2024-11-30,True,False,False,True
20241124,2024-11-24,2024,4,Q4,11,November,Nov 2024,202411,47,24,Sunday,2024,30,2024-11-30,True,False,False,True
20241125,2024-11-25,2024,4,Q4,11,November,Nov 2024,202411,48,25,Monday,2024,30,2024-11-30,False,False,False,True
20241126,2024-11-26,2024,4,Q4,11,November,Nov 2024,202411,48,26,Tuesday,2024,30,2024-11-30,False,False,False,True
20241127,2024-11-27,2024,4,Q4,11,November,Nov 2024,202411,48,27,Wednesday,2024,30,2024-11-30,False,False,False,True
20241128,2024-11-28,2024,4,Q4,11,November,Nov 2024,202411,48,28,Thursday,2024,30,2024-11-30,False,False,False,True
20241129,2024-11-29,2024,4,Q4,11,November,Nov 2024,202411,48,29,Friday,2024,30,2024-11-30,False,False,False,True
20241130,2024-11-30,2024,4,Q4,11,November,Nov 2024,202411,48,30,Saturday,2024,30,2024-11-30,True,False,True,True
20241201,2024-12-01,2024,4,Q4,12,December,Dec 2024,202412,48,1,Sunday,2024,31,2024-12-31,True,True,False,True
20241202,2024-12-02,2024,4,Q4,12,December,Dec 2024,202412,49,2,Monday,2024,31,2024-12-31,False,False,False,True
20241203,2024-12-03,2024,4,Q4,12,December,Dec 2024,202412,49,3,Tuesday,2024,31,2024-12-31,False,False,False,True
20241204,2024-12-04,2024,4,Q4,12,December,Dec 2024,202412,49,4,Wednesday,2024,31,2024-12-31,False,False,False,True
20241205,2024-12-05,2024,4,Q4,12,December,Dec 2024,202412,49,5,Thursday,2024,31,2024-12-31,False,False,False,True
20241206,2024-12-06,2024,4,Q4,12,December,Dec 2024,202412,49,6,Friday,2024,31,2024-12-31,False,False,False,True
20241207,2024-12-07,2024,4,Q4,12,December,Dec 2024,202412,49,7,Saturday,2024,31,2024-12-31,True,False,False,True
20241208,2024-12-08,2024,4,Q4,12,December,Dec 2024,202412,49,8,Sunday,2024,31,2024-12-31,True,False,False,True
20241209,2024-12-09,2024,4,Q4,12,December,Dec 2024,202412,50,9,Monday,2024,31,2024-12-31,False,False,False,True
20241210,2024-12-10,2024,4,Q4,12,December,Dec 2024,202412,50,10,Tuesday,2024,31,2024-12-31,False,False,False,True
20241211,2024-12-11,2024,4,Q4,12,December,Dec 2024,202412,50,11,Wednesday,2024,31,2024-12-31,False,False,False,True
20241212,2024-12-12,2024,4,Q4,12,December,Dec 2024,202412,50,12,Thursday,2024,31,2024-12-31,False,False,False,True
20241213,2024-12-13,2024,4,Q4,12,December,Dec 2024,202412,50,13,Friday,2024,31,2024-12-31,False,False,False,True
20241214,2024-12-14,2024,4,Q4,12,December,Dec 2024,202412,50,14,Saturday,2024,31,2024-12-31,True,False,False,True
20241215,2024-12-15,2024,4,Q4,12,December,Dec 2024,202412,50,15,Sunday,2024,31,2024-12-31,True,False,False,True
20241216,2024-12-16,2024,4,Q4,12,December,Dec 2024,202412,51,16,Monday,2024,31,2024-12-31,False,False,False,True
20241217,2024-12-17,2024,4,Q4,12,December,Dec 2024,202412,51,17,Tuesday,2024,31,2024-12-31,False,False,False,True
20241218,2024-12-18,2024,4,Q4,12,December,Dec 2024,202412,51,18,Wednesday,2024,31,2024-12-31,False,False,False,True
20241219,2024-12-19,2024,4,Q4,12,December,Dec 2024,202412,51,19,Thursday,2024,31,2024-12-31,False,False,False,True
20241220,2024-12-20,2024,4,Q4,12,December,Dec 2024,202412,51,20,Friday,2024,31,2024-12-31,False,False,False,True
20241221,2024-12-21,2024,4,Q4,12,December,Dec 2024,202412,51,21,Saturday,2024,31,2024-12-31,True,False,False,True
20241222,2024-12-22,2024,4,Q4,12,December,Dec 2024,202412,51,22,Sunday,2024,31,2024-12-31,True,False,False,True
20241223,2024-12-23,2024,4,Q4,12,December,Dec 2024,202412,52,23,Monday,2024,31,2024-12-31,False,False,False,True
20241224,2024-12-24,2024,4,Q4,12,December,Dec 2024,202412,52,24,Tuesday,2024,31,2024-12-31,False,False,False,True
20241225,2024-12-25,2024,4,Q4,12,December,Dec 2024,202412,52,25,Wednesday,2024,31,2024-12-31,False,False,False,True
20241226,2024-12-26,2024,4,Q4,12,December,Dec 2024,202412,52,26,Thursday,2024,31,2024-12-31,False,False,False,True
20241227,2024-12-27,2024,4,Q4,12,December,Dec 2024,202412,52,27,Friday,2024,31,2024-12-31,False,False,False,True
20241228,2024-12-28,2024,4,Q4,12,December,Dec 2024,202412,52,28,Saturday,2024,31,2024-12-31,True,False,False,True
20241229,2024-12-29,2024,4,Q4,12,December,Dec 2024,202412,52,29,Sunday,2024,31,2024-12-31,True,False,False,True
20241230,2024-12-30,2024,4,Q4,12,December,Dec 2024,202412,1,30,Monday,2024,31,2024-12-31,False,False,False,True
20241231,2024-12-31,2024,4,Q4,12,December,Dec 2024,202412,1,31,Tuesday,2024,31,2024-12-31,False,False,True,True
20250101,2025-01-01,2025,1,Q1,1,January,Jan 2025,202501,1,1,Wednesday,2025,31,2025-01-31,False,True,False,False
20250102,2025-01-02,2025,1,Q1,1,January,Jan 2025,202501,1,2,Thursday,2025,31,2025-01-31,False,False,False,False
20250103,2025-01-03,2025,1,Q1,1,January,Jan 2025,202501,1,3,Friday,2025,31,2025-01-31,False,False,False,False
20250104,2025-01-04,2025,1,Q1,1,January,Jan 2025,202501,1,4,Saturday,2025,31,2025-01-31,True,False,False,False
20250105,2025-01-05,2025,1,Q1,1,January,Jan 2025,202501,1,5,Sunday,2025,31,2025-01-31,True,False,False,False
20250106,2025-01-06,2025,1,Q1,1,January,Jan 2025,202501,2,6,Monday,2025,31,2025-01-31,False,False,False,False
20250107,2025-01-07,2025,1,Q1,1,January,Jan 2025,202501,2,7,Tuesday,2025,31,2025-01-31,False,False,False,False
20250108,2025-01-08,2025,1,Q1,1,January,Jan 2025,202501,2,8,Wednesday,2025,31,2025-01-31,False,False,False,False
20250109,2025-01-09,2025,1,Q1,1,January,Jan 2025,202501,2,9,Thursday,2025,31,2025-01-31,False,False,False,False
20250110,2025-01-10,2025,1,Q1,1,January,Jan 2025,202501,2,10,Friday,2025,31,2025-01-31,False,False,False,False
20250111,2025-01-11,2025,1,Q1,1,January,Jan 2025,202501,2,11,Saturday,2025,31,2025-01-31,True,False,False,False
20250112,2025-01-12,2025,1,Q1,1,January,Jan 2025,202501,2,12,Sunday,2025,31,2025-01-31,True,False,False,False
20250113,2025-01-13,2025,1,Q1,1,January,Jan 2025,202501,3,13,Monday,2025,31,2025-01-31,False,False,False,False
20250114,2025-01-14,2025,1,Q1,1,January,Jan 2025,202501,3,14,Tuesday,2025,31,2025-01-31,False,False,False,False
20250115,2025-01-15,2025,1,Q1,1,January,Jan 2025,202501,3,15,Wednesday,2025,31,2025-01-31,False,False,False,False
20250116,2025-01-16,2025,1,Q1,1,January,Jan 2025,202501,3,16,Thursday,2025,31,2025-01-31,False,False,False,False
20250117,2025-01-17,2025,1,Q1,1,January,Jan 2025,202501,3,17,Friday,2025,31,2025-01-31,False,False,False,False
20250118,2025-01-18,2025,1,Q1,1,January,Jan 2025,202501,3,18,Saturday,2025,31,2025-01-31,True,False,False,False
20250119,2025-01-19,2025,1,Q1,1,January,Jan 2025,202501,3,19,Sunday,2025,31,2025-01-31,True,False,False,False
20250120,2025-01-20,2025,1,Q1,1,January,Jan 2025,202501,4,20,Monday,2025,31,2025-01-31,False,False,False,False
20250121,2025-01-21,2025,1,Q1,1,January,Jan 2025,202501,4,21,Tuesday,2025,31,2025-01-31,False,False,False,False
20250122,2025-01-22,2025,1,Q1,1,January,Jan 2025,202501,4,22,Wednesday,2025,31,2025-01-31,False,False,False,False
20250123,2025-01-23,2025,1,Q1,1,January,Jan 2025,202501,4,23,Thursday,2025,31,2025-01-31,False,False,False,False
20250124,2025-01-24,2025,1,Q1,1,January,Jan 2025,202501,4,24,Friday,2025,31,2025-01-31,False,False,False,False
20250125,2025-01-25,2025,1,Q1,1,January,Jan 2025,202501,4,25,Saturday,2025,31,2025-01-31,True,False,False,False
20250126,2025-01-26,2025,1,Q1,1,January,Jan 2025,202501,4,26,Sunday,2025,31,2025-01-31,True,False,False,False
20250127,2025-01-27,2025,1,Q1,1,January,Jan 2025,202501,5,27,Monday,2025,31,2025-01-31,False,False,False,False
20250128,2025-01-28,2025,1,Q1,1,January,Jan 2025,202501,5,28,Tuesday,2025,31,2025-01-31,False,False,False,False
20250129,2025-01-29,2025,1,Q1,1,January,Jan 2025,202501,5,29,Wednesday,2025,31,2025-01-31,False,False,False,False
20250130,2025-01-30,2025,1,Q1,1,January,Jan 2025,202501,5,30,Thursday,2025,31,2025-01-31,False,False,False,False
20250131,2025-01-31,2025,1,Q1,1,January,Jan 2025,202501,5,31,Friday,2025,31,2025-01-31,False,False,True,False
20250201,2025-02-01,2025,1,Q1,2,February,Feb 2025,202502,5,1,Saturday,2025,28,2025-02-28,True,True,False,False
20250202,2025-02-02,2025,1,Q1,2,February,Feb 2025,202502,5,2,Sunday,2025,28,2025-02-28,True,False,False,False
20250203,2025-02-03,2025,1,Q1,2,February,Feb 2025,202502,6,3,Monday,2025,28,2025-02-28,False,False,False,False
20250204,2025-02-04,2025,1,Q1,2,February,Feb 2025,202502,6,4,Tuesday,2025,28,2025-02-28,False,False,False,False
20250205,2025-02-05,2025,1,Q1,2,February,Feb 2025,202502,6,5,Wednesday,2025,28,2025-02-28,False,False,False,False
20250206,2025-02-06,2025,1,Q1,2,February,Feb 2025,202502,6,6,Thursday,2025,28,2025-02-28,False,False,False,False
20250207,2025-02-07,2025,1,Q1,2,February,Feb 2025,202502,6,7,Friday,2025,28,2025-02-28,False,False,False,False
20250208,2025-02-08,2025,1,Q1,2,February,Feb 2025,202502,6,8,Saturday,2025,28,2025-02-28,True,False,False,False
20250209,2025-02-09,2025,1,Q1,2,February,Feb 2025,202502,6,9,Sunday,2025,28,2025-02-28,True,False,False,False
20250210,2025-02-10,2025,1,Q1,2,February,Feb 2025,202502,7,10,Monday,2025,28,2025-02-28,False,False,False,False
20250211,2025-02-11,2025,1,Q1,2,February,Feb 2025,202502,7,11,Tuesday,2025,28,2025-02-28,False,False,False,False
20250212,2025-02-12,2025,1,Q1,2,February,Feb 2025,202502,7,12,Wednesday,2025,28,2025-02-28,False,False,False,False
20250213,2025-02-13,2025,1,Q1,2,February,Feb 2025,202502,7,13,Thursday,2025,28,2025-02-28,False,False,False,False
20250214,2025-02-14,2025,1,Q1,2,February,Feb 2025,202502,7,14,Friday,2025,28,2025-02-28,False,False,False,False
20250215,2025-02-15,2025,1,Q1,2,February,Feb 2025,202502,7,15,Saturday,2025,28,2025-02-28,True,False,False,False
20250216,2025-02-16,2025,1,Q1,2,February,Feb 2025,202502,7,16,Sunday,2025,28,2025-02-28,True,False,False,False
20250217,2025-02-17,2025,1,Q1,2,February,Feb 2025,202502,8,17,Monday,2025,28,2025-02-28,False,False,False,False
20250218,2025-02-18,2025,1,Q1,2,February,Feb 2025,202502,8,18,Tuesday,2025,28,2025-02-28,False,False,False,False
20250219,2025-02-19,2025,1,Q1,2,February,Feb 2025,202502,8,19,Wednesday,2025,28,2025-02-28,False,False,False,False
20250220,2025-02-20,2025,1,Q1,2,February,Feb 2025,202502,8,20,Thursday,2025,28,2025-02-28,False,False,False,False
20250221,2025-02-21,2025,1,Q1,2,February,Feb 2025,202502,8,21,Friday,2025,28,2025-02-28,False,False,False,False
20250222,2025-02-22,2025,1,Q1,2,February,Feb 2025,202502,8,22,Saturday,2025,28,2025-02-28,True,False,False,False
20250223,2025-02-23,2025,1,Q1,2,February,Feb 2025,202502,8,23,Sunday,2025,28,2025-02-28,True,False,False,False
20250224,2025-02-24,2025,1,Q1,2,February,Feb 2025,202502,9,24,Monday,2025,28,2025-02-28,False,False,False,False
20250225,2025-02-25,2025,1,Q1,2,February,Feb 2025,202502,9,25,Tuesday,2025,28,2025-02-28,False,False,False,False
20250226,2025-02-26,2025,1,Q1,2,February,Feb 2025,202502,9,26,Wednesday,2025,28,2025-02-28,False,False,False,False
20250227,2025-02-27,2025,1,Q1,2,February,Feb 2025,202502,9,27,Thursday,2025,28,2025-02-28,False,False,False,False
20250228,2025-02-28,2025,1,Q1,2,February,Feb 2025,202502,9,28,Friday,2025,28,2025-02-28,False,False,True,False
20250301,2025-03-01,2025,1,Q1,3,March,Mar 2025,202503,9,1,Saturday,2025,31,2025-03-31,True,True,False,False
20250302,2025-03-02,2025,1,Q1,3,March,Mar 2025,202503,9,2,Sunday,2025,31,2025-03-31,True,False,False,False
20250303,2025-03-03,2025,1,Q1,3,March,Mar 2025,202503,10,3,Monday,2025,31,2025-03-31,False,False,False,False
20250304,2025-03-04,2025,1,Q1,3,March,Mar 2025,202503,10,4,Tuesday,2025,31,2025-03-31,False,False,False,False
20250305,2025-03-05,2025,1,Q1,3,March,Mar 2025,202503,10,5,Wednesday,2025,31,2025-03-31,False,False,False,False
20250306,2025-03-06,2025,1,Q1,3,March,Mar 2025,202503,10,6,Thursday,2025,31,2025-03-31,False,False,False,False
20250307,2025-03-07,2025,1,Q1,3,March,Mar 2025,202503,10,7,Friday,2025,31,2025-03-31,False,False,False,False
20250308,2025-03-08,2025,1,Q1,3,March,Mar 2025,202503,10,8,Saturday,2025,31,2025-03-31,True,False,False,False
20250309,2025-03-09,2025,1,Q1,3,March,Mar 2025,202503,10,9,Sunday,2025,31,2025-03-31,True,False,False,False
20250310,2025-03-10,2025,1,Q1,3,March,Mar 2025,202503,11,10,Monday,2025,31,2025-03-31,False,False,False,False
20250311,2025-03-11,2025,1,Q1,3,March,Mar 2025,202503,11,11,Tuesday,2025,31,2025-03-31,False,False,False,False
20250312,2025-03-12,2025,1,Q1,3,March,Mar 2025,202503,11,12,Wednesday,2025,31,2025-03-31,False,False,False,False
20250313,2025-03-13,2025,1,Q1,3,March,Mar 2025,202503,11,13,Thursday,2025,31,2025-03-31,False,False,False,False
20250314,2025-03-14,2025,1,Q1,3,March,Mar 2025,202503,11,14,Friday,2025,31,2025-03-31,False,False,False,False
20250315,2025-03-15,2025,1,Q1,3,March,Mar 2025,202503,11,15,Saturday,2025,31,2025-03-31,True,False,False,False
20250316,2025-03-16,2025,1,Q1,3,March,Mar 2025,202503,11,16,Sunday,2025,31,2025-03-31,True,False,False,False
20250317,2025-03-17,2025,1,Q1,3,March,Mar 2025,202503,12,17,Monday,2025,31,2025-03-31,False,False,False,False
20250318,2025-03-18,2025,1,Q1,3,March,Mar 2025,202503,12,18,Tuesday,2025,31,2025-03-31,False,False,False,False
20250319,2025-03-19,2025,1,Q1,3,March,Mar 2025,202503,12,19,Wednesday,2025,31,2025-03-31,False,False,False,False
20250320,2025-03-20,2025,1,Q1,3,March,Mar 2025,202503,12,20,Thursday,2025,31,2025-03-31,False,False,False,False
20250321,2025-03-21,2025,1,Q1,3,March,Mar 2025,202503,12,21,Friday,2025,31,2025-03-31,False,False,False,False
20250322,2025-03-22,2025,1,Q1,3,March,Mar 2025,202503,12,22,Saturday,2025,31,2025-03-31,True,False,False,False
20250323,2025-03-23,2025,1,Q1,3,March,Mar 2025,202503,12,23,Sunday,2025,31,2025-03-31,True,False,False,False
20250324,2025-03-24,2025,1,Q1,3,March,Mar 2025,202503,13,24,Monday,2025,31,2025-03-31,False,False,False,False
20250325,2025-03-25,2025,1,Q1,3,March,Mar 2025,202503,13,25,Tuesday,2025,31,2025-03-31,False,False,False,False
20250326,2025-03-26,2025,1,Q1,3,March,Mar 2025,202503,13,26,Wednesday,2025,31,2025-03-31,False,False,False,False
20250327,2025-03-27,2025,1,Q1,3,March,Mar 2025,202503,13,27,Thursday,2025,31,2025-03-31,False,False,False,False
20250328,2025-03-28,2025,1,Q1,3,March,Mar 2025,202503,13,28,Friday,2025,31,2025-03-31,False,False,False,False
20250329,2025-03-29,2025,1,Q1,3,March,Mar 2025,202503,13,29,Saturday,2025,31,2025-03-31,True,False,False,False
20250330,2025-03-30,2025,1,Q1,3,March,Mar 2025,202503,13,30,Sunday,2025,31,2025-03-31,True,False,False,False
20250331,2025-03-31,2025,1,Q1,3,March,Mar 2025,202503,14,31,Monday,2025,31,2025-03-31,False,False,True,False
20250401,2025-04-01,2025,2,Q2,4,April,Apr 2025,202504,14,1,Tuesday,2025,30,2025-04-30,False,True,False,False
20250402,2025-04-02,2025,2,Q2,4,April,Apr 2025,202504,14,2,Wednesday,2025,30,2025-04-30,False,False,False,False
20250403,2025-04-03,2025,2,Q2,4,April,Apr 2025,202504,14,3,Thursday,2025,30,2025-04-30,False,False,False,False
20250404,2025-04-04,2025,2,Q2,4,April,Apr 2025,202504,14,4,Friday,2025,30,2025-04-30,False,False,False,False
20250405,2025-04-05,2025,2,Q2,4,April,Apr 2025,202504,14,5,Saturday,2025,30,2025-04-30,True,False,False,False
20250406,2025-04-06,2025,2,Q2,4,April,Apr 2025,202504,14,6,Sunday,2025,30,2025-04-30,True,False,False,False
20250407,2025-04-07,2025,2,Q2,4,April,Apr 2025,202504,15,7,Monday,2025,30,2025-04-30,False,False,False,False
20250408,2025-04-08,2025,2,Q2,4,April,Apr 2025,202504,15,8,Tuesday,2025,30,2025-04-30,False,False,False,False
20250409,2025-04-09,2025,2,Q2,4,April,Apr 2025,202504,15,9,Wednesday,2025,30,2025-04-30,False,False,False,False
20250410,2025-04-10,2025,2,Q2,4,April,Apr 2025,202504,15,10,Thursday,2025,30,2025-04-30,False,False,False,False
20250411,2025-04-11,2025,2,Q2,4,April,Apr 2025,202504,15,11,Friday,2025,30,2025-04-30,False,False,False,False
20250412,2025-04-12,2025,2,Q2,4,April,Apr 2025,202504,15,12,Saturday,2025,30,2025-04-30,True,False,False,False
20250413,2025-04-13,2025,2,Q2,4,April,Apr 2025,202504,15,13,Sunday,2025,30,2025-04-30,True,False,False,False
20250414,2025-04-14,2025,2,Q2,4,April,Apr 2025,202504,16,14,Monday,2025,30,2025-04-30,False,False,False,False
20250415,2025-04-15,2025,2,Q2,4,April,Apr 2025,202504,16,15,Tuesday,2025,30,2025-04-30,False,False,False,False
20250416,2025-04-16,2025,2,Q2,4,April,Apr 2025,202504,16,16,Wednesday,2025,30,2025-04-30,False,False,False,False
20250417,2025-04-17,2025,2,Q2,4,April,Apr 2025,202504,16,17,Thursday,2025,30,2025-04-30,False,False,False,False
20250418,2025-04-18,2025,2,Q2,4,April,Apr 2025,202504,16,18,Friday,2025,30,2025-04-30,False,False,False,False
20250419,2025-04-19,2025,2,Q2,4,April,Apr 2025,202504,16,19,Saturday,2025,30,2025-04-30,True,False,False,False
20250420,2025-04-20,2025,2,Q2,4,April,Apr 2025,202504,16,20,Sunday,2025,30,2025-04-30,True,False,False,False
20250421,2025-04-21,2025,2,Q2,4,April,Apr 2025,202504,17,21,Monday,2025,30,2025-04-30,False,False,False,False
20250422,2025-04-22,2025,2,Q2,4,April,Apr 2025,202504,17,22,Tuesday,2025,30,2025-04-30,False,False,False,False
20250423,2025-04-23,2025,2,Q2,4,April,Apr 2025,202504,17,23,Wednesday,2025,30,2025-04-30,False,False,False,False
20250424,2025-04-24,2025,2,Q2,4,April,Apr 2025,202504,17,24,Thursday,2025,30,2025-04-30,False,False,False,False
20250425,2025-04-25,2025,2,Q2,4,April,Apr 2025,202504,17,25,Friday,2025,30,2025-04-30,False,False,False,False
20250426,2025-04-26,2025,2,Q2,4,April,Apr 2025,202504,17,26,Saturday,2025,30,2025-04-30,True,False,False,False
20250427,2025-04-27,2025,2,Q2,4,April,Apr 2025,202504,17,27,Sunday,2025,30,2025-04-30,True,False,False,False
20250428,2025-04-28,2025,2,Q2,4,April,Apr 2025,202504,18,28,Monday,2025,30,2025-04-30,False,False,False,False
20250429,2025-04-29,2025,2,Q2,4,April,Apr 2025,202504,18,29,Tuesday,2025,30,2025-04-30,False,False,False,False
20250430,2025-04-30,2025,2,Q2,4,April,Apr 2025,202504,18,30,Wednesday,2025,30,2025-04-30,False,False,True,False
20250501,2025-05-01,2025,2,Q2,5,May,May 2025,202505,18,1,Thursday,2025,31,2025-05-31,False,True,False,False
20250502,2025-05-02,2025,2,Q2,5,May,May 2025,202505,18,2,Friday,2025,31,2025-05-31,False,False,False,False
20250503,2025-05-03,2025,2,Q2,5,May,May 2025,202505,18,3,Saturday,2025,31,2025-05-31,True,False,False,False
20250504,2025-05-04,2025,2,Q2,5,May,May 2025,202505,18,4,Sunday,2025,31,2025-05-31,True,False,False,False
20250505,2025-05-05,2025,2,Q2,5,May,May 2025,202505,19,5,Monday,2025,31,2025-05-31,False,False,False,False
20250506,2025-05-06,2025,2,Q2,5,May,May 2025,202505,19,6,Tuesday,2025,31,2025-05-31,False,False,False,False
20250507,2025-05-07,2025,2,Q2,5,May,May 2025,202505,19,7,Wednesday,2025,31,2025-05-31,False,False,False,False
20250508,2025-05-08,2025,2,Q2,5,May,May 2025,202505,19,8,Thursday,2025,31,2025-05-31,False,False,False,False
20250509,2025-05-09,2025,2,Q2,5,May,May 2025,202505,19,9,Friday,2025,31,2025-05-31,False,False,False,False
20250510,2025-05-10,2025,2,Q2,5,May,May 2025,202505,19,10,Saturday,2025,31,2025-05-31,True,False,False,False
20250511,2025-05-11,2025,2,Q2,5,May,May 2025,202505,19,11,Sunday,2025,31,2025-05-31,True,False,False,False
20250512,2025-05-12,2025,2,Q2,5,May,May 2025,202505,20,12,Monday,2025,31,2025-05-31,False,False,False,False
20250513,2025-05-13,2025,2,Q2,5,May,May 2025,202505,20,13,Tuesday,2025,31,2025-05-31,False,False,False,False
20250514,2025-05-14,2025,2,Q2,5,May,May 2025,202505,20,14,Wednesday,2025,31,2025-05-31,False,False,False,False
20250515,2025-05-15,2025,2,Q2,5,May,May 2025,202505,20,15,Thursday,2025,31,2025-05-31,False,False,False,False
20250516,2025-05-16,2025,2,Q2,5,May,May 2025,202505,20,16,Friday,2025,31,2025-05-31,False,False,False,False
20250517,2025-05-17,2025,2,Q2,5,May,May 2025,202505,20,17,Saturday,2025,31,2025-05-31,True,False,False,False
20250518,2025-05-18,2025,2,Q2,5,May,May 2025,202505,20,18,Sunday,2025,31,2025-05-31,True,False,False,False
20250519,2025-05-19,2025,2,Q2,5,May,May 2025,202505,21,19,Monday,2025,31,2025-05-31,False,False,False,False
20250520,2025-05-20,2025,2,Q2,5,May,May 2025,202505,21,20,Tuesday,2025,31,2025-05-31,False,False,False,False
20250521,2025-05-21,2025,2,Q2,5,May,May 2025,202505,21,21,Wednesday,2025,31,2025-05-31,False,False,False,False
20250522,2025-05-22,2025,2,Q2,5,May,May 2025,202505,21,22,Thursday,2025,31,2025-05-31,False,False,False,False
20250523,2025-05-23,2025,2,Q2,5,May,May 2025,202505,21,23,Friday,2025,31,2025-05-31,False,False,False,False
20250524,2025-05-24,2025,2,Q2,5,May,May 2025,202505,21,24,Saturday,2025,31,2025-05-31,True,False,False,False
20250525,2025-05-25,2025,2,Q2,5,May,May 2025,202505,21,25,Sunday,2025,31,2025-05-31,True,False,False,False
20250526,2025-05-26,2025,2,Q2,5,May,May 2025,202505,22,26,Monday,2025,31,2025-05-31,False,False,False,False
20250527,2025-05-27,2025,2,Q2,5,May,May 2025,202505,22,27,Tuesday,2025,31,2025-05-31,False,False,False,False
20250528,2025-05-28,2025,2,Q2,5,May,May 2025,202505,22,28,Wednesday,2025,31,2025-05-31,False,False,False,False
20250529,2025-05-29,2025,2,Q2,5,May,May 2025,202505,22,29,Thursday,2025,31,2025-05-31,False,False,False,False
20250530,2025-05-30,2025,2,Q2,5,May,May 2025,202505,22,30,Friday,2025,31,2025-05-31,False,False,False,False
20250531,2025-05-31,2025,2,Q2,5,May,May 2025,202505,22,31,Saturday,2025,31,2025-05-31,True,False,True,False
20250601,2025-06-01,2025,2,Q2,6,June,Jun 2025,202506,22,1,Sunday,2025,30,2025-06-30,True,True,False,False
20250602,2025-06-02,2025,2,Q2,6,June,Jun 2025,202506,23,2,Monday,2025,30,2025-06-30,False,False,False,False
20250603,2025-06-03,2025,2,Q2,6,June,Jun 2025,202506,23,3,Tuesday,2025,30,2025-06-30,False,False,False,False
20250604,2025-06-04,2025,2,Q2,6,June,Jun 2025,202506,23,4,Wednesday,2025,30,2025-06-30,False,False,False,False
20250605,2025-06-05,2025,2,Q2,6,June,Jun 2025,202506,23,5,Thursday,2025,30,2025-06-30,False,False,False,False
20250606,2025-06-06,2025,2,Q2,6,June,Jun 2025,202506,23,6,Friday,2025,30,2025-06-30,False,False,False,False
20250607,2025-06-07,2025,2,Q2,6,June,Jun 2025,202506,23,7,Saturday,2025,30,2025-06-30,True,False,False,False
20250608,2025-06-08,2025,2,Q2,6,June,Jun 2025,202506,23,8,Sunday,2025,30,2025-06-30,True,False,False,False
20250609,2025-06-09,2025,2,Q2,6,June,Jun 2025,202506,24,9,Monday,2025,30,2025-06-30,False,False,False,False
20250610,2025-06-10,2025,2,Q2,6,June,Jun 2025,202506,24,10,Tuesday,2025,30,2025-06-30,False,False,False,False
20250611,2025-06-11,2025,2,Q2,6,June,Jun 2025,202506,24,11,Wednesday,2025,30,2025-06-30,False,False,False,False
20250612,2025-06-12,2025,2,Q2,6,June,Jun 2025,202506,24,12,Thursday,2025,30,2025-06-30,False,False,False,False
20250613,2025-06-13,2025,2,Q2,6,June,Jun 2025,202506,24,13,Friday,2025,30,2025-06-30,False,False,False,False
20250614,2025-06-14,2025,2,Q2,6,June,Jun 2025,202506,24,14,Saturday,2025,30,2025-06-30,True,False,False,False
20250615,2025-06-15,2025,2,Q2,6,June,Jun 2025,202506,24,15,Sunday,2025,30,2025-06-30,True,False,False,False
20250616,2025-06-16,2025,2,Q2,6,June,Jun 2025,202506,25,16,Monday,2025,30,2025-06-30,False,False,False,False
20250617,2025-06-17,2025,2,Q2,6,June,Jun 2025,202506,25,17,Tuesday,2025,30,2025-06-30,False,False,False,False
20250618,2025-06-18,2025,2,Q2,6,June,Jun 2025,202506,25,18,Wednesday,2025,30,2025-06-30,False,False,False,False
20250619,2025-06-19,2025,2,Q2,6,June,Jun 2025,202506,25,19,Thursday,2025,30,2025-06-30,False,False,False,False
20250620,2025-06-20,2025,2,Q2,6,June,Jun 2025,202506,25,20,Friday,2025,30,2025-06-30,False,False,False,False
20250621,2025-06-21,2025,2,Q2,6,June,Jun 2025,202506,25,21,Saturday,2025,30,2025-06-30,True,False,False,False
20250622,2025-06-22,2025,2,Q2,6,June,Jun 2025,202506,25,22,Sunday,2025,30,2025-06-30,True,False,False,False
20250623,2025-06-23,2025,2,Q2,6,June,Jun 2025,202506,26,23,Monday,2025,30,2025-06-30,False,False,False,False
20250624,2025-06-24,2025,2,Q2,6,June,Jun 2025,202506,26,24,Tuesday,2025,30,2025-06-30,False,False,False,False
20250625,2025-06-25,2025,2,Q2,6,June,Jun 2025,202506,26,25,Wednesday,2025,30,2025-06-30,False,False,False,False
20250626,2025-06-26,2025,2,Q2,6,June,Jun 2025,202506,26,26,Thursday,2025,30,2025-06-30,False,False,False,False
20250627,2025-06-27,2025,2,Q2,6,June,Jun 2025,202506,26,27,Friday,2025,30,2025-06-30,False,False,False,False
20250628,2025-06-28,2025,2,Q2,6,June,Jun 2025,202506,26,28,Saturday,2025,30,2025-06-30,True,False,False,False
20250629,2025-06-29,2025,2,Q2,6,June,Jun 2025,202506,26,29,Sunday,2025,30,2025-06-30,True,False,False,False
20250630,2025-06-30,2025,2,Q2,6,June,Jun 2025,202506,27,30,Monday,2025,30,2025-06-30,False,False,True,False
20250701,2025-07-01,2025,3,Q3,7,July,Jul 2025,202507,27,1,Tuesday,2025,31,2025-07-31,False,True,False,False
20250702,2025-07-02,2025,3,Q3,7,July,Jul 2025,202507,27,2,Wednesday,2025,31,2025-07-31,False,False,False,False
20250703,2025-07-03,2025,3,Q3,7,July,Jul 2025,202507,27,3,Thursday,2025,31,2025-07-31,False,False,False,False
20250704,2025-07-04,2025,3,Q3,7,July,Jul 2025,202507,27,4,Friday,2025,31,2025-07-31,False,False,False,False
20250705,2025-07-05,2025,3,Q3,7,July,Jul 2025,202507,27,5,Saturday,2025,31,2025-07-31,True,False,False,False
20250706,2025-07-06,2025,3,Q3,7,July,Jul 2025,202507,27,6,Sunday,2025,31,2025-07-31,True,False,False,False
20250707,2025-07-07,2025,3,Q3,7,July,Jul 2025,202507,28,7,Monday,2025,31,2025-07-31,False,False,False,False
20250708,2025-07-08,2025,3,Q3,7,July,Jul 2025,202507,28,8,Tuesday,2025,31,2025-07-31,False,False,False,False
20250709,2025-07-09,2025,3,Q3,7,July,Jul 2025,202507,28,9,Wednesday,2025,31,2025-07-31,False,False,False,False
20250710,2025-07-10,2025,3,Q3,7,July,Jul 2025,202507,28,10,Thursday,2025,31,2025-07-31,False,False,False,False
20250711,2025-07-11,2025,3,Q3,7,July,Jul 2025,202507,28,11,Friday,2025,31,2025-07-31,False,False,False,False
20250712,2025-07-12,2025,3,Q3,7,July,Jul 2025,202507,28,12,Saturday,2025,31,2025-07-31,True,False,False,False
20250713,2025-07-13,2025,3,Q3,7,July,Jul 2025,202507,28,13,Sunday,2025,31,2025-07-31,True,False,False,False
20250714,2025-07-14,2025,3,Q3,7,July,Jul 2025,202507,29,14,Monday,2025,31,2025-07-31,False,False,False,False
20250715,2025-07-15,2025,3,Q3,7,July,Jul 2025,202507,29,15,Tuesday,2025,31,2025-07-31,False,False,False,False
20250716,2025-07-16,2025,3,Q3,7,July,Jul 2025,202507,29,16,Wednesday,2025,31,2025-07-31,False,False,False,False
20250717,2025-07-17,2025,3,Q3,7,July,Jul 2025,202507,29,17,Thursday,2025,31,2025-07-31,False,False,False,False
20250718,2025-07-18,2025,3,Q3,7,July,Jul 2025,202507,29,18,Friday,2025,31,2025-07-31,False,False,False,False
20250719,2025-07-19,2025,3,Q3,7,July,Jul 2025,202507,29,19,Saturday,2025,31,2025-07-31,True,False,False,False
20250720,2025-07-20,2025,3,Q3,7,July,Jul 2025,202507,29,20,Sunday,2025,31,2025-07-31,True,False,False,False
20250721,2025-07-21,2025,3,Q3,7,July,Jul 2025,202507,30,21,Monday,2025,31,2025-07-31,False,False,False,False
20250722,2025-07-22,2025,3,Q3,7,July,Jul 2025,202507,30,22,Tuesday,2025,31,2025-07-31,False,False,False,False
20250723,2025-07-23,2025,3,Q3,7,July,Jul 2025,202507,30,23,Wednesday,2025,31,2025-07-31,False,False,False,False
20250724,2025-07-24,2025,3,Q3,7,July,Jul 2025,202507,30,24,Thursday,2025,31,2025-07-31,False,False,False,False
20250725,2025-07-25,2025,3,Q3,7,July,Jul 2025,202507,30,25,Friday,2025,31,2025-07-31,False,False,False,False
20250726,2025-07-26,2025,3,Q3,7,July,Jul 2025,202507,30,26,Saturday,2025,31,2025-07-31,True,False,False,False
20250727,2025-07-27,2025,3,Q3,7,July,Jul 2025,202507,30,27,Sunday,2025,31,2025-07-31,True,False,False,False
20250728,2025-07-28,2025,3,Q3,7,July,Jul 2025,202507,31,28,Monday,2025,31,2025-07-31,False,False,False,False
20250729,2025-07-29,2025,3,Q3,7,July,Jul 2025,202507,31,29,Tuesday,2025,31,2025-07-31,False,False,False,False
20250730,2025-07-30,2025,3,Q3,7,July,Jul 2025,202507,31,30,Wednesday,2025,31,2025-07-31,False,False,False,False
20250731,2025-07-31,2025,3,Q3,7,July,Jul 2025,202507,31,31,Thursday,2025,31,2025-07-31,False,False,True,False
20250801,2025-08-01,2025,3,Q3,8,August,Aug 2025,202508,31,1,Friday,2025,31,2025-08-31,False,True,False,False
20250802,2025-08-02,2025,3,Q3,8,August,Aug 2025,202508,31,2,Saturday,2025,31,2025-08-31,True,False,False,False
20250803,2025-08-03,2025,3,Q3,8,August,Aug 2025,202508,31,3,Sunday,2025,31,2025-08-31,True,False,False,False
20250804,2025-08-04,2025,3,Q3,8,August,Aug 2025,202508,32,4,Monday,2025,31,2025-08-31,False,False,False,False
20250805,2025-08-05,2025,3,Q3,8,August,Aug 2025,202508,32,5,Tuesday,2025,31,2025-08-31,False,False,False,False
20250806,2025-08-06,2025,3,Q3,8,August,Aug 2025,202508,32,6,Wednesday,2025,31,2025-08-31,False,False,False,False
20250807,2025-08-07,2025,3,Q3,8,August,Aug 2025,202508,32,7,Thursday,2025,31,2025-08-31,False,False,False,False
20250808,2025-08-08,2025,3,Q3,8,August,Aug 2025,202508,32,8,Friday,2025,31,2025-08-31,False,False,False,False
20250809,2025-08-09,2025,3,Q3,8,August,Aug 2025,202508,32,9,Saturday,2025,31,2025-08-31,True,False,False,False
20250810,2025-08-10,2025,3,Q3,8,August,Aug 2025,202508,32,10,Sunday,2025,31,2025-08-31,True,False,False,False
20250811,2025-08-11,2025,3,Q3,8,August,Aug 2025,202508,33,11,Monday,2025,31,2025-08-31,False,False,False,False
20250812,2025-08-12,2025,3,Q3,8,August,Aug 2025,202508,33,12,Tuesday,2025,31,2025-08-31,False,False,False,False
20250813,2025-08-13,2025,3,Q3,8,August,Aug 2025,202508,33,13,Wednesday,2025,31,2025-08-31,False,False,False,False
20250814,2025-08-14,2025,3,Q3,8,August,Aug 2025,202508,33,14,Thursday,2025,31,2025-08-31,False,False,False,False
20250815,2025-08-15,2025,3,Q3,8,August,Aug 2025,202508,33,15,Friday,2025,31,2025-08-31,False,False,False,False
20250816,2025-08-16,2025,3,Q3,8,August,Aug 2025,202508,33,16,Saturday,2025,31,2025-08-31,True,False,False,False
20250817,2025-08-17,2025,3,Q3,8,August,Aug 2025,202508,33,17,Sunday,2025,31,2025-08-31,True,False,False,False
20250818,2025-08-18,2025,3,Q3,8,August,Aug 2025,202508,34,18,Monday,2025,31,2025-08-31,False,False,False,False
20250819,2025-08-19,2025,3,Q3,8,August,Aug 2025,202508,34,19,Tuesday,2025,31,2025-08-31,False,False,False,False
20250820,2025-08-20,2025,3,Q3,8,August,Aug 2025,202508,34,20,Wednesday,2025,31,2025-08-31,False,False,False,False
20250821,2025-08-21,2025,3,Q3,8,August,Aug 2025,202508,34,21,Thursday,2025,31,2025-08-31,False,False,False,False
20250822,2025-08-22,2025,3,Q3,8,August,Aug 2025,202508,34,22,Friday,2025,31,2025-08-31,False,False,False,False
20250823,2025-08-23,2025,3,Q3,8,August,Aug 2025,202508,34,23,Saturday,2025,31,2025-08-31,True,False,False,False
20250824,2025-08-24,2025,3,Q3,8,August,Aug 2025,202508,34,24,Sunday,2025,31,2025-08-31,True,False,False,False
20250825,2025-08-25,2025,3,Q3,8,August,Aug 2025,202508,35,25,Monday,2025,31,2025-08-31,False,False,False,False
20250826,2025-08-26,2025,3,Q3,8,August,Aug 2025,202508,35,26,Tuesday,2025,31,2025-08-31,False,False,False,False
20250827,2025-08-27,2025,3,Q3,8,August,Aug 2025,202508,35,27,Wednesday,2025,31,2025-08-31,False,False,False,False
20250828,2025-08-28,2025,3,Q3,8,August,Aug 2025,202508,35,28,Thursday,2025,31,2025-08-31,False,False,False,False
20250829,2025-08-29,2025,3,Q3,8,August,Aug 2025,202508,35,29,Friday,2025,31,2025-08-31,False,False,False,False
20250830,2025-08-30,2025,3,Q3,8,August,Aug 2025,202508,35,30,Saturday,2025,31,2025-08-31,True,False,False,False
20250831,2025-08-31,2025,3,Q3,8,August,Aug 2025,202508,35,31,Sunday,2025,31,2025-08-31,True,False,True,False
20250901,2025-09-01,2025,3,Q3,9,September,Sep 2025,202509,36,1,Monday,2025,30,2025-09-30,False,True,False,False
20250902,2025-09-02,2025,3,Q3,9,September,Sep 2025,202509,36,2,Tuesday,2025,30,2025-09-30,False,False,False,False
20250903,2025-09-03,2025,3,Q3,9,September,Sep 2025,202509,36,3,Wednesday,2025,30,2025-09-30,False,False,False,False
20250904,2025-09-04,2025,3,Q3,9,September,Sep 2025,202509,36,4,Thursday,2025,30,2025-09-30,False,False,False,False
20250905,2025-09-05,2025,3,Q3,9,September,Sep 2025,202509,36,5,Friday,2025,30,2025-09-30,False,False,False,False
20250906,2025-09-06,2025,3,Q3,9,September,Sep 2025,202509,36,6,Saturday,2025,30,2025-09-30,True,False,False,False
20250907,2025-09-07,2025,3,Q3,9,September,Sep 2025,202509,36,7,Sunday,2025,30,2025-09-30,True,False,False,False
20250908,2025-09-08,2025,3,Q3,9,September,Sep 2025,202509,37,8,Monday,2025,30,2025-09-30,False,False,False,False
20250909,2025-09-09,2025,3,Q3,9,September,Sep 2025,202509,37,9,Tuesday,2025,30,2025-09-30,False,False,False,False
20250910,2025-09-10,2025,3,Q3,9,September,Sep 2025,202509,37,10,Wednesday,2025,30,2025-09-30,False,False,False,False
20250911,2025-09-11,2025,3,Q3,9,September,Sep 2025,202509,37,11,Thursday,2025,30,2025-09-30,False,False,False,False
20250912,2025-09-12,2025,3,Q3,9,September,Sep 2025,202509,37,12,Friday,2025,30,2025-09-30,False,False,False,False
20250913,2025-09-13,2025,3,Q3,9,September,Sep 2025,202509,37,13,Saturday,2025,30,2025-09-30,True,False,False,False
20250914,2025-09-14,2025,3,Q3,9,September,Sep 2025,202509,37,14,Sunday,2025,30,2025-09-30,True,False,False,False
20250915,2025-09-15,2025,3,Q3,9,September,Sep 2025,202509,38,15,Monday,2025,30,2025-09-30,False,False,False,False
20250916,2025-09-16,2025,3,Q3,9,September,Sep 2025,202509,38,16,Tuesday,2025,30,2025-09-30,False,False,False,False
20250917,2025-09-17,2025,3,Q3,9,September,Sep 2025,202509,38,17,Wednesday,2025,30,2025-09-30,False,False,False,False
20250918,2025-09-18,2025,3,Q3,9,September,Sep 2025,202509,38,18,Thursday,2025,30,2025-09-30,False,False,False,False
20250919,2025-09-19,2025,3,Q3,9,September,Sep 2025,202509,38,19,Friday,2025,30,2025-09-30,False,False,False,False
20250920,2025-09-20,2025,3,Q3,9,September,Sep 2025,202509,38,20,Saturday,2025,30,2025-09-30,True,False,False,False
20250921,2025-09-21,2025,3,Q3,9,September,Sep 2025,202509,38,21,Sunday,2025,30,2025-09-30,True,False,False,False
20250922,2025-09-22,2025,3,Q3,9,September,Sep 2025,202509,39,22,Monday,2025,30,2025-09-30,False,False,False,False
20250923,2025-09-23,2025,3,Q3,9,September,Sep 2025,202509,39,23,Tuesday,2025,30,2025-09-30,False,False,False,False
20250924,2025-09-24,2025,3,Q3,9,September,Sep 2025,202509,39,24,Wednesday,2025,30,2025-09-30,False,False,False,False
20250925,2025-09-25,2025,3,Q3,9,September,Sep 2025,202509,39,25,Thursday,2025,30,2025-09-30,False,False,False,False
20250926,2025-09-26,2025,3,Q3,9,September,Sep 2025,202509,39,26,Friday,2025,30,2025-09-30,False,False,False,False
20250927,2025-09-27,2025,3,Q3,9,September,Sep 2025,202509,39,27,Saturday,2025,30,2025-09-30,True,False,False,False
20250928,2025-09-28,2025,3,Q3,9,September,Sep 2025,202509,39,28,Sunday,2025,30,2025-09-30,True,False,False,False
20250929,2025-09-29,2025,3,Q3,9,September,Sep 2025,202509,40,29,Monday,2025,30,2025-09-30,False,False,False,False
20250930,2025-09-30,2025,3,Q3,9,September,Sep 2025,202509,40,30,Tuesday,2025,30,2025-09-30,False,False,True,False
20251001,2025-10-01,2025,4,Q4,10,October,Oct 2025,202510,40,1,Wednesday,2025,31,2025-10-31,False,True,False,False
20251002,2025-10-02,2025,4,Q4,10,October,Oct 2025,202510,40,2,Thursday,2025,31,2025-10-31,False,False,False,False
20251003,2025-10-03,2025,4,Q4,10,October,Oct 2025,202510,40,3,Friday,2025,31,2025-10-31,False,False,False,False
20251004,2025-10-04,2025,4,Q4,10,October,Oct 2025,202510,40,4,Saturday,2025,31,2025-10-31,True,False,False,False
20251005,2025-10-05,2025,4,Q4,10,October,Oct 2025,202510,40,5,Sunday,2025,31,2025-10-31,True,False,False,False
20251006,2025-10-06,2025,4,Q4,10,October,Oct 2025,202510,41,6,Monday,2025,31,2025-10-31,False,False,False,False
20251007,2025-10-07,2025,4,Q4,10,October,Oct 2025,202510,41,7,Tuesday,2025,31,2025-10-31,False,False,False,False
20251008,2025-10-08,2025,4,Q4,10,October,Oct 2025,202510,41,8,Wednesday,2025,31,2025-10-31,False,False,False,False
20251009,2025-10-09,2025,4,Q4,10,October,Oct 2025,202510,41,9,Thursday,2025,31,2025-10-31,False,False,False,False
20251010,2025-10-10,2025,4,Q4,10,October,Oct 2025,202510,41,10,Friday,2025,31,2025-10-31,False,False,False,False
20251011,2025-10-11,2025,4,Q4,10,October,Oct 2025,202510,41,11,Saturday,2025,31,2025-10-31,True,False,False,False
20251012,2025-10-12,2025,4,Q4,10,October,Oct 2025,202510,41,12,Sunday,2025,31,2025-10-31,True,False,False,False
20251013,2025-10-13,2025,4,Q4,10,October,Oct 2025,202510,42,13,Monday,2025,31,2025-10-31,False,False,False,False
20251014,2025-10-14,2025,4,Q4,10,October,Oct 2025,202510,42,14,Tuesday,2025,31,2025-10-31,False,False,False,False
20251015,2025-10-15,2025,4,Q4,10,October,Oct 2025,202510,42,15,Wednesday,2025,31,2025-10-31,False,False,False,False
20251016,2025-10-16,2025,4,Q4,10,October,Oct 2025,202510,42,16,Thursday,2025,31,2025-10-31,False,False,False,False
20251017,2025-10-17,2025,4,Q4,10,October,Oct 2025,202510,42,17,Friday,2025,31,2025-10-31,False,False,False,False
20251018,2025-10-18,2025,4,Q4,10,October,Oct 2025,202510,42,18,Saturday,2025,31,2025-10-31,True,False,False,False
20251019,2025-10-19,2025,4,Q4,10,October,Oct 2025,202510,42,19,Sunday,2025,31,2025-10-31,True,False,False,False
20251020,2025-10-20,2025,4,Q4,10,October,Oct 2025,202510,43,20,Monday,2025,31,2025-10-31,False,False,False,False
20251021,2025-10-21,2025,4,Q4,10,October,Oct 2025,202510,43,21,Tuesday,2025,31,2025-10-31,False,False,False,False
20251022,2025-10-22,2025,4,Q4,10,October,Oct 2025,202510,43,22,Wednesday,2025,31,2025-10-31,False,False,False,False
20251023,2025-10-23,2025,4,Q4,10,October,Oct 2025,202510,43,23,Thursday,2025,31,2025-10-31,False,False,False,False
20251024,2025-10-24,2025,4,Q4,10,October,Oct 2025,202510,43,24,Friday,2025,31,2025-10-31,False,False,False,False
20251025,2025-10-25,2025,4,Q4,10,October,Oct 2025,202510,43,25,Saturday,2025,31,2025-10-31,True,False,False,False
20251026,2025-10-26,2025,4,Q4,10,October,Oct 2025,202510,43,26,Sunday,2025,31,2025-10-31,True,False,False,False
20251027,2025-10-27,2025,4,Q4,10,October,Oct 2025,202510,44,27,Monday,2025,31,2025-10-31,False,False,False,False
20251028,2025-10-28,2025,4,Q4,10,October,Oct 2025,202510,44,28,Tuesday,2025,31,2025-10-31,False,False,False,False
20251029,2025-10-29,2025,4,Q4,10,October,Oct 2025,202510,44,29,Wednesday,2025,31,2025-10-31,False,False,False,False
20251030,2025-10-30,2025,4,Q4,10,October,Oct 2025,202510,44,30,Thursday,2025,31,2025-10-31,False,False,False,False
20251031,2025-10-31,2025,4,Q4,10,October,Oct 2025,202510,44,31,Friday,2025,31,2025-10-31,False,False,True,False
20251101,2025-11-01,2025,4,Q4,11,November,Nov 2025,202511,44,1,Saturday,2025,30,2025-11-30,True,True,False,False
20251102,2025-11-02,2025,4,Q4,11,November,Nov 2025,202511,44,2,Sunday,2025,30,2025-11-30,True,False,False,False
20251103,2025-11-03,2025,4,Q4,11,November,Nov 2025,202511,45,3,Monday,2025,30,2025-11-30,False,False,False,False
20251104,2025-11-04,2025,4,Q4,11,November,Nov 2025,202511,45,4,Tuesday,2025,30,2025-11-30,False,False,False,False
20251105,2025-11-05,2025,4,Q4,11,November,Nov 2025,202511,45,5,Wednesday,2025,30,2025-11-30,False,False,False,False
20251106,2025-11-06,2025,4,Q4,11,November,Nov 2025,202511,45,6,Thursday,2025,30,2025-11-30,False,False,False,False
20251107,2025-11-07,2025,4,Q4,11,November,Nov 2025,202511,45,7,Friday,2025,30,2025-11-30,False,False,False,False
20251108,2025-11-08,2025,4,Q4,11,November,Nov 2025,202511,45,8,Saturday,2025,30,2025-11-30,True,False,False,False
20251109,2025-11-09,2025,4,Q4,11,November,Nov 2025,202511,45,9,Sunday,2025,30,2025-11-30,True,False,False,False
20251110,2025-11-10,2025,4,Q4,11,November,Nov 2025,202511,46,10,Monday,2025,30,2025-11-30,False,False,False,False
20251111,2025-11-11,2025,4,Q4,11,November,Nov 2025,202511,46,11,Tuesday,2025,30,2025-11-30,False,False,False,False
20251112,2025-11-12,2025,4,Q4,11,November,Nov 2025,202511,46,12,Wednesday,2025,30,2025-11-30,False,False,False,False
20251113,2025-11-13,2025,4,Q4,11,November,Nov 2025,202511,46,13,Thursday,2025,30,2025-11-30,False,False,False,False
20251114,2025-11-14,2025,4,Q4,11,November,Nov 2025,202511,46,14,Friday,2025,30,2025-11-30,False,False,False,False
20251115,2025-11-15,2025,4,Q4,11,November,Nov 2025,202511,46,15,Saturday,2025,30,2025-11-30,True,False,False,False
20251116,2025-11-16,2025,4,Q4,11,November,Nov 2025,202511,46,16,Sunday,2025,30,2025-11-30,True,False,False,False
20251117,2025-11-17,2025,4,Q4,11,November,Nov 2025,202511,47,17,Monday,2025,30,2025-11-30,False,False,False,False
20251118,2025-11-18,2025,4,Q4,11,November,Nov 2025,202511,47,18,Tuesday,2025,30,2025-11-30,False,False,False,False
20251119,2025-11-19,2025,4,Q4,11,November,Nov 2025,202511,47,19,Wednesday,2025,30,2025-11-30,False,False,False,False
20251120,2025-11-20,2025,4,Q4,11,November,Nov 2025,202511,47,20,Thursday,2025,30,2025-11-30,False,False,False,False
20251121,2025-11-21,2025,4,Q4,11,November,Nov 2025,202511,47,21,Friday,2025,30,2025-11-30,False,False,False,False
20251122,2025-11-22,2025,4,Q4,11,November,Nov 2025,202511,47,22,Saturday,2025,30,2025-11-30,True,False,False,False
20251123,2025-11-23,2025,4,Q4,11,November,Nov 2025,202511,47,23,Sunday,2025,30,2025-11-30,True,False,False,False
20251124,2025-11-24,2025,4,Q4,11,November,Nov 2025,202511,48,24,Monday,2025,30,2025-11-30,False,False,False,False
20251125,2025-11-25,2025,4,Q4,11,November,Nov 2025,202511,48,25,Tuesday,2025,30,2025-11-30,False,False,False,False
20251126,2025-11-26,2025,4,Q4,11,November,Nov 2025,202511,48,26,Wednesday,2025,30,2025-11-30,False,False,False,False
20251127,2025-11-27,2025,4,Q4,11,November,Nov 2025,202511,48,27,Thursday,2025,30,2025-11-30,False,False,False,False
20251128,2025-11-28,2025,4,Q4,11,November,Nov 2025,202511,48,28,Friday,2025,30,2025-11-30,False,False,False,False
20251129,2025-11-29,2025,4,Q4,11,November,Nov 2025,202511,48,29,Saturday,2025,30,2025-11-30,True,False,False,False
20251130,2025-11-30,2025,4,Q4,11,November,Nov 2025,202511,48,30,Sunday,2025,30,2025-11-30,True,False,True,False
20251201,2025-12-01,2025,4,Q4,12,December,Dec 2025,202512,49,1,Monday,2025,31,2025-12-31,False,True,False,False
20251202,2025-12-02,2025,4,Q4,12,December,Dec 2025,202512,49,2,Tuesday,2025,31,2025-12-31,False,False,False,False
20251203,2025-12-03,2025,4,Q4,12,December,Dec 2025,202512,49,3,Wednesday,2025,31,2025-12-31,False,False,False,False
20251204,2025-12-04,2025,4,Q4,12,December,Dec 2025,202512,49,4,Thursday,2025,31,2025-12-31,False,False,False,False
20251205,2025-12-05,2025,4,Q4,12,December,Dec 2025,202512,49,5,Friday,2025,31,2025-12-31,False,False,False,False
20251206,2025-12-06,2025,4,Q4,12,December,Dec 2025,202512,49,6,Saturday,2025,31,2025-12-31,True,False,False,False
20251207,2025-12-07,2025,4,Q4,12,December,Dec 2025,202512,49,7,Sunday,2025,31,2025-12-31,True,False,False,False
20251208,2025-12-08,2025,4,Q4,12,December,Dec 2025,202512,50,8,Monday,2025,31,2025-12-31,False,False,False,False
20251209,2025-12-09,2025,4,Q4,12,December,Dec 2025,202512,50,9,Tuesday,2025,31,2025-12-31,False,False,False,False
20251210,2025-12-10,2025,4,Q4,12,December,Dec 2025,202512,50,10,Wednesday,2025,31,2025-12-31,False,False,False,False
20251211,2025-12-11,2025,4,Q4,12,December,Dec 2025,202512,50,11,Thursday,2025,31,2025-12-31,False,False,False,False
20251212,2025-12-12,2025,4,Q4,12,December,Dec 2025,202512,50,12,Friday,2025,31,2025-12-31,False,False,False,False
20251213,2025-12-13,2025,4,Q4,12,December,Dec 2025,202512,50,13,Saturday,2025,31,2025-12-31,True,False,False,False
20251214,2025-12-14,2025,4,Q4,12,December,Dec 2025,202512,50,14,Sunday,2025,31,2025-12-31,True,False,False,False
20251215,2025-12-15,2025,4,Q4,12,December,Dec 2025,202512,51,15,Monday,2025,31,2025-12-31,False,False,False,False
20251216,2025-12-16,2025,4,Q4,12,December,Dec 2025,202512,51,16,Tuesday,2025,31,2025-12-31,False,False,False,False
20251217,2025-12-17,2025,4,Q4,12,December,Dec 2025,202512,51,17,Wednesday,2025,31,2025-12-31,False,False,False,False
20251218,2025-12-18,2025,4,Q4,12,December,Dec 2025,202512,51,18,Thursday,2025,31,2025-12-31,False,False,False,False
20251219,2025-12-19,2025,4,Q4,12,December,Dec 2025,202512,51,19,Friday,2025,31,2025-12-31,False,False,False,False
20251220,2025-12-20,2025,4,Q4,12,December,Dec 2025,202512,51,20,Saturday,2025,31,2025-12-31,True,False,False,False
20251221,2025-12-21,2025,4,Q4,12,December,Dec 2025,202512,51,21,Sunday,2025,31,2025-12-31,True,False,False,False
20251222,2025-12-22,2025,4,Q4,12,December,Dec 2025,202512,52,22,Monday,2025,31,2025-12-31,False,False,False,False
20251223,2025-12-23,2025,4,Q4,12,December,Dec 2025,202512,52,23,Tuesday,2025,31,2025-12-31,False,False,False,False
20251224,2025-12-24,2025,4,Q4,12,December,Dec 2025,202512,52,24,Wednesday,2025,31,2025-12-31,False,False,False,False
20251225,2025-12-25,2025,4,Q4,12,December,Dec 2025,202512,52,25,Thursday,2025,31,2025-12-31,False,False,False,False
20251226,2025-12-26,2025,4,Q4,12,December,Dec 2025,202512,52,26,Friday,2025,31,2025-12-31,False,False,False,False
20251227,2025-12-27,2025,4,Q4,12,December,Dec 2025,202512,52,27,Saturday,2025,31,2025-12-31,True,False,False,False
20251228,2025-12-28,2025,4,Q4,12,December,Dec 2025,202512,52,28,Sunday,2025,31,2025-12-31,True,False,False,False
20251229,2025-12-29,2025,4,Q4,12,December,Dec 2025,202512,1,29,Monday,2025,31,2025-12-31,False,False,False,False
20251230,2025-12-30,2025,4,Q4,12,December,Dec 2025,202512,1,30,Tuesday,2025,31,2025-12-31,False,False,False,False
20251231,2025-12-31,2025,4,Q4,12,December,Dec 2025,202512,1,31,Wednesday,2025,31,2025-12-31,False,False,True,False
20260101,2026-01-01,2026,1,Q1,1,January,Jan 2026,202601,1,1,Thursday,2026,31,2026-01-31,False,True,False,False
20260102,2026-01-02,2026,1,Q1,1,January,Jan 2026,202601,1,2,Friday,2026,31,2026-01-31,False,False,False,False
20260103,2026-01-03,2026,1,Q1,1,January,Jan 2026,202601,1,3,Saturday,2026,31,2026-01-31,True,False,False,False
20260104,2026-01-04,2026,1,Q1,1,January,Jan 2026,202601,1,4,Sunday,2026,31,2026-01-31,True,False,False,False
20260105,2026-01-05,2026,1,Q1,1,January,Jan 2026,202601,2,5,Monday,2026,31,2026-01-31,False,False,False,False
20260106,2026-01-06,2026,1,Q1,1,January,Jan 2026,202601,2,6,Tuesday,2026,31,2026-01-31,False,False,False,False
20260107,2026-01-07,2026,1,Q1,1,January,Jan 2026,202601,2,7,Wednesday,2026,31,2026-01-31,False,False,False,False
20260108,2026-01-08,2026,1,Q1,1,January,Jan 2026,202601,2,8,Thursday,2026,31,2026-01-31,False,False,False,False
20260109,2026-01-09,2026,1,Q1,1,January,Jan 2026,202601,2,9,Friday,2026,31,2026-01-31,False,False,False,False
20260110,2026-01-10,2026,1,Q1,1,January,Jan 2026,202601,2,10,Saturday,2026,31,2026-01-31,True,False,False,False
20260111,2026-01-11,2026,1,Q1,1,January,Jan 2026,202601,2,11,Sunday,2026,31,2026-01-31,True,False,False,False
20260112,2026-01-12,2026,1,Q1,1,January,Jan 2026,202601,3,12,Monday,2026,31,2026-01-31,False,False,False,False
20260113,2026-01-13,2026,1,Q1,1,January,Jan 2026,202601,3,13,Tuesday,2026,31,2026-01-31,False,False,False,False
20260114,2026-01-14,2026,1,Q1,1,January,Jan 2026,202601,3,14,Wednesday,2026,31,2026-01-31,False,False,False,False
20260115,2026-01-15,2026,1,Q1,1,January,Jan 2026,202601,3,15,Thursday,2026,31,2026-01-31,False,False,False,False
20260116,2026-01-16,2026,1,Q1,1,January,Jan 2026,202601,3,16,Friday,2026,31,2026-01-31,False,False,False,False
20260117,2026-01-17,2026,1,Q1,1,January,Jan 2026,202601,3,17,Saturday,2026,31,2026-01-31,True,False,False,False
20260118,2026-01-18,2026,1,Q1,1,January,Jan 2026,202601,3,18,Sunday,2026,31,2026-01-31,True,False,False,False
20260119,2026-01-19,2026,1,Q1,1,January,Jan 2026,202601,4,19,Monday,2026,31,2026-01-31,False,False,False,False
20260120,2026-01-20,2026,1,Q1,1,January,Jan 2026,202601,4,20,Tuesday,2026,31,2026-01-31,False,False,False,False
20260121,2026-01-21,2026,1,Q1,1,January,Jan 2026,202601,4,21,Wednesday,2026,31,2026-01-31,False,False,False,False
20260122,2026-01-22,2026,1,Q1,1,January,Jan 2026,202601,4,22,Thursday,2026,31,2026-01-31,False,False,False,False
20260123,2026-01-23,2026,1,Q1,1,January,Jan 2026,202601,4,23,Friday,2026,31,2026-01-31,False,False,False,False
20260124,2026-01-24,2026,1,Q1,1,January,Jan 2026,202601,4,24,Saturday,2026,31,2026-01-31,True,False,False,False
20260125,2026-01-25,2026,1,Q1,1,January,Jan 2026,202601,4,25,Sunday,2026,31,2026-01-31,True,False,False,False
20260126,2026-01-26,2026,1,Q1,1,January,Jan 2026,202601,5,26,Monday,2026,31,2026-01-31,False,False,False,False
20260127,2026-01-27,2026,1,Q1,1,January,Jan 2026,202601,5,27,Tuesday,2026,31,2026-01-31,False,False,False,False
20260128,2026-01-28,2026,1,Q1,1,January,Jan 2026,202601,5,28,Wednesday,2026,31,2026-01-31,False,False,False,False
20260129,2026-01-29,2026,1,Q1,1,January,Jan 2026,202601,5,29,Thursday,2026,31,2026-01-31,False,False,False,False
20260130,2026-01-30,2026,1,Q1,1,January,Jan 2026,202601,5,30,Friday,2026,31,2026-01-31,False,False,False,False
20260131,2026-01-31,2026,1,Q1,1,January,Jan 2026,202601,5,31,Saturday,2026,31,2026-01-31,True,False,True,False
20260201,2026-02-01,2026,1,Q1,2,February,Feb 2026,202602,5,1,Sunday,2026,28,2026-02-28,True,True,False,False
20260202,2026-02-02,2026,1,Q1,2,February,Feb 2026,202602,6,2,Monday,2026,28,2026-02-28,False,False,False,False
20260203,2026-02-03,2026,1,Q1,2,February,Feb 2026,202602,6,3,Tuesday,2026,28,2026-02-28,False,False,False,False
20260204,2026-02-04,2026,1,Q1,2,February,Feb 2026,202602,6,4,Wednesday,2026,28,2026-02-28,False,False,False,False
20260205,2026-02-05,2026,1,Q1,2,February,Feb 2026,202602,6,5,Thursday,2026,28,2026-02-28,False,False,False,False
20260206,2026-02-06,2026,1,Q1,2,February,Feb 2026,202602,6,6,Friday,2026,28,2026-02-28,False,False,False,False
20260207,2026-02-07,2026,1,Q1,2,February,Feb 2026,202602,6,7,Saturday,2026,28,2026-02-28,True,False,False,False
20260208,2026-02-08,2026,1,Q1,2,February,Feb 2026,202602,6,8,Sunday,2026,28,2026-02-28,True,False,False,False
20260209,2026-02-09,2026,1,Q1,2,February,Feb 2026,202602,7,9,Monday,2026,28,2026-02-28,False,False,False,False
20260210,2026-02-10,2026,1,Q1,2,February,Feb 2026,202602,7,10,Tuesday,2026,28,2026-02-28,False,False,False,False
20260211,2026-02-11,2026,1,Q1,2,February,Feb 2026,202602,7,11,Wednesday,2026,28,2026-02-28,False,False,False,False
20260212,2026-02-12,2026,1,Q1,2,February,Feb 2026,202602,7,12,Thursday,2026,28,2026-02-28,False,False,False,False
20260213,2026-02-13,2026,1,Q1,2,February,Feb 2026,202602,7,13,Friday,2026,28,2026-02-28,False,False,False,False
20260214,2026-02-14,2026,1,Q1,2,February,Feb 2026,202602,7,14,Saturday,2026,28,2026-02-28,True,False,False,False
20260215,2026-02-15,2026,1,Q1,2,February,Feb 2026,202602,7,15,Sunday,2026,28,2026-02-28,True,False,False,False
20260216,2026-02-16,2026,1,Q1,2,February,Feb 2026,202602,8,16,Monday,2026,28,2026-02-28,False,False,False,False
20260217,2026-02-17,2026,1,Q1,2,February,Feb 2026,202602,8,17,Tuesday,2026,28,2026-02-28,False,False,False,False
20260218,2026-02-18,2026,1,Q1,2,February,Feb 2026,202602,8,18,Wednesday,2026,28,2026-02-28,False,False,False,False
20260219,2026-02-19,2026,1,Q1,2,February,Feb 2026,202602,8,19,Thursday,2026,28,2026-02-28,False,False,False,False
20260220,2026-02-20,2026,1,Q1,2,February,Feb 2026,202602,8,20,Friday,2026,28,2026-02-28,False,False,False,False
20260221,2026-02-21,2026,1,Q1,2,February,Feb 2026,202602,8,21,Saturday,2026,28,2026-02-28,True,False,False,False
20260222,2026-02-22,2026,1,Q1,2,February,Feb 2026,202602,8,22,Sunday,2026,28,2026-02-28,True,False,False,False
20260223,2026-02-23,2026,1,Q1,2,February,Feb 2026,202602,9,23,Monday,2026,28,2026-02-28,False,False,False,False
20260224,2026-02-24,2026,1,Q1,2,February,Feb 2026,202602,9,24,Tuesday,2026,28,2026-02-28,False,False,False,False
20260225,2026-02-25,2026,1,Q1,2,February,Feb 2026,202602,9,25,Wednesday,2026,28,2026-02-28,False,False,False,False
20260226,2026-02-26,2026,1,Q1,2,February,Feb 2026,202602,9,26,Thursday,2026,28,2026-02-28,False,False,False,False
20260227,2026-02-27,2026,1,Q1,2,February,Feb 2026,202602,9,27,Friday,2026,28,2026-02-28,False,False,False,False
20260228,2026-02-28,2026,1,Q1,2,February,Feb 2026,202602,9,28,Saturday,2026,28,2026-02-28,True,False,True,False
20260301,2026-03-01,2026,1,Q1,3,March,Mar 2026,202603,9,1,Sunday,2026,31,2026-03-31,True,True,False,False
20260302,2026-03-02,2026,1,Q1,3,March,Mar 2026,202603,10,2,Monday,2026,31,2026-03-31,False,False,False,False
20260303,2026-03-03,2026,1,Q1,3,March,Mar 2026,202603,10,3,Tuesday,2026,31,2026-03-31,False,False,False,False
20260304,2026-03-04,2026,1,Q1,3,March,Mar 2026,202603,10,4,Wednesday,2026,31,2026-03-31,False,False,False,False
20260305,2026-03-05,2026,1,Q1,3,March,Mar 2026,202603,10,5,Thursday,2026,31,2026-03-31,False,False,False,False
20260306,2026-03-06,2026,1,Q1,3,March,Mar 2026,202603,10,6,Friday,2026,31,2026-03-31,False,False,False,False
20260307,2026-03-07,2026,1,Q1,3,March,Mar 2026,202603,10,7,Saturday,2026,31,2026-03-31,True,False,False,False
20260308,2026-03-08,2026,1,Q1,3,March,Mar 2026,202603,10,8,Sunday,2026,31,2026-03-31,True,False,False,False
20260309,2026-03-09,2026,1,Q1,3,March,Mar 2026,202603,11,9,Monday,2026,31,2026-03-31,False,False,False,False
20260310,2026-03-10,2026,1,Q1,3,March,Mar 2026,202603,11,10,Tuesday,2026,31,2026-03-31,False,False,False,False
20260311,2026-03-11,2026,1,Q1,3,March,Mar 2026,202603,11,11,Wednesday,2026,31,2026-03-31,False,False,False,False
20260312,2026-03-12,2026,1,Q1,3,March,Mar 2026,202603,11,12,Thursday,2026,31,2026-03-31,False,False,False,False
20260313,2026-03-13,2026,1,Q1,3,March,Mar 2026,202603,11,13,Friday,2026,31,2026-03-31,False,False,False,False
20260314,2026-03-14,2026,1,Q1,3,March,Mar 2026,202603,11,14,Saturday,2026,31,2026-03-31,True,False,False,False
20260315,2026-03-15,2026,1,Q1,3,March,Mar 2026,202603,11,15,Sunday,2026,31,2026-03-31,True,False,False,False
20260316,2026-03-16,2026,1,Q1,3,March,Mar 2026,202603,12,16,Monday,2026,31,2026-03-31,False,False,False,False
20260317,2026-03-17,2026,1,Q1,3,March,Mar 2026,202603,12,17,Tuesday,2026,31,2026-03-31,False,False,False,False
20260318,2026-03-18,2026,1,Q1,3,March,Mar 2026,202603,12,18,Wednesday,2026,31,2026-03-31,False,False,False,False
20260319,2026-03-19,2026,1,Q1,3,March,Mar 2026,202603,12,19,Thursday,2026,31,2026-03-31,False,False,False,False
20260320,2026-03-20,2026,1,Q1,3,March,Mar 2026,202603,12,20,Friday,2026,31,2026-03-31,False,False,False,False
20260321,2026-03-21,2026,1,Q1,3,March,Mar 2026,202603,12,21,Saturday,2026,31,2026-03-31,True,False,False,False
20260322,2026-03-22,2026,1,Q1,3,March,Mar 2026,202603,12,22,Sunday,2026,31,2026-03-31,True,False,False,False
20260323,2026-03-23,2026,1,Q1,3,March,Mar 2026,202603,13,23,Monday,2026,31,2026-03-31,False,False,False,False
20260324,2026-03-24,2026,1,Q1,3,March,Mar 2026,202603,13,24,Tuesday,2026,31,2026-03-31,False,False,False,False
20260325,2026-03-25,2026,1,Q1,3,March,Mar 2026,202603,13,25,Wednesday,2026,31,2026-03-31,False,False,False,False
20260326,2026-03-26,2026,1,Q1,3,March,Mar 2026,202603,13,26,Thursday,2026,31,2026-03-31,False,False,False,False
20260327,2026-03-27,2026,1,Q1,3,March,Mar 2026,202603,13,27,Friday,2026,31,2026-03-31,False,False,False,False
20260328,2026-03-28,2026,1,Q1,3,March,Mar 2026,202603,13,28,Saturday,2026,31,2026-03-31,True,False,False,False
20260329,2026-03-29,2026,1,Q1,3,March,Mar 2026,202603,13,29,Sunday,2026,31,2026-03-31,True,False,False,False
20260330,2026-03-30,2026,1,Q1,3,March,Mar 2026,202603,14,30,Monday,2026,31,2026-03-31,False,False,False,False
20260331,2026-03-31,2026,1,Q1,3,March,Mar 2026,202603,14,31,Tuesday,2026,31,2026-03-31,False,False,True,False
20260401,2026-04-01,2026,2,Q2,4,April,Apr 2026,202604,14,1,Wednesday,2026,30,2026-04-30,False,True,False,False
20260402,2026-04-02,2026,2,Q2,4,April,Apr 2026,202604,14,2,Thursday,2026,30,2026-04-30,False,False,False,False
20260403,2026-04-03,2026,2,Q2,4,April,Apr 2026,202604,14,3,Friday,2026,30,2026-04-30,False,False,False,False
20260404,2026-04-04,2026,2,Q2,4,April,Apr 2026,202604,14,4,Saturday,2026,30,2026-04-30,True,False,False,False
20260405,2026-04-05,2026,2,Q2,4,April,Apr 2026,202604,14,5,Sunday,2026,30,2026-04-30,True,False,False,False
20260406,2026-04-06,2026,2,Q2,4,April,Apr 2026,202604,15,6,Monday,2026,30,2026-04-30,False,False,False,False
20260407,2026-04-07,2026,2,Q2,4,April,Apr 2026,202604,15,7,Tuesday,2026,30,2026-04-30,False,False,False,False
20260408,2026-04-08,2026,2,Q2,4,April,Apr 2026,202604,15,8,Wednesday,2026,30,2026-04-30,False,False,False,False
20260409,2026-04-09,2026,2,Q2,4,April,Apr 2026,202604,15,9,Thursday,2026,30,2026-04-30,False,False,False,False
20260410,2026-04-10,2026,2,Q2,4,April,Apr 2026,202604,15,10,Friday,2026,30,2026-04-30,False,False,False,False
20260411,2026-04-11,2026,2,Q2,4,April,Apr 2026,202604,15,11,Saturday,2026,30,2026-04-30,True,False,False,False
20260412,2026-04-12,2026,2,Q2,4,April,Apr 2026,202604,15,12,Sunday,2026,30,2026-04-30,True,False,False,False
20260413,2026-04-13,2026,2,Q2,4,April,Apr 2026,202604,16,13,Monday,2026,30,2026-04-30,False,False,False,False
20260414,2026-04-14,2026,2,Q2,4,April,Apr 2026,202604,16,14,Tuesday,2026,30,2026-04-30,False,False,False,False
20260415,2026-04-15,2026,2,Q2,4,April,Apr 2026,202604,16,15,Wednesday,2026,30,2026-04-30,False,False,False,False
20260416,2026-04-16,2026,2,Q2,4,April,Apr 2026,202604,16,16,Thursday,2026,30,2026-04-30,False,False,False,False
20260417,2026-04-17,2026,2,Q2,4,April,Apr 2026,202604,16,17,Friday,2026,30,2026-04-30,False,False,False,False
20260418,2026-04-18,2026,2,Q2,4,April,Apr 2026,202604,16,18,Saturday,2026,30,2026-04-30,True,False,False,False
20260419,2026-04-19,2026,2,Q2,4,April,Apr 2026,202604,16,19,Sunday,2026,30,2026-04-30,True,False,False,False
20260420,2026-04-20,2026,2,Q2,4,April,Apr 2026,202604,17,20,Monday,2026,30,2026-04-30,False,False,False,False
20260421,2026-04-21,2026,2,Q2,4,April,Apr 2026,202604,17,21,Tuesday,2026,30,2026-04-30,False,False,False,False
20260422,2026-04-22,2026,2,Q2,4,April,Apr 2026,202604,17,22,Wednesday,2026,30,2026-04-30,False,False,False,False
20260423,2026-04-23,2026,2,Q2,4,April,Apr 2026,202604,17,23,Thursday,2026,30,2026-04-30,False,False,False,False
20260424,2026-04-24,2026,2,Q2,4,April,Apr 2026,202604,17,24,Friday,2026,30,2026-04-30,False,False,False,False
20260425,2026-04-25,2026,2,Q2,4,April,Apr 2026,202604,17,25,Saturday,2026,30,2026-04-30,True,False,False,False
20260426,2026-04-26,2026,2,Q2,4,April,Apr 2026,202604,17,26,Sunday,2026,30,2026-04-30,True,False,False,False
20260427,2026-04-27,2026,2,Q2,4,April,Apr 2026,202604,18,27,Monday,2026,30,2026-04-30,False,False,False,False
20260428,2026-04-28,2026,2,Q2,4,April,Apr 2026,202604,18,28,Tuesday,2026,30,2026-04-30,False,False,False,False
20260429,2026-04-29,2026,2,Q2,4,April,Apr 2026,202604,18,29,Wednesday,2026,30,2026-04-30,False,False,False,False
20260430,2026-04-30,2026,2,Q2,4,April,Apr 2026,202604,18,30,Thursday,2026,30,2026-04-30,False,False,True,False
20260501,2026-05-01,2026,2,Q2,5,May,May 2026,202605,18,1,Friday,2026,31,2026-05-31,False,True,False,False
20260502,2026-05-02,2026,2,Q2,5,May,May 2026,202605,18,2,Saturday,2026,31,2026-05-31,True,False,False,False
20260503,2026-05-03,2026,2,Q2,5,May,May 2026,202605,18,3,Sunday,2026,31,2026-05-31,True,False,False,False
20260504,2026-05-04,2026,2,Q2,5,May,May 2026,202605,19,4,Monday,2026,31,2026-05-31,False,False,False,False
20260505,2026-05-05,2026,2,Q2,5,May,May 2026,202605,19,5,Tuesday,2026,31,2026-05-31,False,False,False,False
20260506,2026-05-06,2026,2,Q2,5,May,May 2026,202605,19,6,Wednesday,2026,31,2026-05-31,False,False,False,False
20260507,2026-05-07,2026,2,Q2,5,May,May 2026,202605,19,7,Thursday,2026,31,2026-05-31,False,False,False,False
20260508,2026-05-08,2026,2,Q2,5,May,May 2026,202605,19,8,Friday,2026,31,2026-05-31,False,False,False,False
20260509,2026-05-09,2026,2,Q2,5,May,May 2026,202605,19,9,Saturday,2026,31,2026-05-31,True,False,False,False
20260510,2026-05-10,2026,2,Q2,5,May,May 2026,202605,19,10,Sunday,2026,31,2026-05-31,True,False,False,False
20260511,2026-05-11,2026,2,Q2,5,May,May 2026,202605,20,11,Monday,2026,31,2026-05-31,False,False,False,False
20260512,2026-05-12,2026,2,Q2,5,May,May 2026,202605,20,12,Tuesday,2026,31,2026-05-31,False,False,False,False
20260513,2026-05-13,2026,2,Q2,5,May,May 2026,202605,20,13,Wednesday,2026,31,2026-05-31,False,False,False,False
20260514,2026-05-14,2026,2,Q2,5,May,May 2026,202605,20,14,Thursday,2026,31,2026-05-31,False,False,False,False
20260515,2026-05-15,2026,2,Q2,5,May,May 2026,202605,20,15,Friday,2026,31,2026-05-31,False,False,False,False
20260516,2026-05-16,2026,2,Q2,5,May,May 2026,202605,20,16,Saturday,2026,31,2026-05-31,True,False,False,False
20260517,2026-05-17,2026,2,Q2,5,May,May 2026,202605,20,17,Sunday,2026,31,2026-05-31,True,False,False,False
20260518,2026-05-18,2026,2,Q2,5,May,May 2026,202605,21,18,Monday,2026,31,2026-05-31,False,False,False,False
20260519,2026-05-19,2026,2,Q2,5,May,May 2026,202605,21,19,Tuesday,2026,31,2026-05-31,False,False,False,False
20260520,2026-05-20,2026,2,Q2,5,May,May 2026,202605,21,20,Wednesday,2026,31,2026-05-31,False,False,False,False
20260521,2026-05-21,2026,2,Q2,5,May,May 2026,202605,21,21,Thursday,2026,31,2026-05-31,False,False,False,False
20260522,2026-05-22,2026,2,Q2,5,May,May 2026,202605,21,22,Friday,2026,31,2026-05-31,False,False,False,False
20260523,2026-05-23,2026,2,Q2,5,May,May 2026,202605,21,23,Saturday,2026,31,2026-05-31,True,False,False,False
20260524,2026-05-24,2026,2,Q2,5,May,May 2026,202605,21,24,Sunday,2026,31,2026-05-31,True,False,False,False
20260525,2026-05-25,2026,2,Q2,5,May,May 2026,202605,22,25,Monday,2026,31,2026-05-31,False,False,False,False
20260526,2026-05-26,2026,2,Q2,5,May,May 2026,202605,22,26,Tuesday,2026,31,2026-05-31,False,False,False,False
20260527,2026-05-27,2026,2,Q2,5,May,May 2026,202605,22,27,Wednesday,2026,31,2026-05-31,False,False,False,False
20260528,2026-05-28,2026,2,Q2,5,May,May 2026,202605,22,28,Thursday,2026,31,2026-05-31,False,False,False,False
20260529,2026-05-29,2026,2,Q2,5,May,May 2026,202605,22,29,Friday,2026,31,2026-05-31,False,False,False,False
20260530,2026-05-30,2026,2,Q2,5,May,May 2026,202605,22,30,Saturday,2026,31,2026-05-31,True,False,False,False
20260531,2026-05-31,2026,2,Q2,5,May,May 2026,202605,22,31,Sunday,2026,31,2026-05-31,True,False,True,False
20260601,2026-06-01,2026,2,Q2,6,June,Jun 2026,202606,23,1,Monday,2026,30,2026-06-30,False,True,False,False
20260602,2026-06-02,2026,2,Q2,6,June,Jun 2026,202606,23,2,Tuesday,2026,30,2026-06-30,False,False,False,False
20260603,2026-06-03,2026,2,Q2,6,June,Jun 2026,202606,23,3,Wednesday,2026,30,2026-06-30,False,False,False,False
20260604,2026-06-04,2026,2,Q2,6,June,Jun 2026,202606,23,4,Thursday,2026,30,2026-06-30,False,False,False,False
20260605,2026-06-05,2026,2,Q2,6,June,Jun 2026,202606,23,5,Friday,2026,30,2026-06-30,False,False,False,False
20260606,2026-06-06,2026,2,Q2,6,June,Jun 2026,202606,23,6,Saturday,2026,30,2026-06-30,True,False,False,False
20260607,2026-06-07,2026,2,Q2,6,June,Jun 2026,202606,23,7,Sunday,2026,30,2026-06-30,True,False,False,False
20260608,2026-06-08,2026,2,Q2,6,June,Jun 2026,202606,24,8,Monday,2026,30,2026-06-30,False,False,False,False
20260609,2026-06-09,2026,2,Q2,6,June,Jun 2026,202606,24,9,Tuesday,2026,30,2026-06-30,False,False,False,False
20260610,2026-06-10,2026,2,Q2,6,June,Jun 2026,202606,24,10,Wednesday,2026,30,2026-06-30,False,False,False,False
20260611,2026-06-11,2026,2,Q2,6,June,Jun 2026,202606,24,11,Thursday,2026,30,2026-06-30,False,False,False,False
20260612,2026-06-12,2026,2,Q2,6,June,Jun 2026,202606,24,12,Friday,2026,30,2026-06-30,False,False,False,False
20260613,2026-06-13,2026,2,Q2,6,June,Jun 2026,202606,24,13,Saturday,2026,30,2026-06-30,True,False,False,False
20260614,2026-06-14,2026,2,Q2,6,June,Jun 2026,202606,24,14,Sunday,2026,30,2026-06-30,True,False,False,False
20260615,2026-06-15,2026,2,Q2,6,June,Jun 2026,202606,25,15,Monday,2026,30,2026-06-30,False,False,False,False
20260616,2026-06-16,2026,2,Q2,6,June,Jun 2026,202606,25,16,Tuesday,2026,30,2026-06-30,False,False,False,False
20260617,2026-06-17,2026,2,Q2,6,June,Jun 2026,202606,25,17,Wednesday,2026,30,2026-06-30,False,False,False,False
20260618,2026-06-18,2026,2,Q2,6,June,Jun 2026,202606,25,18,Thursday,2026,30,2026-06-30,False,False,False,False
20260619,2026-06-19,2026,2,Q2,6,June,Jun 2026,202606,25,19,Friday,2026,30,2026-06-30,False,False,False,False
20260620,2026-06-20,2026,2,Q2,6,June,Jun 2026,202606,25,20,Saturday,2026,30,2026-06-30,True,False,False,False
20260621,2026-06-21,2026,2,Q2,6,June,Jun 2026,202606,25,21,Sunday,2026,30,2026-06-30,True,False,False,False
20260622,2026-06-22,2026,2,Q2,6,June,Jun 2026,202606,26,22,Monday,2026,30,2026-06-30,False,False,False,False
20260623,2026-06-23,2026,2,Q2,6,June,Jun 2026,202606,26,23,Tuesday,2026,30,2026-06-30,False,False,False,False
20260624,2026-06-24,2026,2,Q2,6,June,Jun 2026,202606,26,24,Wednesday,2026,30,2026-06-30,False,False,False,False
20260625,2026-06-25,2026,2,Q2,6,June,Jun 2026,202606,26,25,Thursday,2026,30,2026-06-30,False,False,False,False
20260626,2026-06-26,2026,2,Q2,6,June,Jun 2026,202606,26,26,Friday,2026,30,2026-06-30,False,False,False,False
20260627,2026-06-27,2026,2,Q2,6,June,Jun 2026,202606,26,27,Saturday,2026,30,2026-06-30,True,False,False,False
20260628,2026-06-28,2026,2,Q2,6,June,Jun 2026,202606,26,28,Sunday,2026,30,2026-06-30,True,False,False,False
20260629,2026-06-29,2026,2,Q2,6,June,Jun 2026,202606,27,29,Monday,2026,30,2026-06-30,False,False,False,False
20260630,2026-06-30,2026,2,Q2,6,June,Jun 2026,202606,27,30,Tuesday,2026,30,2026-06-30,False,False,True,False
